suite,case,family,strategy,repeat,config_name,config,raw_outcome,final_classification,stop_reason,truncation,saw_unknown,root_outcome,proposals,unique_programs,verification_calls,cache_hits,states_explored,nodes,patch_len,accepted_chain_len,exit_code,wall_ms,replay_exit,replay_wall_ms,replay_ok,model_sha256,contract_sha256,binary_sha256,source_id,artifact_path,reused_from_previous
smoke,already_correct,smoke_dev,a,1,smoke,"{""candidate_budget"":64,""max_depth"":4,""max_total_edits"":4,""verification_budget"":64}",already_satisfied,already_satisfied,already-satisfied,,False,PASS,0,1,1,0,39,1,0,0,0,7,0,3,True,63c2c0c459dedd1504f29310d782afa36b26ba58040e55fb376ee8eff409a392,5bdfd94df3f343d43168df84191f4578f2c8115231068cca32b385acb7e4c90c,65a8f633f986e890d2e4256700db3ab62c1ee3b69418af30e61531b3c96b62c6,e8480c4a54840e68d7cf3a62c5075e4fc02e6966+dirty:e3b0c44298fc,/Users/kevin/local-repos/ConcIR/experiments/pilot-v1/raw/smoke/already_correct__smoke__a__r1/artifact.json,False
smoke,already_correct,smoke_dev,b,1,smoke,"{""candidate_budget"":64,""max_depth"":4,""max_total_edits"":4,""verification_budget"":64}",already_satisfied,already_satisfied,already-satisfied,,False,PASS,0,1,1,0,39,1,0,0,0,7,0,3,True,63c2c0c459dedd1504f29310d782afa36b26ba58040e55fb376ee8eff409a392,5bdfd94df3f343d43168df84191f4578f2c8115231068cca32b385acb7e4c90c,65a8f633f986e890d2e4256700db3ab62c1ee3b69418af30e61531b3c96b62c6,e8480c4a54840e68d7cf3a62c5075e4fc02e6966+dirty:e3b0c44298fc,/Users/kevin/local-repos/ConcIR/experiments/pilot-v1/raw/smoke/already_correct__smoke__b__r1/artifact.json,False
smoke,already_correct,smoke_dev,c,1,smoke,"{""candidate_budget"":64,""max_depth"":4,""max_total_edits"":4,""verification_budget"":64}",already_satisfied,already_satisfied,already-satisfied,,False,PASS,0,1,1,0,39,1,0,0,0,7,0,3,True,63c2c0c459dedd1504f29310d782afa36b26ba58040e55fb376ee8eff409a392,5bdfd94df3f343d43168df84191f4578f2c8115231068cca32b385acb7e4c90c,65a8f633f986e890d2e4256700db3ab62c1ee3b69418af30e61531b3c96b62c6,e8480c4a54840e68d7cf3a62c5075e4fc02e6966+dirty:e3b0c44298fc,/Users/kevin/local-repos/ConcIR/experiments/pilot-v1/raw/smoke/already_correct__smoke__c__r1/artifact.json,False
smoke,single_cycle,smoke_dev,a,1,smoke,"{""candidate_budget"":64,""max_depth"":4,""max_total_edits"":4,""verification_budget"":64}",repaired,repaired,solved,,False,FAIL,1,2,2,0,92,2,1,1,0,8,0,4,True,9674ddc7261cc7116ba6a06b2bc0a9b0272339dfbdeb1bf886a05382d5205141,5bdfd94df3f343d43168df84191f4578f2c8115231068cca32b385acb7e4c90c,65a8f633f986e890d2e4256700db3ab62c1ee3b69418af30e61531b3c96b62c6,e8480c4a54840e68d7cf3a62c5075e4fc02e6966+dirty:e3b0c44298fc,/Users/kevin/local-repos/ConcIR/experiments/pilot-v1/raw/smoke/single_cycle__smoke__a__r1/artifact.json,False
smoke,single_cycle,smoke_dev,b,1,smoke,"{""candidate_budget"":64,""max_depth"":4,""max_total_edits"":4,""verification_budget"":64}",repaired,repaired,solved,,False,FAIL,1,2,2,0,92,2,1,1,0,8,0,4,True,9674ddc7261cc7116ba6a06b2bc0a9b0272339dfbdeb1bf886a05382d5205141,5bdfd94df3f343d43168df84191f4578f2c8115231068cca32b385acb7e4c90c,65a8f633f986e890d2e4256700db3ab62c1ee3b69418af30e61531b3c96b62c6,e8480c4a54840e68d7cf3a62c5075e4fc02e6966+dirty:e3b0c44298fc,/Users/kevin/local-repos/ConcIR/experiments/pilot-v1/raw/smoke/single_cycle__smoke__b__r1/artifact.json,False
smoke,single_cycle,smoke_dev,c,1,smoke,"{""candidate_budget"":64,""max_depth"":4,""max_total_edits"":4,""verification_budget"":64}",repaired,repaired,solved,,False,FAIL,1,2,2,0,92,2,1,1,0,8,0,4,True,9674ddc7261cc7116ba6a06b2bc0a9b0272339dfbdeb1bf886a05382d5205141,5bdfd94df3f343d43168df84191f4578f2c8115231068cca32b385acb7e4c90c,65a8f633f986e890d2e4256700db3ab62c1ee3b69418af30e61531b3c96b62c6,e8480c4a54840e68d7cf3a62c5075e4fc02e6966+dirty:e3b0c44298fc,/Users/kevin/local-repos/ConcIR/experiments/pilot-v1/raw/smoke/single_cycle__smoke__c__r1/artifact.json,False
smoke,two_cycles,smoke_dev,a,1,smoke,"{""candidate_budget"":64,""max_depth"":4,""max_total_edits"":4,""verification_budget"":64}",no_acceptable_candidate,no_acceptable_candidate,no-acceptable-candidate,,False,FAIL,4,5,5,0,9927,5,0,0,1,232,0,277,True,9d43e80c423b713db3df0261337c698f9ff59312f25f3160bd700a6a698694ed,54be59bd1274fbec6add210ea8c748c528b8e07951434cd3d4c7cd549879689b,65a8f633f986e890d2e4256700db3ab62c1ee3b69418af30e61531b3c96b62c6,e8480c4a54840e68d7cf3a62c5075e4fc02e6966+dirty:e3b0c44298fc,/Users/kevin/local-repos/ConcIR/experiments/pilot-v1/raw/smoke/two_cycles__smoke__a__r1/artifact.json,False
smoke,two_cycles,smoke_dev,b,1,smoke,"{""candidate_budget"":64,""max_depth"":4,""max_total_edits"":4,""verification_budget"":64}",repaired,repaired,solved,,False,FAIL,7,7,7,1,13445,7,2,2,0,312,0,393,True,9d43e80c423b713db3df0261337c698f9ff59312f25f3160bd700a6a698694ed,54be59bd1274fbec6add210ea8c748c528b8e07951434cd3d4c7cd549879689b,65a8f633f986e890d2e4256700db3ab62c1ee3b69418af30e61531b3c96b62c6,e8480c4a54840e68d7cf3a62c5075e4fc02e6966+dirty:e3b0c44298fc,/Users/kevin/local-repos/ConcIR/experiments/pilot-v1/raw/smoke/two_cycles__smoke__b__r1/artifact.json,False
smoke,two_cycles,smoke_dev,c,1,smoke,"{""candidate_budget"":64,""max_depth"":4,""max_total_edits"":4,""verification_budget"":64}",repaired,repaired,solved,,False,FAIL,5,6,6,0,11610,6,2,2,0,270,0,349,True,9d43e80c423b713db3df0261337c698f9ff59312f25f3160bd700a6a698694ed,54be59bd1274fbec6add210ea8c748c528b8e07951434cd3d4c7cd549879689b,65a8f633f986e890d2e4256700db3ab62c1ee3b69418af30e61531b3c96b62c6,e8480c4a54840e68d7cf3a62c5075e4fc02e6966+dirty:e3b0c44298fc,/Users/kevin/local-repos/ConcIR/experiments/pilot-v1/raw/smoke/two_cycles__smoke__c__r1/artifact.json,False
smoke,cross_module_two_cycles,smoke_dev,a,1,smoke,"{""candidate_budget"":64,""max_depth"":4,""max_total_edits"":4,""verification_budget"":64}",no_acceptable_candidate,no_acceptable_candidate,no-acceptable-candidate,,False,FAIL,4,5,5,0,9927,5,0,0,1,231,0,276,True,97561e857d868faf4b20349f5823a541e890acc371f99eca20a8c27eff29d3ad,d11bab83c507d8c633a685a2c6f36a910dcea197ffb2791238ad54f50f42cbd4,65a8f633f986e890d2e4256700db3ab62c1ee3b69418af30e61531b3c96b62c6,e8480c4a54840e68d7cf3a62c5075e4fc02e6966+dirty:e3b0c44298fc,/Users/kevin/local-repos/ConcIR/experiments/pilot-v1/raw/smoke/cross_module_two_cycles__smoke__a__r1/artifact.json,False
smoke,cross_module_two_cycles,smoke_dev,b,1,smoke,"{""candidate_budget"":64,""max_depth"":4,""max_total_edits"":4,""verification_budget"":64}",repaired,repaired,solved,,False,FAIL,7,7,7,1,13445,7,2,2,0,308,0,391,True,97561e857d868faf4b20349f5823a541e890acc371f99eca20a8c27eff29d3ad,d11bab83c507d8c633a685a2c6f36a910dcea197ffb2791238ad54f50f42cbd4,65a8f633f986e890d2e4256700db3ab62c1ee3b69418af30e61531b3c96b62c6,e8480c4a54840e68d7cf3a62c5075e4fc02e6966+dirty:e3b0c44298fc,/Users/kevin/local-repos/ConcIR/experiments/pilot-v1/raw/smoke/cross_module_two_cycles__smoke__b__r1/artifact.json,False
smoke,cross_module_two_cycles,smoke_dev,c,1,smoke,"{""candidate_budget"":64,""max_depth"":4,""max_total_edits"":4,""verification_budget"":64}",repaired,repaired,solved,,False,FAIL,5,6,6,0,11610,6,2,2,0,269,0,348,True,97561e857d868faf4b20349f5823a541e890acc371f99eca20a8c27eff29d3ad,d11bab83c507d8c633a685a2c6f36a910dcea197ffb2791238ad54f50f42cbd4,65a8f633f986e890d2e4256700db3ab62c1ee3b69418af30e61531b3c96b62c6,e8480c4a54840e68d7cf3a62c5075e4fc02e6966+dirty:e3b0c44298fc,/Users/kevin/local-repos/ConcIR/experiments/pilot-v1/raw/smoke/cross_module_two_cycles__smoke__c__r1/artifact.json,False
smoke,forbidden_scope,smoke_dev,a,1,smoke,"{""candidate_budget"":64,""max_depth"":4,""max_total_edits"":4,""verification_budget"":64}",no_acceptable_candidate,no_acceptable_candidate,no-acceptable-candidate,,False,FAIL,0,1,1,0,49,1,0,0,1,7,0,3,True,9674ddc7261cc7116ba6a06b2bc0a9b0272339dfbdeb1bf886a05382d5205141,3a14840a37947790899efbdcc6056f3e21e3193b21810d151cd666d97c5e2696,65a8f633f986e890d2e4256700db3ab62c1ee3b69418af30e61531b3c96b62c6,e8480c4a54840e68d7cf3a62c5075e4fc02e6966+dirty:e3b0c44298fc,/Users/kevin/local-repos/ConcIR/experiments/pilot-v1/raw/smoke/forbidden_scope__smoke__a__r1/artifact.json,False
smoke,forbidden_scope,smoke_dev,b,1,smoke,"{""candidate_budget"":64,""max_depth"":4,""max_total_edits"":4,""verification_budget"":64}",no_acceptable_candidate,no_acceptable_candidate,no-acceptable-candidate,,False,FAIL,0,1,1,0,49,1,0,0,1,7,0,3,True,9674ddc7261cc7116ba6a06b2bc0a9b0272339dfbdeb1bf886a05382d5205141,3a14840a37947790899efbdcc6056f3e21e3193b21810d151cd666d97c5e2696,65a8f633f986e890d2e4256700db3ab62c1ee3b69418af30e61531b3c96b62c6,e8480c4a54840e68d7cf3a62c5075e4fc02e6966+dirty:e3b0c44298fc,/Users/kevin/local-repos/ConcIR/experiments/pilot-v1/raw/smoke/forbidden_scope__smoke__b__r1/artifact.json,False
smoke,forbidden_scope,smoke_dev,c,1,smoke,"{""candidate_budget"":64,""max_depth"":4,""max_total_edits"":4,""verification_budget"":64}",no_acceptable_candidate,no_acceptable_candidate,no-acceptable-candidate,,False,FAIL,0,1,1,0,49,1,0,0,1,7,0,3,True,9674ddc7261cc7116ba6a06b2bc0a9b0272339dfbdeb1bf886a05382d5205141,3a14840a37947790899efbdcc6056f3e21e3193b21810d151cd666d97c5e2696,65a8f633f986e890d2e4256700db3ab62c1ee3b69418af30e61531b3c96b62c6,e8480c4a54840e68d7cf3a62c5075e4fc02e6966+dirty:e3b0c44298fc,/Users/kevin/local-repos/ConcIR/experiments/pilot-v1/raw/smoke/forbidden_scope__smoke__c__r1/artifact.json,False
smoke,preserved_unfixable,smoke_dev,a,1,smoke,"{""candidate_budget"":64,""max_depth"":4,""max_total_edits"":4,""verification_budget"":64}",no_acceptable_candidate,no_acceptable_candidate,no-acceptable-candidate,,False,FAIL,2,3,3,0,135,3,0,0,1,8,0,4,True,35b577c051612868d253932bc7f99c580418d7e454a714bb62f04f69afec6dad,8293c14b02541480e75be45492271b968f201008b20cbf7fa357b0b876a84889,65a8f633f986e890d2e4256700db3ab62c1ee3b69418af30e61531b3c96b62c6,e8480c4a54840e68d7cf3a62c5075e4fc02e6966+dirty:e3b0c44298fc,/Users/kevin/local-repos/ConcIR/experiments/pilot-v1/raw/smoke/preserved_unfixable__smoke__a__r1/artifact.json,False
smoke,preserved_unfixable,smoke_dev,b,1,smoke,"{""candidate_budget"":64,""max_depth"":4,""max_total_edits"":4,""verification_budget"":64}",no_acceptable_candidate,no_acceptable_candidate,no-acceptable-candidate,,False,FAIL,8,4,4,5,176,4,0,0,1,9,0,5,True,35b577c051612868d253932bc7f99c580418d7e454a714bb62f04f69afec6dad,8293c14b02541480e75be45492271b968f201008b20cbf7fa357b0b876a84889,65a8f633f986e890d2e4256700db3ab62c1ee3b69418af30e61531b3c96b62c6,e8480c4a54840e68d7cf3a62c5075e4fc02e6966+dirty:e3b0c44298fc,/Users/kevin/local-repos/ConcIR/experiments/pilot-v1/raw/smoke/preserved_unfixable__smoke__b__r1/artifact.json,False
smoke,preserved_unfixable,smoke_dev,c,1,smoke,"{""candidate_budget"":64,""max_depth"":4,""max_total_edits"":4,""verification_budget"":64}",no_acceptable_candidate,no_acceptable_candidate,no-acceptable-candidate,,False,FAIL,8,4,4,5,176,4,0,0,1,9,0,5,True,35b577c051612868d253932bc7f99c580418d7e454a714bb62f04f69afec6dad,8293c14b02541480e75be45492271b968f201008b20cbf7fa357b0b876a84889,65a8f633f986e890d2e4256700db3ab62c1ee3b69418af30e61531b3c96b62c6,e8480c4a54840e68d7cf3a62c5075e4fc02e6966+dirty:e3b0c44298fc,/Users/kevin/local-repos/ConcIR/experiments/pilot-v1/raw/smoke/preserved_unfixable__smoke__c__r1/artifact.json,False
smoke,no_lock_candidate,smoke_dev,a,1,smoke,"{""candidate_budget"":64,""max_depth"":4,""max_total_edits"":4,""verification_budget"":64}",no_acceptable_candidate,no_acceptable_candidate,no-acceptable-candidate,,False,FAIL,0,1,1,0,5,1,0,0,1,6,0,2,True,9ccc4d4e0dac86e35637ca75f8cfaf8e08b27f6c67512b8346fc7bd9a72cfdf8,0e2cf45274ebf9175ae37b498cb62227063c8ebc9391185d843ea6eeac90d054,65a8f633f986e890d2e4256700db3ab62c1ee3b69418af30e61531b3c96b62c6,e8480c4a54840e68d7cf3a62c5075e4fc02e6966+dirty:e3b0c44298fc,/Users/kevin/local-repos/ConcIR/experiments/pilot-v1/raw/smoke/no_lock_candidate__smoke__a__r1/artifact.json,False
smoke,no_lock_candidate,smoke_dev,b,1,smoke,"{""candidate_budget"":64,""max_depth"":4,""max_total_edits"":4,""verification_budget"":64}",no_acceptable_candidate,no_acceptable_candidate,no-acceptable-candidate,,False,FAIL,0,1,1,0,5,1,0,0,1,9,0,2,True,9ccc4d4e0dac86e35637ca75f8cfaf8e08b27f6c67512b8346fc7bd9a72cfdf8,0e2cf45274ebf9175ae37b498cb62227063c8ebc9391185d843ea6eeac90d054,65a8f633f986e890d2e4256700db3ab62c1ee3b69418af30e61531b3c96b62c6,e8480c4a54840e68d7cf3a62c5075e4fc02e6966+dirty:e3b0c44298fc,/Users/kevin/local-repos/ConcIR/experiments/pilot-v1/raw/smoke/no_lock_candidate__smoke__b__r1/artifact.json,False
smoke,no_lock_candidate,smoke_dev,c,1,smoke,"{""candidate_budget"":64,""max_depth"":4,""max_total_edits"":4,""verification_budget"":64}",no_acceptable_candidate,no_acceptable_candidate,no-acceptable-candidate,,False,FAIL,0,1,1,0,5,1,0,0,1,7,0,3,True,9ccc4d4e0dac86e35637ca75f8cfaf8e08b27f6c67512b8346fc7bd9a72cfdf8,0e2cf45274ebf9175ae37b498cb62227063c8ebc9391185d843ea6eeac90d054,65a8f633f986e890d2e4256700db3ab62c1ee3b69418af30e61531b3c96b62c6,e8480c4a54840e68d7cf3a62c5075e4fc02e6966+dirty:e3b0c44298fc,/Users/kevin/local-repos/ConcIR/experiments/pilot-v1/raw/smoke/no_lock_candidate__smoke__c__r1/artifact.json,False
smoke,budget_truncated,smoke_dev,a,1,smoke,"{""candidate_budget"":1,""max_depth"":4,""max_total_edits"":4,""verification_budget"":64}",budget_exhausted,budget_exhausted,candidate-budget,,False,FAIL,1,2,2,0,4140,2,0,0,1,104,0,149,True,9d43e80c423b713db3df0261337c698f9ff59312f25f3160bd700a6a698694ed,54be59bd1274fbec6add210ea8c748c528b8e07951434cd3d4c7cd549879689b,65a8f633f986e890d2e4256700db3ab62c1ee3b69418af30e61531b3c96b62c6,e8480c4a54840e68d7cf3a62c5075e4fc02e6966+dirty:e3b0c44298fc,/Users/kevin/local-repos/ConcIR/experiments/pilot-v1/raw/smoke/budget_truncated__smoke__a__r1/artifact.json,False
smoke,budget_truncated,smoke_dev,b,1,smoke,"{""candidate_budget"":1,""max_depth"":4,""max_total_edits"":4,""verification_budget"":64}",budget_exhausted,budget_exhausted,candidate-budget,,False,FAIL,1,2,2,0,4140,2,0,0,1,105,0,150,True,9d43e80c423b713db3df0261337c698f9ff59312f25f3160bd700a6a698694ed,54be59bd1274fbec6add210ea8c748c528b8e07951434cd3d4c7cd549879689b,65a8f633f986e890d2e4256700db3ab62c1ee3b69418af30e61531b3c96b62c6,e8480c4a54840e68d7cf3a62c5075e4fc02e6966+dirty:e3b0c44298fc,/Users/kevin/local-repos/ConcIR/experiments/pilot-v1/raw/smoke/budget_truncated__smoke__b__r1/artifact.json,False
smoke,budget_truncated,smoke_dev,c,1,smoke,"{""candidate_budget"":1,""max_depth"":4,""max_total_edits"":4,""verification_budget"":64}",budget_exhausted,budget_exhausted,candidate-budget,,False,FAIL,1,2,2,0,4140,2,0,0,1,104,0,150,True,9d43e80c423b713db3df0261337c698f9ff59312f25f3160bd700a6a698694ed,54be59bd1274fbec6add210ea8c748c528b8e07951434cd3d4c7cd549879689b,65a8f633f986e890d2e4256700db3ab62c1ee3b69418af30e61531b3c96b62c6,e8480c4a54840e68d7cf3a62c5075e4fc02e6966+dirty:e3b0c44298fc,/Users/kevin/local-repos/ConcIR/experiments/pilot-v1/raw/smoke/budget_truncated__smoke__c__r1/artifact.json,False
pilot,p1_same,one_defect,a,1,main,"{""candidate_budget"":64,""max_depth"":4,""max_total_edits"":4,""verification_budget"":64}",repaired,repaired,solved,,False,FAIL,1,2,2,0,92,2,1,1,0,8,0,4,True,0dbff9d6f59e1ba381a8c33531742644fc6223ad8a2f07cebb947dac875db341,ae33c92e15daa342c4db81578e81d5a132a3ac24c6eea22cf88ae0c3b49407ac,65a8f633f986e890d2e4256700db3ab62c1ee3b69418af30e61531b3c96b62c6,e8480c4a54840e68d7cf3a62c5075e4fc02e6966+dirty:e3b0c44298fc,/Users/kevin/local-repos/ConcIR/experiments/pilot-v1/raw/pilot/p1_same__main__a__r1/artifact.json,False
pilot,p1_same,one_defect,a,2,main,"{""candidate_budget"":64,""max_depth"":4,""max_total_edits"":4,""verification_budget"":64}",repaired,repaired,solved,,False,FAIL,1,2,2,0,92,2,1,1,0,8,0,4,True,0dbff9d6f59e1ba381a8c33531742644fc6223ad8a2f07cebb947dac875db341,ae33c92e15daa342c4db81578e81d5a132a3ac24c6eea22cf88ae0c3b49407ac,65a8f633f986e890d2e4256700db3ab62c1ee3b69418af30e61531b3c96b62c6,e8480c4a54840e68d7cf3a62c5075e4fc02e6966+dirty:e3b0c44298fc,/Users/kevin/local-repos/ConcIR/experiments/pilot-v1/raw/pilot/p1_same__main__a__r2/artifact.json,False
pilot,p1_same,one_defect,a,3,main,"{""candidate_budget"":64,""max_depth"":4,""max_total_edits"":4,""verification_budget"":64}",repaired,repaired,solved,,False,FAIL,1,2,2,0,92,2,1,1,0,8,0,4,True,0dbff9d6f59e1ba381a8c33531742644fc6223ad8a2f07cebb947dac875db341,ae33c92e15daa342c4db81578e81d5a132a3ac24c6eea22cf88ae0c3b49407ac,65a8f633f986e890d2e4256700db3ab62c1ee3b69418af30e61531b3c96b62c6,e8480c4a54840e68d7cf3a62c5075e4fc02e6966+dirty:e3b0c44298fc,/Users/kevin/local-repos/ConcIR/experiments/pilot-v1/raw/pilot/p1_same__main__a__r3/artifact.json,False
pilot,p1_same,one_defect,a,1,tight,"{""candidate_budget"":8,""max_depth"":1,""max_total_edits"":1,""verification_budget"":4}",repaired,repaired,solved,,False,FAIL,1,2,2,0,92,2,1,1,0,8,0,4,True,0dbff9d6f59e1ba381a8c33531742644fc6223ad8a2f07cebb947dac875db341,ae33c92e15daa342c4db81578e81d5a132a3ac24c6eea22cf88ae0c3b49407ac,65a8f633f986e890d2e4256700db3ab62c1ee3b69418af30e61531b3c96b62c6,e8480c4a54840e68d7cf3a62c5075e4fc02e6966+dirty:e3b0c44298fc,/Users/kevin/local-repos/ConcIR/experiments/pilot-v1/raw/pilot/p1_same__tight__a__r1/artifact.json,False
pilot,p1_same,one_defect,b,1,main,"{""candidate_budget"":64,""max_depth"":4,""max_total_edits"":4,""verification_budget"":64}",repaired,repaired,solved,,False,FAIL,1,2,2,0,92,2,1,1,0,7,0,4,True,0dbff9d6f59e1ba381a8c33531742644fc6223ad8a2f07cebb947dac875db341,ae33c92e15daa342c4db81578e81d5a132a3ac24c6eea22cf88ae0c3b49407ac,65a8f633f986e890d2e4256700db3ab62c1ee3b69418af30e61531b3c96b62c6,e8480c4a54840e68d7cf3a62c5075e4fc02e6966+dirty:e3b0c44298fc,/Users/kevin/local-repos/ConcIR/experiments/pilot-v1/raw/pilot/p1_same__main__b__r1/artifact.json,False
pilot,p1_same,one_defect,b,2,main,"{""candidate_budget"":64,""max_depth"":4,""max_total_edits"":4,""verification_budget"":64}",repaired,repaired,solved,,False,FAIL,1,2,2,0,92,2,1,1,0,7,0,4,True,0dbff9d6f59e1ba381a8c33531742644fc6223ad8a2f07cebb947dac875db341,ae33c92e15daa342c4db81578e81d5a132a3ac24c6eea22cf88ae0c3b49407ac,65a8f633f986e890d2e4256700db3ab62c1ee3b69418af30e61531b3c96b62c6,e8480c4a54840e68d7cf3a62c5075e4fc02e6966+dirty:e3b0c44298fc,/Users/kevin/local-repos/ConcIR/experiments/pilot-v1/raw/pilot/p1_same__main__b__r2/artifact.json,False
pilot,p1_same,one_defect,b,3,main,"{""candidate_budget"":64,""max_depth"":4,""max_total_edits"":4,""verification_budget"":64}",repaired,repaired,solved,,False,FAIL,1,2,2,0,92,2,1,1,0,8,0,4,True,0dbff9d6f59e1ba381a8c33531742644fc6223ad8a2f07cebb947dac875db341,ae33c92e15daa342c4db81578e81d5a132a3ac24c6eea22cf88ae0c3b49407ac,65a8f633f986e890d2e4256700db3ab62c1ee3b69418af30e61531b3c96b62c6,e8480c4a54840e68d7cf3a62c5075e4fc02e6966+dirty:e3b0c44298fc,/Users/kevin/local-repos/ConcIR/experiments/pilot-v1/raw/pilot/p1_same__main__b__r3/artifact.json,False
pilot,p1_same,one_defect,b,1,tight,"{""candidate_budget"":8,""max_depth"":1,""max_total_edits"":1,""verification_budget"":4}",repaired,repaired,solved,,False,FAIL,1,2,2,0,92,2,1,1,0,8,0,4,True,0dbff9d6f59e1ba381a8c33531742644fc6223ad8a2f07cebb947dac875db341,ae33c92e15daa342c4db81578e81d5a132a3ac24c6eea22cf88ae0c3b49407ac,65a8f633f986e890d2e4256700db3ab62c1ee3b69418af30e61531b3c96b62c6,e8480c4a54840e68d7cf3a62c5075e4fc02e6966+dirty:e3b0c44298fc,/Users/kevin/local-repos/ConcIR/experiments/pilot-v1/raw/pilot/p1_same__tight__b__r1/artifact.json,False
pilot,p1_same,one_defect,c,1,main,"{""candidate_budget"":64,""max_depth"":4,""max_total_edits"":4,""verification_budget"":64}",repaired,repaired,solved,,False,FAIL,1,2,2,0,92,2,1,1,0,8,0,4,True,0dbff9d6f59e1ba381a8c33531742644fc6223ad8a2f07cebb947dac875db341,ae33c92e15daa342c4db81578e81d5a132a3ac24c6eea22cf88ae0c3b49407ac,65a8f633f986e890d2e4256700db3ab62c1ee3b69418af30e61531b3c96b62c6,e8480c4a54840e68d7cf3a62c5075e4fc02e6966+dirty:e3b0c44298fc,/Users/kevin/local-repos/ConcIR/experiments/pilot-v1/raw/pilot/p1_same__main__c__r1/artifact.json,False
pilot,p1_same,one_defect,c,2,main,"{""candidate_budget"":64,""max_depth"":4,""max_total_edits"":4,""verification_budget"":64}",repaired,repaired,solved,,False,FAIL,1,2,2,0,92,2,1,1,0,7,0,4,True,0dbff9d6f59e1ba381a8c33531742644fc6223ad8a2f07cebb947dac875db341,ae33c92e15daa342c4db81578e81d5a132a3ac24c6eea22cf88ae0c3b49407ac,65a8f633f986e890d2e4256700db3ab62c1ee3b69418af30e61531b3c96b62c6,e8480c4a54840e68d7cf3a62c5075e4fc02e6966+dirty:e3b0c44298fc,/Users/kevin/local-repos/ConcIR/experiments/pilot-v1/raw/pilot/p1_same__main__c__r2/artifact.json,False
pilot,p1_same,one_defect,c,3,main,"{""candidate_budget"":64,""max_depth"":4,""max_total_edits"":4,""verification_budget"":64}",repaired,repaired,solved,,False,FAIL,1,2,2,0,92,2,1,1,0,7,0,4,True,0dbff9d6f59e1ba381a8c33531742644fc6223ad8a2f07cebb947dac875db341,ae33c92e15daa342c4db81578e81d5a132a3ac24c6eea22cf88ae0c3b49407ac,65a8f633f986e890d2e4256700db3ab62c1ee3b69418af30e61531b3c96b62c6,e8480c4a54840e68d7cf3a62c5075e4fc02e6966+dirty:e3b0c44298fc,/Users/kevin/local-repos/ConcIR/experiments/pilot-v1/raw/pilot/p1_same__main__c__r3/artifact.json,False
pilot,p1_same,one_defect,c,1,tight,"{""candidate_budget"":8,""max_depth"":1,""max_total_edits"":1,""verification_budget"":4}",repaired,repaired,solved,,False,FAIL,1,2,2,0,92,2,1,1,0,7,0,4,True,0dbff9d6f59e1ba381a8c33531742644fc6223ad8a2f07cebb947dac875db341,ae33c92e15daa342c4db81578e81d5a132a3ac24c6eea22cf88ae0c3b49407ac,65a8f633f986e890d2e4256700db3ab62c1ee3b69418af30e61531b3c96b62c6,e8480c4a54840e68d7cf3a62c5075e4fc02e6966+dirty:e3b0c44298fc,/Users/kevin/local-repos/ConcIR/experiments/pilot-v1/raw/pilot/p1_same__tight__c__r1/artifact.json,False
pilot,p1_cross,one_defect,a,1,main,"{""candidate_budget"":64,""max_depth"":4,""max_total_edits"":4,""verification_budget"":64}",repaired,repaired,solved,,False,FAIL,1,2,2,0,92,2,1,1,0,7,0,4,True,7c9fef404ddb1d3e9cfc3c58b6e7efa47fdddb5a64d7e4d8ff9aa5d2aa804ce0,44ce09ff05f04a83c2cb86e468f4031d94f21c869e2d2aa28bb6e6502d3a1590,65a8f633f986e890d2e4256700db3ab62c1ee3b69418af30e61531b3c96b62c6,e8480c4a54840e68d7cf3a62c5075e4fc02e6966+dirty:e3b0c44298fc,/Users/kevin/local-repos/ConcIR/experiments/pilot-v1/raw/pilot/p1_cross__main__a__r1/artifact.json,False
pilot,p1_cross,one_defect,a,2,main,"{""candidate_budget"":64,""max_depth"":4,""max_total_edits"":4,""verification_budget"":64}",repaired,repaired,solved,,False,FAIL,1,2,2,0,92,2,1,1,0,7,0,4,True,7c9fef404ddb1d3e9cfc3c58b6e7efa47fdddb5a64d7e4d8ff9aa5d2aa804ce0,44ce09ff05f04a83c2cb86e468f4031d94f21c869e2d2aa28bb6e6502d3a1590,65a8f633f986e890d2e4256700db3ab62c1ee3b69418af30e61531b3c96b62c6,e8480c4a54840e68d7cf3a62c5075e4fc02e6966+dirty:e3b0c44298fc,/Users/kevin/local-repos/ConcIR/experiments/pilot-v1/raw/pilot/p1_cross__main__a__r2/artifact.json,False
pilot,p1_cross,one_defect,a,3,main,"{""candidate_budget"":64,""max_depth"":4,""max_total_edits"":4,""verification_budget"":64}",repaired,repaired,solved,,False,FAIL,1,2,2,0,92,2,1,1,0,8,0,4,True,7c9fef404ddb1d3e9cfc3c58b6e7efa47fdddb5a64d7e4d8ff9aa5d2aa804ce0,44ce09ff05f04a83c2cb86e468f4031d94f21c869e2d2aa28bb6e6502d3a1590,65a8f633f986e890d2e4256700db3ab62c1ee3b69418af30e61531b3c96b62c6,e8480c4a54840e68d7cf3a62c5075e4fc02e6966+dirty:e3b0c44298fc,/Users/kevin/local-repos/ConcIR/experiments/pilot-v1/raw/pilot/p1_cross__main__a__r3/artifact.json,False
pilot,p1_cross,one_defect,a,1,tight,"{""candidate_budget"":8,""max_depth"":1,""max_total_edits"":1,""verification_budget"":4}",repaired,repaired,solved,,False,FAIL,1,2,2,0,92,2,1,1,0,7,0,4,True,7c9fef404ddb1d3e9cfc3c58b6e7efa47fdddb5a64d7e4d8ff9aa5d2aa804ce0,44ce09ff05f04a83c2cb86e468f4031d94f21c869e2d2aa28bb6e6502d3a1590,65a8f633f986e890d2e4256700db3ab62c1ee3b69418af30e61531b3c96b62c6,e8480c4a54840e68d7cf3a62c5075e4fc02e6966+dirty:e3b0c44298fc,/Users/kevin/local-repos/ConcIR/experiments/pilot-v1/raw/pilot/p1_cross__tight__a__r1/artifact.json,False
pilot,p1_cross,one_defect,b,1,main,"{""candidate_budget"":64,""max_depth"":4,""max_total_edits"":4,""verification_budget"":64}",repaired,repaired,solved,,False,FAIL,1,2,2,0,92,2,1,1,0,8,0,4,True,7c9fef404ddb1d3e9cfc3c58b6e7efa47fdddb5a64d7e4d8ff9aa5d2aa804ce0,44ce09ff05f04a83c2cb86e468f4031d94f21c869e2d2aa28bb6e6502d3a1590,65a8f633f986e890d2e4256700db3ab62c1ee3b69418af30e61531b3c96b62c6,e8480c4a54840e68d7cf3a62c5075e4fc02e6966+dirty:e3b0c44298fc,/Users/kevin/local-repos/ConcIR/experiments/pilot-v1/raw/pilot/p1_cross__main__b__r1/artifact.json,False
pilot,p1_cross,one_defect,b,2,main,"{""candidate_budget"":64,""max_depth"":4,""max_total_edits"":4,""verification_budget"":64}",repaired,repaired,solved,,False,FAIL,1,2,2,0,92,2,1,1,0,7,0,4,True,7c9fef404ddb1d3e9cfc3c58b6e7efa47fdddb5a64d7e4d8ff9aa5d2aa804ce0,44ce09ff05f04a83c2cb86e468f4031d94f21c869e2d2aa28bb6e6502d3a1590,65a8f633f986e890d2e4256700db3ab62c1ee3b69418af30e61531b3c96b62c6,e8480c4a54840e68d7cf3a62c5075e4fc02e6966+dirty:e3b0c44298fc,/Users/kevin/local-repos/ConcIR/experiments/pilot-v1/raw/pilot/p1_cross__main__b__r2/artifact.json,False
pilot,p1_cross,one_defect,b,3,main,"{""candidate_budget"":64,""max_depth"":4,""max_total_edits"":4,""verification_budget"":64}",repaired,repaired,solved,,False,FAIL,1,2,2,0,92,2,1,1,0,8,0,4,True,7c9fef404ddb1d3e9cfc3c58b6e7efa47fdddb5a64d7e4d8ff9aa5d2aa804ce0,44ce09ff05f04a83c2cb86e468f4031d94f21c869e2d2aa28bb6e6502d3a1590,65a8f633f986e890d2e4256700db3ab62c1ee3b69418af30e61531b3c96b62c6,e8480c4a54840e68d7cf3a62c5075e4fc02e6966+dirty:e3b0c44298fc,/Users/kevin/local-repos/ConcIR/experiments/pilot-v1/raw/pilot/p1_cross__main__b__r3/artifact.json,False
pilot,p1_cross,one_defect,b,1,tight,"{""candidate_budget"":8,""max_depth"":1,""max_total_edits"":1,""verification_budget"":4}",repaired,repaired,solved,,False,FAIL,1,2,2,0,92,2,1,1,0,8,0,4,True,7c9fef404ddb1d3e9cfc3c58b6e7efa47fdddb5a64d7e4d8ff9aa5d2aa804ce0,44ce09ff05f04a83c2cb86e468f4031d94f21c869e2d2aa28bb6e6502d3a1590,65a8f633f986e890d2e4256700db3ab62c1ee3b69418af30e61531b3c96b62c6,e8480c4a54840e68d7cf3a62c5075e4fc02e6966+dirty:e3b0c44298fc,/Users/kevin/local-repos/ConcIR/experiments/pilot-v1/raw/pilot/p1_cross__tight__b__r1/artifact.json,False
pilot,p1_cross,one_defect,c,1,main,"{""candidate_budget"":64,""max_depth"":4,""max_total_edits"":4,""verification_budget"":64}",repaired,repaired,solved,,False,FAIL,1,2,2,0,92,2,1,1,0,8,0,4,True,7c9fef404ddb1d3e9cfc3c58b6e7efa47fdddb5a64d7e4d8ff9aa5d2aa804ce0,44ce09ff05f04a83c2cb86e468f4031d94f21c869e2d2aa28bb6e6502d3a1590,65a8f633f986e890d2e4256700db3ab62c1ee3b69418af30e61531b3c96b62c6,e8480c4a54840e68d7cf3a62c5075e4fc02e6966+dirty:e3b0c44298fc,/Users/kevin/local-repos/ConcIR/experiments/pilot-v1/raw/pilot/p1_cross__main__c__r1/artifact.json,False
pilot,p1_cross,one_defect,c,2,main,"{""candidate_budget"":64,""max_depth"":4,""max_total_edits"":4,""verification_budget"":64}",repaired,repaired,solved,,False,FAIL,1,2,2,0,92,2,1,1,0,7,0,4,True,7c9fef404ddb1d3e9cfc3c58b6e7efa47fdddb5a64d7e4d8ff9aa5d2aa804ce0,44ce09ff05f04a83c2cb86e468f4031d94f21c869e2d2aa28bb6e6502d3a1590,65a8f633f986e890d2e4256700db3ab62c1ee3b69418af30e61531b3c96b62c6,e8480c4a54840e68d7cf3a62c5075e4fc02e6966+dirty:e3b0c44298fc,/Users/kevin/local-repos/ConcIR/experiments/pilot-v1/raw/pilot/p1_cross__main__c__r2/artifact.json,False
pilot,p1_cross,one_defect,c,3,main,"{""candidate_budget"":64,""max_depth"":4,""max_total_edits"":4,""verification_budget"":64}",repaired,repaired,solved,,False,FAIL,1,2,2,0,92,2,1,1,0,7,0,4,True,7c9fef404ddb1d3e9cfc3c58b6e7efa47fdddb5a64d7e4d8ff9aa5d2aa804ce0,44ce09ff05f04a83c2cb86e468f4031d94f21c869e2d2aa28bb6e6502d3a1590,65a8f633f986e890d2e4256700db3ab62c1ee3b69418af30e61531b3c96b62c6,e8480c4a54840e68d7cf3a62c5075e4fc02e6966+dirty:e3b0c44298fc,/Users/kevin/local-repos/ConcIR/experiments/pilot-v1/raw/pilot/p1_cross__main__c__r3/artifact.json,False
pilot,p1_cross,one_defect,c,1,tight,"{""candidate_budget"":8,""max_depth"":1,""max_total_edits"":1,""verification_budget"":4}",repaired,repaired,solved,,False,FAIL,1,2,2,0,92,2,1,1,0,7,0,4,True,7c9fef404ddb1d3e9cfc3c58b6e7efa47fdddb5a64d7e4d8ff9aa5d2aa804ce0,44ce09ff05f04a83c2cb86e468f4031d94f21c869e2d2aa28bb6e6502d3a1590,65a8f633f986e890d2e4256700db3ab62c1ee3b69418af30e61531b3c96b62c6,e8480c4a54840e68d7cf3a62c5075e4fc02e6966+dirty:e3b0c44298fc,/Users/kevin/local-repos/ConcIR/experiments/pilot-v1/raw/pilot/p1_cross__tight__c__r1/artifact.json,False
pilot,p2_same,two_defects,a,1,main,"{""candidate_budget"":64,""max_depth"":4,""max_total_edits"":4,""verification_budget"":64}",no_acceptable_candidate,no_acceptable_candidate,no-acceptable-candidate,,False,FAIL,4,5,5,0,9927,5,0,0,1,232,0,277,True,55f219183fbc236d9e6c9b159b4805d7596a0dee03fe0a5669175067c008768b,f86965090ed6120492bfcf6787048bcdabff9048f2f0e9085a9bea877a5adfff,65a8f633f986e890d2e4256700db3ab62c1ee3b69418af30e61531b3c96b62c6,e8480c4a54840e68d7cf3a62c5075e4fc02e6966+dirty:e3b0c44298fc,/Users/kevin/local-repos/ConcIR/experiments/pilot-v1/raw/pilot/p2_same__main__a__r1/artifact.json,False
pilot,p2_same,two_defects,a,2,main,"{""candidate_budget"":64,""max_depth"":4,""max_total_edits"":4,""verification_budget"":64}",no_acceptable_candidate,no_acceptable_candidate,no-acceptable-candidate,,False,FAIL,4,5,5,0,9927,5,0,0,1,233,0,278,True,55f219183fbc236d9e6c9b159b4805d7596a0dee03fe0a5669175067c008768b,f86965090ed6120492bfcf6787048bcdabff9048f2f0e9085a9bea877a5adfff,65a8f633f986e890d2e4256700db3ab62c1ee3b69418af30e61531b3c96b62c6,e8480c4a54840e68d7cf3a62c5075e4fc02e6966+dirty:e3b0c44298fc,/Users/kevin/local-repos/ConcIR/experiments/pilot-v1/raw/pilot/p2_same__main__a__r2/artifact.json,False
pilot,p2_same,two_defects,a,3,main,"{""candidate_budget"":64,""max_depth"":4,""max_total_edits"":4,""verification_budget"":64}",no_acceptable_candidate,no_acceptable_candidate,no-acceptable-candidate,,False,FAIL,4,5,5,0,9927,5,0,0,1,231,0,276,True,55f219183fbc236d9e6c9b159b4805d7596a0dee03fe0a5669175067c008768b,f86965090ed6120492bfcf6787048bcdabff9048f2f0e9085a9bea877a5adfff,65a8f633f986e890d2e4256700db3ab62c1ee3b69418af30e61531b3c96b62c6,e8480c4a54840e68d7cf3a62c5075e4fc02e6966+dirty:e3b0c44298fc,/Users/kevin/local-repos/ConcIR/experiments/pilot-v1/raw/pilot/p2_same__main__a__r3/artifact.json,False
pilot,p2_same,two_defects,a,1,tight,"{""candidate_budget"":8,""max_depth"":1,""max_total_edits"":1,""verification_budget"":4}",budget_exhausted,budget_exhausted,verification-budget,,False,FAIL,4,4,4,0,7998,4,0,0,1,190,0,233,True,55f219183fbc236d9e6c9b159b4805d7596a0dee03fe0a5669175067c008768b,f86965090ed6120492bfcf6787048bcdabff9048f2f0e9085a9bea877a5adfff,65a8f633f986e890d2e4256700db3ab62c1ee3b69418af30e61531b3c96b62c6,e8480c4a54840e68d7cf3a62c5075e4fc02e6966+dirty:e3b0c44298fc,/Users/kevin/local-repos/ConcIR/experiments/pilot-v1/raw/pilot/p2_same__tight__a__r1/artifact.json,False
pilot,p2_same,two_defects,b,1,main,"{""candidate_budget"":64,""max_depth"":4,""max_total_edits"":4,""verification_budget"":64}",repaired,repaired,solved,,False,FAIL,7,7,7,1,13445,7,2,2,0,309,0,392,True,55f219183fbc236d9e6c9b159b4805d7596a0dee03fe0a5669175067c008768b,f86965090ed6120492bfcf6787048bcdabff9048f2f0e9085a9bea877a5adfff,65a8f633f986e890d2e4256700db3ab62c1ee3b69418af30e61531b3c96b62c6,e8480c4a54840e68d7cf3a62c5075e4fc02e6966+dirty:e3b0c44298fc,/Users/kevin/local-repos/ConcIR/experiments/pilot-v1/raw/pilot/p2_same__main__b__r1/artifact.json,False
pilot,p2_same,two_defects,b,2,main,"{""candidate_budget"":64,""max_depth"":4,""max_total_edits"":4,""verification_budget"":64}",repaired,repaired,solved,,False,FAIL,7,7,7,1,13445,7,2,2,0,310,0,392,True,55f219183fbc236d9e6c9b159b4805d7596a0dee03fe0a5669175067c008768b,f86965090ed6120492bfcf6787048bcdabff9048f2f0e9085a9bea877a5adfff,65a8f633f986e890d2e4256700db3ab62c1ee3b69418af30e61531b3c96b62c6,e8480c4a54840e68d7cf3a62c5075e4fc02e6966+dirty:e3b0c44298fc,/Users/kevin/local-repos/ConcIR/experiments/pilot-v1/raw/pilot/p2_same__main__b__r2/artifact.json,False
pilot,p2_same,two_defects,b,3,main,"{""candidate_budget"":64,""max_depth"":4,""max_total_edits"":4,""verification_budget"":64}",repaired,repaired,solved,,False,FAIL,7,7,7,1,13445,7,2,2,0,309,0,389,True,55f219183fbc236d9e6c9b159b4805d7596a0dee03fe0a5669175067c008768b,f86965090ed6120492bfcf6787048bcdabff9048f2f0e9085a9bea877a5adfff,65a8f633f986e890d2e4256700db3ab62c1ee3b69418af30e61531b3c96b62c6,e8480c4a54840e68d7cf3a62c5075e4fc02e6966+dirty:e3b0c44298fc,/Users/kevin/local-repos/ConcIR/experiments/pilot-v1/raw/pilot/p2_same__main__b__r3/artifact.json,False
pilot,p2_same,two_defects,b,1,tight,"{""candidate_budget"":8,""max_depth"":1,""max_total_edits"":1,""verification_budget"":4}",budget_exhausted,budget_exhausted,verification-budget,,False,FAIL,4,4,4,0,7998,4,0,0,1,213,0,233,True,55f219183fbc236d9e6c9b159b4805d7596a0dee03fe0a5669175067c008768b,f86965090ed6120492bfcf6787048bcdabff9048f2f0e9085a9bea877a5adfff,65a8f633f986e890d2e4256700db3ab62c1ee3b69418af30e61531b3c96b62c6,e8480c4a54840e68d7cf3a62c5075e4fc02e6966+dirty:e3b0c44298fc,/Users/kevin/local-repos/ConcIR/experiments/pilot-v1/raw/pilot/p2_same__tight__b__r1/artifact.json,False
pilot,p2_same,two_defects,c,1,main,"{""candidate_budget"":64,""max_depth"":4,""max_total_edits"":4,""verification_budget"":64}",repaired,repaired,solved,,False,FAIL,5,6,6,0,11610,6,2,2,0,268,0,347,True,55f219183fbc236d9e6c9b159b4805d7596a0dee03fe0a5669175067c008768b,f86965090ed6120492bfcf6787048bcdabff9048f2f0e9085a9bea877a5adfff,65a8f633f986e890d2e4256700db3ab62c1ee3b69418af30e61531b3c96b62c6,e8480c4a54840e68d7cf3a62c5075e4fc02e6966+dirty:e3b0c44298fc,/Users/kevin/local-repos/ConcIR/experiments/pilot-v1/raw/pilot/p2_same__main__c__r1/artifact.json,False
pilot,p2_same,two_defects,c,2,main,"{""candidate_budget"":64,""max_depth"":4,""max_total_edits"":4,""verification_budget"":64}",repaired,repaired,solved,,False,FAIL,5,6,6,0,11610,6,2,2,0,269,0,351,True,55f219183fbc236d9e6c9b159b4805d7596a0dee03fe0a5669175067c008768b,f86965090ed6120492bfcf6787048bcdabff9048f2f0e9085a9bea877a5adfff,65a8f633f986e890d2e4256700db3ab62c1ee3b69418af30e61531b3c96b62c6,e8480c4a54840e68d7cf3a62c5075e4fc02e6966+dirty:e3b0c44298fc,/Users/kevin/local-repos/ConcIR/experiments/pilot-v1/raw/pilot/p2_same__main__c__r2/artifact.json,False
pilot,p2_same,two_defects,c,3,main,"{""candidate_budget"":64,""max_depth"":4,""max_total_edits"":4,""verification_budget"":64}",repaired,repaired,solved,,False,FAIL,5,6,6,0,11610,6,2,2,0,271,0,350,True,55f219183fbc236d9e6c9b159b4805d7596a0dee03fe0a5669175067c008768b,f86965090ed6120492bfcf6787048bcdabff9048f2f0e9085a9bea877a5adfff,65a8f633f986e890d2e4256700db3ab62c1ee3b69418af30e61531b3c96b62c6,e8480c4a54840e68d7cf3a62c5075e4fc02e6966+dirty:e3b0c44298fc,/Users/kevin/local-repos/ConcIR/experiments/pilot-v1/raw/pilot/p2_same__main__c__r3/artifact.json,False
pilot,p2_same,two_defects,c,1,tight,"{""candidate_budget"":8,""max_depth"":1,""max_total_edits"":1,""verification_budget"":4}",budget_exhausted,budget_exhausted,verification-budget,,False,FAIL,4,4,4,0,7998,4,0,0,1,190,0,235,True,55f219183fbc236d9e6c9b159b4805d7596a0dee03fe0a5669175067c008768b,f86965090ed6120492bfcf6787048bcdabff9048f2f0e9085a9bea877a5adfff,65a8f633f986e890d2e4256700db3ab62c1ee3b69418af30e61531b3c96b62c6,e8480c4a54840e68d7cf3a62c5075e4fc02e6966+dirty:e3b0c44298fc,/Users/kevin/local-repos/ConcIR/experiments/pilot-v1/raw/pilot/p2_same__tight__c__r1/artifact.json,False
pilot,p2_cross,two_defects,a,1,main,"{""candidate_budget"":64,""max_depth"":4,""max_total_edits"":4,""verification_budget"":64}",no_acceptable_candidate,no_acceptable_candidate,no-acceptable-candidate,,False,FAIL,4,5,5,0,9927,5,0,0,1,233,0,277,True,18dd5e237aac11a88826f1aa7ffb1319ba3d9e014266ada2243f40e37e424e88,01c5602a913f4a71c2a63aee2baee391b7e91623f24291040cd318aa9ce7771b,65a8f633f986e890d2e4256700db3ab62c1ee3b69418af30e61531b3c96b62c6,e8480c4a54840e68d7cf3a62c5075e4fc02e6966+dirty:e3b0c44298fc,/Users/kevin/local-repos/ConcIR/experiments/pilot-v1/raw/pilot/p2_cross__main__a__r1/artifact.json,False
pilot,p2_cross,two_defects,a,2,main,"{""candidate_budget"":64,""max_depth"":4,""max_total_edits"":4,""verification_budget"":64}",no_acceptable_candidate,no_acceptable_candidate,no-acceptable-candidate,,False,FAIL,4,5,5,0,9927,5,0,0,1,233,0,275,True,18dd5e237aac11a88826f1aa7ffb1319ba3d9e014266ada2243f40e37e424e88,01c5602a913f4a71c2a63aee2baee391b7e91623f24291040cd318aa9ce7771b,65a8f633f986e890d2e4256700db3ab62c1ee3b69418af30e61531b3c96b62c6,e8480c4a54840e68d7cf3a62c5075e4fc02e6966+dirty:e3b0c44298fc,/Users/kevin/local-repos/ConcIR/experiments/pilot-v1/raw/pilot/p2_cross__main__a__r2/artifact.json,False
pilot,p2_cross,two_defects,a,3,main,"{""candidate_budget"":64,""max_depth"":4,""max_total_edits"":4,""verification_budget"":64}",no_acceptable_candidate,no_acceptable_candidate,no-acceptable-candidate,,False,FAIL,4,5,5,0,9927,5,0,0,1,233,0,278,True,18dd5e237aac11a88826f1aa7ffb1319ba3d9e014266ada2243f40e37e424e88,01c5602a913f4a71c2a63aee2baee391b7e91623f24291040cd318aa9ce7771b,65a8f633f986e890d2e4256700db3ab62c1ee3b69418af30e61531b3c96b62c6,e8480c4a54840e68d7cf3a62c5075e4fc02e6966+dirty:e3b0c44298fc,/Users/kevin/local-repos/ConcIR/experiments/pilot-v1/raw/pilot/p2_cross__main__a__r3/artifact.json,False
pilot,p2_cross,two_defects,a,1,tight,"{""candidate_budget"":8,""max_depth"":1,""max_total_edits"":1,""verification_budget"":4}",budget_exhausted,budget_exhausted,verification-budget,,False,FAIL,4,4,4,0,7998,4,0,0,1,190,0,234,True,18dd5e237aac11a88826f1aa7ffb1319ba3d9e014266ada2243f40e37e424e88,01c5602a913f4a71c2a63aee2baee391b7e91623f24291040cd318aa9ce7771b,65a8f633f986e890d2e4256700db3ab62c1ee3b69418af30e61531b3c96b62c6,e8480c4a54840e68d7cf3a62c5075e4fc02e6966+dirty:e3b0c44298fc,/Users/kevin/local-repos/ConcIR/experiments/pilot-v1/raw/pilot/p2_cross__tight__a__r1/artifact.json,False
pilot,p2_cross,two_defects,b,1,main,"{""candidate_budget"":64,""max_depth"":4,""max_total_edits"":4,""verification_budget"":64}",repaired,repaired,solved,,False,FAIL,7,7,7,1,13445,7,2,2,0,309,0,391,True,18dd5e237aac11a88826f1aa7ffb1319ba3d9e014266ada2243f40e37e424e88,01c5602a913f4a71c2a63aee2baee391b7e91623f24291040cd318aa9ce7771b,65a8f633f986e890d2e4256700db3ab62c1ee3b69418af30e61531b3c96b62c6,e8480c4a54840e68d7cf3a62c5075e4fc02e6966+dirty:e3b0c44298fc,/Users/kevin/local-repos/ConcIR/experiments/pilot-v1/raw/pilot/p2_cross__main__b__r1/artifact.json,False
pilot,p2_cross,two_defects,b,2,main,"{""candidate_budget"":64,""max_depth"":4,""max_total_edits"":4,""verification_budget"":64}",repaired,repaired,solved,,False,FAIL,7,7,7,1,13445,7,2,2,0,309,0,390,True,18dd5e237aac11a88826f1aa7ffb1319ba3d9e014266ada2243f40e37e424e88,01c5602a913f4a71c2a63aee2baee391b7e91623f24291040cd318aa9ce7771b,65a8f633f986e890d2e4256700db3ab62c1ee3b69418af30e61531b3c96b62c6,e8480c4a54840e68d7cf3a62c5075e4fc02e6966+dirty:e3b0c44298fc,/Users/kevin/local-repos/ConcIR/experiments/pilot-v1/raw/pilot/p2_cross__main__b__r2/artifact.json,False
pilot,p2_cross,two_defects,b,3,main,"{""candidate_budget"":64,""max_depth"":4,""max_total_edits"":4,""verification_budget"":64}",repaired,repaired,solved,,False,FAIL,7,7,7,1,13445,7,2,2,0,308,0,390,True,18dd5e237aac11a88826f1aa7ffb1319ba3d9e014266ada2243f40e37e424e88,01c5602a913f4a71c2a63aee2baee391b7e91623f24291040cd318aa9ce7771b,65a8f633f986e890d2e4256700db3ab62c1ee3b69418af30e61531b3c96b62c6,e8480c4a54840e68d7cf3a62c5075e4fc02e6966+dirty:e3b0c44298fc,/Users/kevin/local-repos/ConcIR/experiments/pilot-v1/raw/pilot/p2_cross__main__b__r3/artifact.json,False
pilot,p2_cross,two_defects,b,1,tight,"{""candidate_budget"":8,""max_depth"":1,""max_total_edits"":1,""verification_budget"":4}",budget_exhausted,budget_exhausted,verification-budget,,False,FAIL,4,4,4,0,7998,4,0,0,1,192,0,236,True,18dd5e237aac11a88826f1aa7ffb1319ba3d9e014266ada2243f40e37e424e88,01c5602a913f4a71c2a63aee2baee391b7e91623f24291040cd318aa9ce7771b,65a8f633f986e890d2e4256700db3ab62c1ee3b69418af30e61531b3c96b62c6,e8480c4a54840e68d7cf3a62c5075e4fc02e6966+dirty:e3b0c44298fc,/Users/kevin/local-repos/ConcIR/experiments/pilot-v1/raw/pilot/p2_cross__tight__b__r1/artifact.json,False
pilot,p2_cross,two_defects,c,1,main,"{""candidate_budget"":64,""max_depth"":4,""max_total_edits"":4,""verification_budget"":64}",repaired,repaired,solved,,False,FAIL,5,6,6,0,11610,6,2,2,0,268,0,351,True,18dd5e237aac11a88826f1aa7ffb1319ba3d9e014266ada2243f40e37e424e88,01c5602a913f4a71c2a63aee2baee391b7e91623f24291040cd318aa9ce7771b,65a8f633f986e890d2e4256700db3ab62c1ee3b69418af30e61531b3c96b62c6,e8480c4a54840e68d7cf3a62c5075e4fc02e6966+dirty:e3b0c44298fc,/Users/kevin/local-repos/ConcIR/experiments/pilot-v1/raw/pilot/p2_cross__main__c__r1/artifact.json,False
pilot,p2_cross,two_defects,c,2,main,"{""candidate_budget"":64,""max_depth"":4,""max_total_edits"":4,""verification_budget"":64}",repaired,repaired,solved,,False,FAIL,5,6,6,0,11610,6,2,2,0,269,0,351,True,18dd5e237aac11a88826f1aa7ffb1319ba3d9e014266ada2243f40e37e424e88,01c5602a913f4a71c2a63aee2baee391b7e91623f24291040cd318aa9ce7771b,65a8f633f986e890d2e4256700db3ab62c1ee3b69418af30e61531b3c96b62c6,e8480c4a54840e68d7cf3a62c5075e4fc02e6966+dirty:e3b0c44298fc,/Users/kevin/local-repos/ConcIR/experiments/pilot-v1/raw/pilot/p2_cross__main__c__r2/artifact.json,False
pilot,p2_cross,two_defects,c,3,main,"{""candidate_budget"":64,""max_depth"":4,""max_total_edits"":4,""verification_budget"":64}",repaired,repaired,solved,,False,FAIL,5,6,6,0,11610,6,2,2,0,270,0,350,True,18dd5e237aac11a88826f1aa7ffb1319ba3d9e014266ada2243f40e37e424e88,01c5602a913f4a71c2a63aee2baee391b7e91623f24291040cd318aa9ce7771b,65a8f633f986e890d2e4256700db3ab62c1ee3b69418af30e61531b3c96b62c6,e8480c4a54840e68d7cf3a62c5075e4fc02e6966+dirty:e3b0c44298fc,/Users/kevin/local-repos/ConcIR/experiments/pilot-v1/raw/pilot/p2_cross__main__c__r3/artifact.json,False
pilot,p2_cross,two_defects,c,1,tight,"{""candidate_budget"":8,""max_depth"":1,""max_total_edits"":1,""verification_budget"":4}",budget_exhausted,budget_exhausted,verification-budget,,False,FAIL,4,4,4,0,7998,4,0,0,1,191,0,236,True,18dd5e237aac11a88826f1aa7ffb1319ba3d9e014266ada2243f40e37e424e88,01c5602a913f4a71c2a63aee2baee391b7e91623f24291040cd318aa9ce7771b,65a8f633f986e890d2e4256700db3ab62c1ee3b69418af30e61531b3c96b62c6,e8480c4a54840e68d7cf3a62c5075e4fc02e6966+dirty:e3b0c44298fc,/Users/kevin/local-repos/ConcIR/experiments/pilot-v1/raw/pilot/p2_cross__tight__c__r1/artifact.json,False
pilot,p3_same,three_defects,a,1,main,"{""candidate_budget"":64,""max_depth"":4,""max_total_edits"":4,""verification_budget"":64}",analysis_unknown,analysis_unknown,root-unknown,,True,UNKNOWN,0,1,1,0,20001,1,0,0,3,695,0,1360,True,19fd91b21fb876402c34937eb3ffda419ff4f79065ba76f1a94a02aa865b6e2c,7395bc4059b70d512abd1334c8e2f11243f59eb5340d81430e4df5a94c34bb3f,65a8f633f986e890d2e4256700db3ab62c1ee3b69418af30e61531b3c96b62c6,e8480c4a54840e68d7cf3a62c5075e4fc02e6966+dirty:e3b0c44298fc,/Users/kevin/local-repos/ConcIR/experiments/pilot-v1/raw/pilot/p3_same__main__a__r1/artifact.json,False
pilot,p3_same,three_defects,a,2,main,"{""candidate_budget"":64,""max_depth"":4,""max_total_edits"":4,""verification_budget"":64}",analysis_unknown,analysis_unknown,root-unknown,,True,UNKNOWN,0,1,1,0,20001,1,0,0,3,692,0,1363,True,19fd91b21fb876402c34937eb3ffda419ff4f79065ba76f1a94a02aa865b6e2c,7395bc4059b70d512abd1334c8e2f11243f59eb5340d81430e4df5a94c34bb3f,65a8f633f986e890d2e4256700db3ab62c1ee3b69418af30e61531b3c96b62c6,e8480c4a54840e68d7cf3a62c5075e4fc02e6966+dirty:e3b0c44298fc,/Users/kevin/local-repos/ConcIR/experiments/pilot-v1/raw/pilot/p3_same__main__a__r2/artifact.json,False
pilot,p3_same,three_defects,a,3,main,"{""candidate_budget"":64,""max_depth"":4,""max_total_edits"":4,""verification_budget"":64}",analysis_unknown,analysis_unknown,root-unknown,,True,UNKNOWN,0,1,1,0,20001,1,0,0,3,691,0,1363,True,19fd91b21fb876402c34937eb3ffda419ff4f79065ba76f1a94a02aa865b6e2c,7395bc4059b70d512abd1334c8e2f11243f59eb5340d81430e4df5a94c34bb3f,65a8f633f986e890d2e4256700db3ab62c1ee3b69418af30e61531b3c96b62c6,e8480c4a54840e68d7cf3a62c5075e4fc02e6966+dirty:e3b0c44298fc,/Users/kevin/local-repos/ConcIR/experiments/pilot-v1/raw/pilot/p3_same__main__a__r3/artifact.json,False
pilot,p3_same,three_defects,a,1,tight,"{""candidate_budget"":8,""max_depth"":1,""max_total_edits"":1,""verification_budget"":4}",analysis_unknown,analysis_unknown,root-unknown,,True,UNKNOWN,0,1,1,0,20001,1,0,0,3,695,0,1359,True,19fd91b21fb876402c34937eb3ffda419ff4f79065ba76f1a94a02aa865b6e2c,7395bc4059b70d512abd1334c8e2f11243f59eb5340d81430e4df5a94c34bb3f,65a8f633f986e890d2e4256700db3ab62c1ee3b69418af30e61531b3c96b62c6,e8480c4a54840e68d7cf3a62c5075e4fc02e6966+dirty:e3b0c44298fc,/Users/kevin/local-repos/ConcIR/experiments/pilot-v1/raw/pilot/p3_same__tight__a__r1/artifact.json,False
pilot,p3_same,three_defects,b,1,main,"{""candidate_budget"":64,""max_depth"":4,""max_total_edits"":4,""verification_budget"":64}",analysis_unknown,analysis_unknown,root-unknown,,True,UNKNOWN,0,1,1,0,20001,1,0,0,3,693,0,1361,True,19fd91b21fb876402c34937eb3ffda419ff4f79065ba76f1a94a02aa865b6e2c,7395bc4059b70d512abd1334c8e2f11243f59eb5340d81430e4df5a94c34bb3f,65a8f633f986e890d2e4256700db3ab62c1ee3b69418af30e61531b3c96b62c6,e8480c4a54840e68d7cf3a62c5075e4fc02e6966+dirty:e3b0c44298fc,/Users/kevin/local-repos/ConcIR/experiments/pilot-v1/raw/pilot/p3_same__main__b__r1/artifact.json,False
pilot,p3_same,three_defects,b,2,main,"{""candidate_budget"":64,""max_depth"":4,""max_total_edits"":4,""verification_budget"":64}",analysis_unknown,analysis_unknown,root-unknown,,True,UNKNOWN,0,1,1,0,20001,1,0,0,3,689,0,1362,True,19fd91b21fb876402c34937eb3ffda419ff4f79065ba76f1a94a02aa865b6e2c,7395bc4059b70d512abd1334c8e2f11243f59eb5340d81430e4df5a94c34bb3f,65a8f633f986e890d2e4256700db3ab62c1ee3b69418af30e61531b3c96b62c6,e8480c4a54840e68d7cf3a62c5075e4fc02e6966+dirty:e3b0c44298fc,/Users/kevin/local-repos/ConcIR/experiments/pilot-v1/raw/pilot/p3_same__main__b__r2/artifact.json,False
pilot,p3_same,three_defects,b,3,main,"{""candidate_budget"":64,""max_depth"":4,""max_total_edits"":4,""verification_budget"":64}",analysis_unknown,analysis_unknown,root-unknown,,True,UNKNOWN,0,1,1,0,20001,1,0,0,3,690,0,1369,True,19fd91b21fb876402c34937eb3ffda419ff4f79065ba76f1a94a02aa865b6e2c,7395bc4059b70d512abd1334c8e2f11243f59eb5340d81430e4df5a94c34bb3f,65a8f633f986e890d2e4256700db3ab62c1ee3b69418af30e61531b3c96b62c6,e8480c4a54840e68d7cf3a62c5075e4fc02e6966+dirty:e3b0c44298fc,/Users/kevin/local-repos/ConcIR/experiments/pilot-v1/raw/pilot/p3_same__main__b__r3/artifact.json,False
pilot,p3_same,three_defects,b,1,tight,"{""candidate_budget"":8,""max_depth"":1,""max_total_edits"":1,""verification_budget"":4}",analysis_unknown,analysis_unknown,root-unknown,,True,UNKNOWN,0,1,1,0,20001,1,0,0,3,687,0,1359,True,19fd91b21fb876402c34937eb3ffda419ff4f79065ba76f1a94a02aa865b6e2c,7395bc4059b70d512abd1334c8e2f11243f59eb5340d81430e4df5a94c34bb3f,65a8f633f986e890d2e4256700db3ab62c1ee3b69418af30e61531b3c96b62c6,e8480c4a54840e68d7cf3a62c5075e4fc02e6966+dirty:e3b0c44298fc,/Users/kevin/local-repos/ConcIR/experiments/pilot-v1/raw/pilot/p3_same__tight__b__r1/artifact.json,False
pilot,p3_same,three_defects,c,1,main,"{""candidate_budget"":64,""max_depth"":4,""max_total_edits"":4,""verification_budget"":64}",analysis_unknown,analysis_unknown,root-unknown,,True,UNKNOWN,0,1,1,0,20001,1,0,0,3,693,0,1367,True,19fd91b21fb876402c34937eb3ffda419ff4f79065ba76f1a94a02aa865b6e2c,7395bc4059b70d512abd1334c8e2f11243f59eb5340d81430e4df5a94c34bb3f,65a8f633f986e890d2e4256700db3ab62c1ee3b69418af30e61531b3c96b62c6,e8480c4a54840e68d7cf3a62c5075e4fc02e6966+dirty:e3b0c44298fc,/Users/kevin/local-repos/ConcIR/experiments/pilot-v1/raw/pilot/p3_same__main__c__r1/artifact.json,False
pilot,p3_same,three_defects,c,2,main,"{""candidate_budget"":64,""max_depth"":4,""max_total_edits"":4,""verification_budget"":64}",analysis_unknown,analysis_unknown,root-unknown,,True,UNKNOWN,0,1,1,0,20001,1,0,0,3,692,0,1368,True,19fd91b21fb876402c34937eb3ffda419ff4f79065ba76f1a94a02aa865b6e2c,7395bc4059b70d512abd1334c8e2f11243f59eb5340d81430e4df5a94c34bb3f,65a8f633f986e890d2e4256700db3ab62c1ee3b69418af30e61531b3c96b62c6,e8480c4a54840e68d7cf3a62c5075e4fc02e6966+dirty:e3b0c44298fc,/Users/kevin/local-repos/ConcIR/experiments/pilot-v1/raw/pilot/p3_same__main__c__r2/artifact.json,False
pilot,p3_same,three_defects,c,3,main,"{""candidate_budget"":64,""max_depth"":4,""max_total_edits"":4,""verification_budget"":64}",analysis_unknown,analysis_unknown,root-unknown,,True,UNKNOWN,0,1,1,0,20001,1,0,0,3,692,0,1354,True,19fd91b21fb876402c34937eb3ffda419ff4f79065ba76f1a94a02aa865b6e2c,7395bc4059b70d512abd1334c8e2f11243f59eb5340d81430e4df5a94c34bb3f,65a8f633f986e890d2e4256700db3ab62c1ee3b69418af30e61531b3c96b62c6,e8480c4a54840e68d7cf3a62c5075e4fc02e6966+dirty:e3b0c44298fc,/Users/kevin/local-repos/ConcIR/experiments/pilot-v1/raw/pilot/p3_same__main__c__r3/artifact.json,False
pilot,p3_same,three_defects,c,1,tight,"{""candidate_budget"":8,""max_depth"":1,""max_total_edits"":1,""verification_budget"":4}",analysis_unknown,analysis_unknown,root-unknown,,True,UNKNOWN,0,1,1,0,20001,1,0,0,3,690,0,1371,True,19fd91b21fb876402c34937eb3ffda419ff4f79065ba76f1a94a02aa865b6e2c,7395bc4059b70d512abd1334c8e2f11243f59eb5340d81430e4df5a94c34bb3f,65a8f633f986e890d2e4256700db3ab62c1ee3b69418af30e61531b3c96b62c6,e8480c4a54840e68d7cf3a62c5075e4fc02e6966+dirty:e3b0c44298fc,/Users/kevin/local-repos/ConcIR/experiments/pilot-v1/raw/pilot/p3_same__tight__c__r1/artifact.json,False
pilot,p3_cross,three_defects,a,1,main,"{""candidate_budget"":64,""max_depth"":4,""max_total_edits"":4,""verification_budget"":64}",analysis_unknown,analysis_unknown,root-unknown,,True,UNKNOWN,0,1,1,0,20001,1,0,0,3,710,0,1366,True,399df9efa10b364683234e7685124986e4b150e5c68516016f4fa71e62de3312,60e6d2e441abb190b5d275ed76dbcfb86b64dade01ba2d18fe801123adc962ba,65a8f633f986e890d2e4256700db3ab62c1ee3b69418af30e61531b3c96b62c6,e8480c4a54840e68d7cf3a62c5075e4fc02e6966+dirty:e3b0c44298fc,/Users/kevin/local-repos/ConcIR/experiments/pilot-v1/raw/pilot/p3_cross__main__a__r1/artifact.json,False
pilot,p3_cross,three_defects,a,2,main,"{""candidate_budget"":64,""max_depth"":4,""max_total_edits"":4,""verification_budget"":64}",analysis_unknown,analysis_unknown,root-unknown,,True,UNKNOWN,0,1,1,0,20001,1,0,0,3,694,0,1366,True,399df9efa10b364683234e7685124986e4b150e5c68516016f4fa71e62de3312,60e6d2e441abb190b5d275ed76dbcfb86b64dade01ba2d18fe801123adc962ba,65a8f633f986e890d2e4256700db3ab62c1ee3b69418af30e61531b3c96b62c6,e8480c4a54840e68d7cf3a62c5075e4fc02e6966+dirty:e3b0c44298fc,/Users/kevin/local-repos/ConcIR/experiments/pilot-v1/raw/pilot/p3_cross__main__a__r2/artifact.json,False
pilot,p3_cross,three_defects,a,3,main,"{""candidate_budget"":64,""max_depth"":4,""max_total_edits"":4,""verification_budget"":64}",analysis_unknown,analysis_unknown,root-unknown,,True,UNKNOWN,0,1,1,0,20001,1,0,0,3,698,0,1372,True,399df9efa10b364683234e7685124986e4b150e5c68516016f4fa71e62de3312,60e6d2e441abb190b5d275ed76dbcfb86b64dade01ba2d18fe801123adc962ba,65a8f633f986e890d2e4256700db3ab62c1ee3b69418af30e61531b3c96b62c6,e8480c4a54840e68d7cf3a62c5075e4fc02e6966+dirty:e3b0c44298fc,/Users/kevin/local-repos/ConcIR/experiments/pilot-v1/raw/pilot/p3_cross__main__a__r3/artifact.json,False
pilot,p3_cross,three_defects,a,1,tight,"{""candidate_budget"":8,""max_depth"":1,""max_total_edits"":1,""verification_budget"":4}",analysis_unknown,analysis_unknown,root-unknown,,True,UNKNOWN,0,1,1,0,20001,1,0,0,3,693,0,1370,True,399df9efa10b364683234e7685124986e4b150e5c68516016f4fa71e62de3312,60e6d2e441abb190b5d275ed76dbcfb86b64dade01ba2d18fe801123adc962ba,65a8f633f986e890d2e4256700db3ab62c1ee3b69418af30e61531b3c96b62c6,e8480c4a54840e68d7cf3a62c5075e4fc02e6966+dirty:e3b0c44298fc,/Users/kevin/local-repos/ConcIR/experiments/pilot-v1/raw/pilot/p3_cross__tight__a__r1/artifact.json,False
pilot,p3_cross,three_defects,b,1,main,"{""candidate_budget"":64,""max_depth"":4,""max_total_edits"":4,""verification_budget"":64}",analysis_unknown,analysis_unknown,root-unknown,,True,UNKNOWN,0,1,1,0,20001,1,0,0,3,718,0,1368,True,399df9efa10b364683234e7685124986e4b150e5c68516016f4fa71e62de3312,60e6d2e441abb190b5d275ed76dbcfb86b64dade01ba2d18fe801123adc962ba,65a8f633f986e890d2e4256700db3ab62c1ee3b69418af30e61531b3c96b62c6,e8480c4a54840e68d7cf3a62c5075e4fc02e6966+dirty:e3b0c44298fc,/Users/kevin/local-repos/ConcIR/experiments/pilot-v1/raw/pilot/p3_cross__main__b__r1/artifact.json,False
pilot,p3_cross,three_defects,b,2,main,"{""candidate_budget"":64,""max_depth"":4,""max_total_edits"":4,""verification_budget"":64}",analysis_unknown,analysis_unknown,root-unknown,,True,UNKNOWN,0,1,1,0,20001,1,0,0,3,693,0,1358,True,399df9efa10b364683234e7685124986e4b150e5c68516016f4fa71e62de3312,60e6d2e441abb190b5d275ed76dbcfb86b64dade01ba2d18fe801123adc962ba,65a8f633f986e890d2e4256700db3ab62c1ee3b69418af30e61531b3c96b62c6,e8480c4a54840e68d7cf3a62c5075e4fc02e6966+dirty:e3b0c44298fc,/Users/kevin/local-repos/ConcIR/experiments/pilot-v1/raw/pilot/p3_cross__main__b__r2/artifact.json,False
pilot,p3_cross,three_defects,b,3,main,"{""candidate_budget"":64,""max_depth"":4,""max_total_edits"":4,""verification_budget"":64}",analysis_unknown,analysis_unknown,root-unknown,,True,UNKNOWN,0,1,1,0,20001,1,0,0,3,690,0,1363,True,399df9efa10b364683234e7685124986e4b150e5c68516016f4fa71e62de3312,60e6d2e441abb190b5d275ed76dbcfb86b64dade01ba2d18fe801123adc962ba,65a8f633f986e890d2e4256700db3ab62c1ee3b69418af30e61531b3c96b62c6,e8480c4a54840e68d7cf3a62c5075e4fc02e6966+dirty:e3b0c44298fc,/Users/kevin/local-repos/ConcIR/experiments/pilot-v1/raw/pilot/p3_cross__main__b__r3/artifact.json,False
pilot,p3_cross,three_defects,b,1,tight,"{""candidate_budget"":8,""max_depth"":1,""max_total_edits"":1,""verification_budget"":4}",analysis_unknown,analysis_unknown,root-unknown,,True,UNKNOWN,0,1,1,0,20001,1,0,0,3,691,0,1358,True,399df9efa10b364683234e7685124986e4b150e5c68516016f4fa71e62de3312,60e6d2e441abb190b5d275ed76dbcfb86b64dade01ba2d18fe801123adc962ba,65a8f633f986e890d2e4256700db3ab62c1ee3b69418af30e61531b3c96b62c6,e8480c4a54840e68d7cf3a62c5075e4fc02e6966+dirty:e3b0c44298fc,/Users/kevin/local-repos/ConcIR/experiments/pilot-v1/raw/pilot/p3_cross__tight__b__r1/artifact.json,False
pilot,p3_cross,three_defects,c,1,main,"{""candidate_budget"":64,""max_depth"":4,""max_total_edits"":4,""verification_budget"":64}",analysis_unknown,analysis_unknown,root-unknown,,True,UNKNOWN,0,1,1,0,20001,1,0,0,3,688,0,1353,True,399df9efa10b364683234e7685124986e4b150e5c68516016f4fa71e62de3312,60e6d2e441abb190b5d275ed76dbcfb86b64dade01ba2d18fe801123adc962ba,65a8f633f986e890d2e4256700db3ab62c1ee3b69418af30e61531b3c96b62c6,e8480c4a54840e68d7cf3a62c5075e4fc02e6966+dirty:e3b0c44298fc,/Users/kevin/local-repos/ConcIR/experiments/pilot-v1/raw/pilot/p3_cross__main__c__r1/artifact.json,False
pilot,p3_cross,three_defects,c,2,main,"{""candidate_budget"":64,""max_depth"":4,""max_total_edits"":4,""verification_budget"":64}",analysis_unknown,analysis_unknown,root-unknown,,True,UNKNOWN,0,1,1,0,20001,1,0,0,3,693,0,1357,True,399df9efa10b364683234e7685124986e4b150e5c68516016f4fa71e62de3312,60e6d2e441abb190b5d275ed76dbcfb86b64dade01ba2d18fe801123adc962ba,65a8f633f986e890d2e4256700db3ab62c1ee3b69418af30e61531b3c96b62c6,e8480c4a54840e68d7cf3a62c5075e4fc02e6966+dirty:e3b0c44298fc,/Users/kevin/local-repos/ConcIR/experiments/pilot-v1/raw/pilot/p3_cross__main__c__r2/artifact.json,False
pilot,p3_cross,three_defects,c,3,main,"{""candidate_budget"":64,""max_depth"":4,""max_total_edits"":4,""verification_budget"":64}",analysis_unknown,analysis_unknown,root-unknown,,True,UNKNOWN,0,1,1,0,20001,1,0,0,3,689,0,1352,True,399df9efa10b364683234e7685124986e4b150e5c68516016f4fa71e62de3312,60e6d2e441abb190b5d275ed76dbcfb86b64dade01ba2d18fe801123adc962ba,65a8f633f986e890d2e4256700db3ab62c1ee3b69418af30e61531b3c96b62c6,e8480c4a54840e68d7cf3a62c5075e4fc02e6966+dirty:e3b0c44298fc,/Users/kevin/local-repos/ConcIR/experiments/pilot-v1/raw/pilot/p3_cross__main__c__r3/artifact.json,False
pilot,p3_cross,three_defects,c,1,tight,"{""candidate_budget"":8,""max_depth"":1,""max_total_edits"":1,""verification_budget"":4}",analysis_unknown,analysis_unknown,root-unknown,,True,UNKNOWN,0,1,1,0,20001,1,0,0,3,691,0,1362,True,399df9efa10b364683234e7685124986e4b150e5c68516016f4fa71e62de3312,60e6d2e441abb190b5d275ed76dbcfb86b64dade01ba2d18fe801123adc962ba,65a8f633f986e890d2e4256700db3ab62c1ee3b69418af30e61531b3c96b62c6,e8480c4a54840e68d7cf3a62c5075e4fc02e6966+dirty:e3b0c44298fc,/Users/kevin/local-repos/ConcIR/experiments/pilot-v1/raw/pilot/p3_cross__tight__c__r1/artifact.json,False
pilot,p1_interf,interference,a,1,main,"{""candidate_budget"":64,""max_depth"":4,""max_total_edits"":4,""verification_budget"":64}",repaired,repaired,solved,,False,FAIL,1,2,2,0,3172,2,1,1,0,90,0,164,True,733e02b12bac061cd9b8e25475badda4ac338601a23d03076ffc3b44b1d1067c,807ed5d3b994a8e9af338dcbaa0c4a7d0d8e8abb507b537116906112086347e7,65a8f633f986e890d2e4256700db3ab62c1ee3b69418af30e61531b3c96b62c6,e8480c4a54840e68d7cf3a62c5075e4fc02e6966+dirty:e3b0c44298fc,/Users/kevin/local-repos/ConcIR/experiments/pilot-v1/raw/pilot/p1_interf__main__a__r1/artifact.json,False
pilot,p1_interf,interference,a,2,main,"{""candidate_budget"":64,""max_depth"":4,""max_total_edits"":4,""verification_budget"":64}",repaired,repaired,solved,,False,FAIL,1,2,2,0,3172,2,1,1,0,89,0,164,True,733e02b12bac061cd9b8e25475badda4ac338601a23d03076ffc3b44b1d1067c,807ed5d3b994a8e9af338dcbaa0c4a7d0d8e8abb507b537116906112086347e7,65a8f633f986e890d2e4256700db3ab62c1ee3b69418af30e61531b3c96b62c6,e8480c4a54840e68d7cf3a62c5075e4fc02e6966+dirty:e3b0c44298fc,/Users/kevin/local-repos/ConcIR/experiments/pilot-v1/raw/pilot/p1_interf__main__a__r2/artifact.json,False
pilot,p1_interf,interference,a,3,main,"{""candidate_budget"":64,""max_depth"":4,""max_total_edits"":4,""verification_budget"":64}",repaired,repaired,solved,,False,FAIL,1,2,2,0,3172,2,1,1,0,89,0,163,True,733e02b12bac061cd9b8e25475badda4ac338601a23d03076ffc3b44b1d1067c,807ed5d3b994a8e9af338dcbaa0c4a7d0d8e8abb507b537116906112086347e7,65a8f633f986e890d2e4256700db3ab62c1ee3b69418af30e61531b3c96b62c6,e8480c4a54840e68d7cf3a62c5075e4fc02e6966+dirty:e3b0c44298fc,/Users/kevin/local-repos/ConcIR/experiments/pilot-v1/raw/pilot/p1_interf__main__a__r3/artifact.json,False
pilot,p1_interf,interference,a,1,tight,"{""candidate_budget"":8,""max_depth"":1,""max_total_edits"":1,""verification_budget"":4}",repaired,repaired,solved,,False,FAIL,1,2,2,0,3172,2,1,1,0,89,0,166,True,733e02b12bac061cd9b8e25475badda4ac338601a23d03076ffc3b44b1d1067c,807ed5d3b994a8e9af338dcbaa0c4a7d0d8e8abb507b537116906112086347e7,65a8f633f986e890d2e4256700db3ab62c1ee3b69418af30e61531b3c96b62c6,e8480c4a54840e68d7cf3a62c5075e4fc02e6966+dirty:e3b0c44298fc,/Users/kevin/local-repos/ConcIR/experiments/pilot-v1/raw/pilot/p1_interf__tight__a__r1/artifact.json,False
pilot,p1_interf,interference,b,1,main,"{""candidate_budget"":64,""max_depth"":4,""max_total_edits"":4,""verification_budget"":64}",repaired,repaired,solved,,False,FAIL,1,2,2,0,3172,2,1,1,0,89,0,166,True,733e02b12bac061cd9b8e25475badda4ac338601a23d03076ffc3b44b1d1067c,807ed5d3b994a8e9af338dcbaa0c4a7d0d8e8abb507b537116906112086347e7,65a8f633f986e890d2e4256700db3ab62c1ee3b69418af30e61531b3c96b62c6,e8480c4a54840e68d7cf3a62c5075e4fc02e6966+dirty:e3b0c44298fc,/Users/kevin/local-repos/ConcIR/experiments/pilot-v1/raw/pilot/p1_interf__main__b__r1/artifact.json,False
pilot,p1_interf,interference,b,2,main,"{""candidate_budget"":64,""max_depth"":4,""max_total_edits"":4,""verification_budget"":64}",repaired,repaired,solved,,False,FAIL,1,2,2,0,3172,2,1,1,0,89,0,163,True,733e02b12bac061cd9b8e25475badda4ac338601a23d03076ffc3b44b1d1067c,807ed5d3b994a8e9af338dcbaa0c4a7d0d8e8abb507b537116906112086347e7,65a8f633f986e890d2e4256700db3ab62c1ee3b69418af30e61531b3c96b62c6,e8480c4a54840e68d7cf3a62c5075e4fc02e6966+dirty:e3b0c44298fc,/Users/kevin/local-repos/ConcIR/experiments/pilot-v1/raw/pilot/p1_interf__main__b__r2/artifact.json,False
pilot,p1_interf,interference,b,3,main,"{""candidate_budget"":64,""max_depth"":4,""max_total_edits"":4,""verification_budget"":64}",repaired,repaired,solved,,False,FAIL,1,2,2,0,3172,2,1,1,0,89,0,165,True,733e02b12bac061cd9b8e25475badda4ac338601a23d03076ffc3b44b1d1067c,807ed5d3b994a8e9af338dcbaa0c4a7d0d8e8abb507b537116906112086347e7,65a8f633f986e890d2e4256700db3ab62c1ee3b69418af30e61531b3c96b62c6,e8480c4a54840e68d7cf3a62c5075e4fc02e6966+dirty:e3b0c44298fc,/Users/kevin/local-repos/ConcIR/experiments/pilot-v1/raw/pilot/p1_interf__main__b__r3/artifact.json,False
pilot,p1_interf,interference,b,1,tight,"{""candidate_budget"":8,""max_depth"":1,""max_total_edits"":1,""verification_budget"":4}",repaired,repaired,solved,,False,FAIL,1,2,2,0,3172,2,1,1,0,90,0,163,True,733e02b12bac061cd9b8e25475badda4ac338601a23d03076ffc3b44b1d1067c,807ed5d3b994a8e9af338dcbaa0c4a7d0d8e8abb507b537116906112086347e7,65a8f633f986e890d2e4256700db3ab62c1ee3b69418af30e61531b3c96b62c6,e8480c4a54840e68d7cf3a62c5075e4fc02e6966+dirty:e3b0c44298fc,/Users/kevin/local-repos/ConcIR/experiments/pilot-v1/raw/pilot/p1_interf__tight__b__r1/artifact.json,False
pilot,p1_interf,interference,c,1,main,"{""candidate_budget"":64,""max_depth"":4,""max_total_edits"":4,""verification_budget"":64}",repaired,repaired,solved,,False,FAIL,1,2,2,0,3172,2,1,1,0,90,0,164,True,733e02b12bac061cd9b8e25475badda4ac338601a23d03076ffc3b44b1d1067c,807ed5d3b994a8e9af338dcbaa0c4a7d0d8e8abb507b537116906112086347e7,65a8f633f986e890d2e4256700db3ab62c1ee3b69418af30e61531b3c96b62c6,e8480c4a54840e68d7cf3a62c5075e4fc02e6966+dirty:e3b0c44298fc,/Users/kevin/local-repos/ConcIR/experiments/pilot-v1/raw/pilot/p1_interf__main__c__r1/artifact.json,False
pilot,p1_interf,interference,c,2,main,"{""candidate_budget"":64,""max_depth"":4,""max_total_edits"":4,""verification_budget"":64}",repaired,repaired,solved,,False,FAIL,1,2,2,0,3172,2,1,1,0,89,0,166,True,733e02b12bac061cd9b8e25475badda4ac338601a23d03076ffc3b44b1d1067c,807ed5d3b994a8e9af338dcbaa0c4a7d0d8e8abb507b537116906112086347e7,65a8f633f986e890d2e4256700db3ab62c1ee3b69418af30e61531b3c96b62c6,e8480c4a54840e68d7cf3a62c5075e4fc02e6966+dirty:e3b0c44298fc,/Users/kevin/local-repos/ConcIR/experiments/pilot-v1/raw/pilot/p1_interf__main__c__r2/artifact.json,False
pilot,p1_interf,interference,c,3,main,"{""candidate_budget"":64,""max_depth"":4,""max_total_edits"":4,""verification_budget"":64}",repaired,repaired,solved,,False,FAIL,1,2,2,0,3172,2,1,1,0,89,0,169,True,733e02b12bac061cd9b8e25475badda4ac338601a23d03076ffc3b44b1d1067c,807ed5d3b994a8e9af338dcbaa0c4a7d0d8e8abb507b537116906112086347e7,65a8f633f986e890d2e4256700db3ab62c1ee3b69418af30e61531b3c96b62c6,e8480c4a54840e68d7cf3a62c5075e4fc02e6966+dirty:e3b0c44298fc,/Users/kevin/local-repos/ConcIR/experiments/pilot-v1/raw/pilot/p1_interf__main__c__r3/artifact.json,False
pilot,p1_interf,interference,c,1,tight,"{""candidate_budget"":8,""max_depth"":1,""max_total_edits"":1,""verification_budget"":4}",repaired,repaired,solved,,False,FAIL,1,2,2,0,3172,2,1,1,0,89,0,164,True,733e02b12bac061cd9b8e25475badda4ac338601a23d03076ffc3b44b1d1067c,807ed5d3b994a8e9af338dcbaa0c4a7d0d8e8abb507b537116906112086347e7,65a8f633f986e890d2e4256700db3ab62c1ee3b69418af30e61531b3c96b62c6,e8480c4a54840e68d7cf3a62c5075e4fc02e6966+dirty:e3b0c44298fc,/Users/kevin/local-repos/ConcIR/experiments/pilot-v1/raw/pilot/p1_interf__tight__c__r1/artifact.json,False
pilot,p2_interf,interference,a,1,main,"{""candidate_budget"":64,""max_depth"":4,""max_total_edits"":4,""verification_budget"":64}",no_acceptable_candidate,no_acceptable_candidate,no-acceptable-candidate,,False,FAIL,5,6,6,0,72768,6,0,0,1,2465,0,2895,True,0eb7c7a77e4b456676dffc68907a6f6168140dfa899def583d5974334b795296,f5cca999c452e06f58fdeaf9a8fb38aee606e489d47776d3a1246f53648201d0,65a8f633f986e890d2e4256700db3ab62c1ee3b69418af30e61531b3c96b62c6,e8480c4a54840e68d7cf3a62c5075e4fc02e6966+dirty:e3b0c44298fc,/Users/kevin/local-repos/ConcIR/experiments/pilot-v1/raw/pilot/p2_interf__main__a__r1/artifact.json,False
pilot,p2_interf,interference,a,2,main,"{""candidate_budget"":64,""max_depth"":4,""max_total_edits"":4,""verification_budget"":64}",no_acceptable_candidate,no_acceptable_candidate,no-acceptable-candidate,,False,FAIL,5,6,6,0,72768,6,0,0,1,2459,0,2884,True,0eb7c7a77e4b456676dffc68907a6f6168140dfa899def583d5974334b795296,f5cca999c452e06f58fdeaf9a8fb38aee606e489d47776d3a1246f53648201d0,65a8f633f986e890d2e4256700db3ab62c1ee3b69418af30e61531b3c96b62c6,e8480c4a54840e68d7cf3a62c5075e4fc02e6966+dirty:e3b0c44298fc,/Users/kevin/local-repos/ConcIR/experiments/pilot-v1/raw/pilot/p2_interf__main__a__r2/artifact.json,False
pilot,p2_interf,interference,a,3,main,"{""candidate_budget"":64,""max_depth"":4,""max_total_edits"":4,""verification_budget"":64}",no_acceptable_candidate,no_acceptable_candidate,no-acceptable-candidate,,False,FAIL,5,6,6,0,72768,6,0,0,1,2447,0,2873,True,0eb7c7a77e4b456676dffc68907a6f6168140dfa899def583d5974334b795296,f5cca999c452e06f58fdeaf9a8fb38aee606e489d47776d3a1246f53648201d0,65a8f633f986e890d2e4256700db3ab62c1ee3b69418af30e61531b3c96b62c6,e8480c4a54840e68d7cf3a62c5075e4fc02e6966+dirty:e3b0c44298fc,/Users/kevin/local-repos/ConcIR/experiments/pilot-v1/raw/pilot/p2_interf__main__a__r3/artifact.json,False
pilot,p2_interf,interference,a,1,tight,"{""candidate_budget"":8,""max_depth"":1,""max_total_edits"":1,""verification_budget"":4}",budget_exhausted,budget_exhausted,verification-budget,,False,FAIL,4,4,4,0,47948,4,0,0,1,1614,0,2052,True,0eb7c7a77e4b456676dffc68907a6f6168140dfa899def583d5974334b795296,f5cca999c452e06f58fdeaf9a8fb38aee606e489d47776d3a1246f53648201d0,65a8f633f986e890d2e4256700db3ab62c1ee3b69418af30e61531b3c96b62c6,e8480c4a54840e68d7cf3a62c5075e4fc02e6966+dirty:e3b0c44298fc,/Users/kevin/local-repos/ConcIR/experiments/pilot-v1/raw/pilot/p2_interf__tight__a__r1/artifact.json,False
pilot,p2_interf,interference,b,1,main,"{""candidate_budget"":64,""max_depth"":4,""max_total_edits"":4,""verification_budget"":64}",repaired,repaired,solved,,False,FAIL,8,8,8,1,93856,8,2,2,0,3140,0,3912,True,0eb7c7a77e4b456676dffc68907a6f6168140dfa899def583d5974334b795296,f5cca999c452e06f58fdeaf9a8fb38aee606e489d47776d3a1246f53648201d0,65a8f633f986e890d2e4256700db3ab62c1ee3b69418af30e61531b3c96b62c6,e8480c4a54840e68d7cf3a62c5075e4fc02e6966+dirty:e3b0c44298fc,/Users/kevin/local-repos/ConcIR/experiments/pilot-v1/raw/pilot/p2_interf__main__b__r1/artifact.json,False
pilot,p2_interf,interference,b,2,main,"{""candidate_budget"":64,""max_depth"":4,""max_total_edits"":4,""verification_budget"":64}",repaired,repaired,solved,,False,FAIL,8,8,8,1,93856,8,2,2,0,3126,0,3903,True,0eb7c7a77e4b456676dffc68907a6f6168140dfa899def583d5974334b795296,f5cca999c452e06f58fdeaf9a8fb38aee606e489d47776d3a1246f53648201d0,65a8f633f986e890d2e4256700db3ab62c1ee3b69418af30e61531b3c96b62c6,e8480c4a54840e68d7cf3a62c5075e4fc02e6966+dirty:e3b0c44298fc,/Users/kevin/local-repos/ConcIR/experiments/pilot-v1/raw/pilot/p2_interf__main__b__r2/artifact.json,False
pilot,p2_interf,interference,b,3,main,"{""candidate_budget"":64,""max_depth"":4,""max_total_edits"":4,""verification_budget"":64}",repaired,repaired,solved,,False,FAIL,8,8,8,1,93856,8,2,2,0,3140,0,3912,True,0eb7c7a77e4b456676dffc68907a6f6168140dfa899def583d5974334b795296,f5cca999c452e06f58fdeaf9a8fb38aee606e489d47776d3a1246f53648201d0,65a8f633f986e890d2e4256700db3ab62c1ee3b69418af30e61531b3c96b62c6,e8480c4a54840e68d7cf3a62c5075e4fc02e6966+dirty:e3b0c44298fc,/Users/kevin/local-repos/ConcIR/experiments/pilot-v1/raw/pilot/p2_interf__main__b__r3/artifact.json,False
pilot,p2_interf,interference,b,1,tight,"{""candidate_budget"":8,""max_depth"":1,""max_total_edits"":1,""verification_budget"":4}",budget_exhausted,budget_exhausted,verification-budget,,False,FAIL,4,4,4,0,47948,4,0,0,1,1619,0,2054,True,0eb7c7a77e4b456676dffc68907a6f6168140dfa899def583d5974334b795296,f5cca999c452e06f58fdeaf9a8fb38aee606e489d47776d3a1246f53648201d0,65a8f633f986e890d2e4256700db3ab62c1ee3b69418af30e61531b3c96b62c6,e8480c4a54840e68d7cf3a62c5075e4fc02e6966+dirty:e3b0c44298fc,/Users/kevin/local-repos/ConcIR/experiments/pilot-v1/raw/pilot/p2_interf__tight__b__r1/artifact.json,False
pilot,p2_interf,interference,c,1,main,"{""candidate_budget"":64,""max_depth"":4,""max_total_edits"":4,""verification_budget"":64}",repaired,repaired,solved,,False,FAIL,5,6,6,0,69600,6,2,2,0,2340,0,3104,True,0eb7c7a77e4b456676dffc68907a6f6168140dfa899def583d5974334b795296,f5cca999c452e06f58fdeaf9a8fb38aee606e489d47776d3a1246f53648201d0,65a8f633f986e890d2e4256700db3ab62c1ee3b69418af30e61531b3c96b62c6,e8480c4a54840e68d7cf3a62c5075e4fc02e6966+dirty:e3b0c44298fc,/Users/kevin/local-repos/ConcIR/experiments/pilot-v1/raw/pilot/p2_interf__main__c__r1/artifact.json,False
pilot,p2_interf,interference,c,2,main,"{""candidate_budget"":64,""max_depth"":4,""max_total_edits"":4,""verification_budget"":64}",repaired,repaired,solved,,False,FAIL,5,6,6,0,69600,6,2,2,0,2346,0,3120,True,0eb7c7a77e4b456676dffc68907a6f6168140dfa899def583d5974334b795296,f5cca999c452e06f58fdeaf9a8fb38aee606e489d47776d3a1246f53648201d0,65a8f633f986e890d2e4256700db3ab62c1ee3b69418af30e61531b3c96b62c6,e8480c4a54840e68d7cf3a62c5075e4fc02e6966+dirty:e3b0c44298fc,/Users/kevin/local-repos/ConcIR/experiments/pilot-v1/raw/pilot/p2_interf__main__c__r2/artifact.json,False
pilot,p2_interf,interference,c,3,main,"{""candidate_budget"":64,""max_depth"":4,""max_total_edits"":4,""verification_budget"":64}",repaired,repaired,solved,,False,FAIL,5,6,6,0,69600,6,2,2,0,2331,0,3110,True,0eb7c7a77e4b456676dffc68907a6f6168140dfa899def583d5974334b795296,f5cca999c452e06f58fdeaf9a8fb38aee606e489d47776d3a1246f53648201d0,65a8f633f986e890d2e4256700db3ab62c1ee3b69418af30e61531b3c96b62c6,e8480c4a54840e68d7cf3a62c5075e4fc02e6966+dirty:e3b0c44298fc,/Users/kevin/local-repos/ConcIR/experiments/pilot-v1/raw/pilot/p2_interf__main__c__r3/artifact.json,False
pilot,p2_interf,interference,c,1,tight,"{""candidate_budget"":8,""max_depth"":1,""max_total_edits"":1,""verification_budget"":4}",budget_exhausted,budget_exhausted,verification-budget,,False,FAIL,4,4,4,0,47948,4,0,0,1,1622,0,2061,True,0eb7c7a77e4b456676dffc68907a6f6168140dfa899def583d5974334b795296,f5cca999c452e06f58fdeaf9a8fb38aee606e489d47776d3a1246f53648201d0,65a8f633f986e890d2e4256700db3ab62c1ee3b69418af30e61531b3c96b62c6,e8480c4a54840e68d7cf3a62c5075e4fc02e6966+dirty:e3b0c44298fc,/Users/kevin/local-repos/ConcIR/experiments/pilot-v1/raw/pilot/p2_interf__tight__c__r1/artifact.json,False
pilot,p3_interf,interference,a,1,main,"{""candidate_budget"":64,""max_depth"":4,""max_total_edits"":4,""verification_budget"":64}",analysis_unknown,analysis_unknown,root-unknown,,True,UNKNOWN,0,1,1,0,20000,1,0,0,3,834,0,1595,True,06014dfe5717d6650e0454e099a1762144d707cdd47e72ad3de6bcb584268d01,cf2640de8387abd4f391a55e110bbada09b12ad1e45b7813581d88b7c907ecff,65a8f633f986e890d2e4256700db3ab62c1ee3b69418af30e61531b3c96b62c6,e8480c4a54840e68d7cf3a62c5075e4fc02e6966+dirty:e3b0c44298fc,/Users/kevin/local-repos/ConcIR/experiments/pilot-v1/raw/pilot/p3_interf__main__a__r1/artifact.json,False
pilot,p3_interf,interference,a,2,main,"{""candidate_budget"":64,""max_depth"":4,""max_total_edits"":4,""verification_budget"":64}",analysis_unknown,analysis_unknown,root-unknown,,True,UNKNOWN,0,1,1,0,20000,1,0,0,3,808,0,1589,True,06014dfe5717d6650e0454e099a1762144d707cdd47e72ad3de6bcb584268d01,cf2640de8387abd4f391a55e110bbada09b12ad1e45b7813581d88b7c907ecff,65a8f633f986e890d2e4256700db3ab62c1ee3b69418af30e61531b3c96b62c6,e8480c4a54840e68d7cf3a62c5075e4fc02e6966+dirty:e3b0c44298fc,/Users/kevin/local-repos/ConcIR/experiments/pilot-v1/raw/pilot/p3_interf__main__a__r2/artifact.json,False
pilot,p3_interf,interference,a,3,main,"{""candidate_budget"":64,""max_depth"":4,""max_total_edits"":4,""verification_budget"":64}",analysis_unknown,analysis_unknown,root-unknown,,True,UNKNOWN,0,1,1,0,20000,1,0,0,3,806,0,1591,True,06014dfe5717d6650e0454e099a1762144d707cdd47e72ad3de6bcb584268d01,cf2640de8387abd4f391a55e110bbada09b12ad1e45b7813581d88b7c907ecff,65a8f633f986e890d2e4256700db3ab62c1ee3b69418af30e61531b3c96b62c6,e8480c4a54840e68d7cf3a62c5075e4fc02e6966+dirty:e3b0c44298fc,/Users/kevin/local-repos/ConcIR/experiments/pilot-v1/raw/pilot/p3_interf__main__a__r3/artifact.json,False
pilot,p3_interf,interference,a,1,tight,"{""candidate_budget"":8,""max_depth"":1,""max_total_edits"":1,""verification_budget"":4}",analysis_unknown,analysis_unknown,root-unknown,,True,UNKNOWN,0,1,1,0,20000,1,0,0,3,807,0,1592,True,06014dfe5717d6650e0454e099a1762144d707cdd47e72ad3de6bcb584268d01,cf2640de8387abd4f391a55e110bbada09b12ad1e45b7813581d88b7c907ecff,65a8f633f986e890d2e4256700db3ab62c1ee3b69418af30e61531b3c96b62c6,e8480c4a54840e68d7cf3a62c5075e4fc02e6966+dirty:e3b0c44298fc,/Users/kevin/local-repos/ConcIR/experiments/pilot-v1/raw/pilot/p3_interf__tight__a__r1/artifact.json,False
pilot,p3_interf,interference,b,1,main,"{""candidate_budget"":64,""max_depth"":4,""max_total_edits"":4,""verification_budget"":64}",analysis_unknown,analysis_unknown,root-unknown,,True,UNKNOWN,0,1,1,0,20000,1,0,0,3,809,0,1586,True,06014dfe5717d6650e0454e099a1762144d707cdd47e72ad3de6bcb584268d01,cf2640de8387abd4f391a55e110bbada09b12ad1e45b7813581d88b7c907ecff,65a8f633f986e890d2e4256700db3ab62c1ee3b69418af30e61531b3c96b62c6,e8480c4a54840e68d7cf3a62c5075e4fc02e6966+dirty:e3b0c44298fc,/Users/kevin/local-repos/ConcIR/experiments/pilot-v1/raw/pilot/p3_interf__main__b__r1/artifact.json,False
pilot,p3_interf,interference,b,2,main,"{""candidate_budget"":64,""max_depth"":4,""max_total_edits"":4,""verification_budget"":64}",analysis_unknown,analysis_unknown,root-unknown,,True,UNKNOWN,0,1,1,0,20000,1,0,0,3,809,0,1589,True,06014dfe5717d6650e0454e099a1762144d707cdd47e72ad3de6bcb584268d01,cf2640de8387abd4f391a55e110bbada09b12ad1e45b7813581d88b7c907ecff,65a8f633f986e890d2e4256700db3ab62c1ee3b69418af30e61531b3c96b62c6,e8480c4a54840e68d7cf3a62c5075e4fc02e6966+dirty:e3b0c44298fc,/Users/kevin/local-repos/ConcIR/experiments/pilot-v1/raw/pilot/p3_interf__main__b__r2/artifact.json,False
pilot,p3_interf,interference,b,3,main,"{""candidate_budget"":64,""max_depth"":4,""max_total_edits"":4,""verification_budget"":64}",analysis_unknown,analysis_unknown,root-unknown,,True,UNKNOWN,0,1,1,0,20000,1,0,0,3,803,0,1589,True,06014dfe5717d6650e0454e099a1762144d707cdd47e72ad3de6bcb584268d01,cf2640de8387abd4f391a55e110bbada09b12ad1e45b7813581d88b7c907ecff,65a8f633f986e890d2e4256700db3ab62c1ee3b69418af30e61531b3c96b62c6,e8480c4a54840e68d7cf3a62c5075e4fc02e6966+dirty:e3b0c44298fc,/Users/kevin/local-repos/ConcIR/experiments/pilot-v1/raw/pilot/p3_interf__main__b__r3/artifact.json,False
pilot,p3_interf,interference,b,1,tight,"{""candidate_budget"":8,""max_depth"":1,""max_total_edits"":1,""verification_budget"":4}",analysis_unknown,analysis_unknown,root-unknown,,True,UNKNOWN,0,1,1,0,20000,1,0,0,3,805,0,1591,True,06014dfe5717d6650e0454e099a1762144d707cdd47e72ad3de6bcb584268d01,cf2640de8387abd4f391a55e110bbada09b12ad1e45b7813581d88b7c907ecff,65a8f633f986e890d2e4256700db3ab62c1ee3b69418af30e61531b3c96b62c6,e8480c4a54840e68d7cf3a62c5075e4fc02e6966+dirty:e3b0c44298fc,/Users/kevin/local-repos/ConcIR/experiments/pilot-v1/raw/pilot/p3_interf__tight__b__r1/artifact.json,False
pilot,p3_interf,interference,c,1,main,"{""candidate_budget"":64,""max_depth"":4,""max_total_edits"":4,""verification_budget"":64}",analysis_unknown,analysis_unknown,root-unknown,,True,UNKNOWN,0,1,1,0,20000,1,0,0,3,801,0,1586,True,06014dfe5717d6650e0454e099a1762144d707cdd47e72ad3de6bcb584268d01,cf2640de8387abd4f391a55e110bbada09b12ad1e45b7813581d88b7c907ecff,65a8f633f986e890d2e4256700db3ab62c1ee3b69418af30e61531b3c96b62c6,e8480c4a54840e68d7cf3a62c5075e4fc02e6966+dirty:e3b0c44298fc,/Users/kevin/local-repos/ConcIR/experiments/pilot-v1/raw/pilot/p3_interf__main__c__r1/artifact.json,False
pilot,p3_interf,interference,c,2,main,"{""candidate_budget"":64,""max_depth"":4,""max_total_edits"":4,""verification_budget"":64}",analysis_unknown,analysis_unknown,root-unknown,,True,UNKNOWN,0,1,1,0,20000,1,0,0,3,812,0,1586,True,06014dfe5717d6650e0454e099a1762144d707cdd47e72ad3de6bcb584268d01,cf2640de8387abd4f391a55e110bbada09b12ad1e45b7813581d88b7c907ecff,65a8f633f986e890d2e4256700db3ab62c1ee3b69418af30e61531b3c96b62c6,e8480c4a54840e68d7cf3a62c5075e4fc02e6966+dirty:e3b0c44298fc,/Users/kevin/local-repos/ConcIR/experiments/pilot-v1/raw/pilot/p3_interf__main__c__r2/artifact.json,False
pilot,p3_interf,interference,c,3,main,"{""candidate_budget"":64,""max_depth"":4,""max_total_edits"":4,""verification_budget"":64}",analysis_unknown,analysis_unknown,root-unknown,,True,UNKNOWN,0,1,1,0,20000,1,0,0,3,809,0,1580,True,06014dfe5717d6650e0454e099a1762144d707cdd47e72ad3de6bcb584268d01,cf2640de8387abd4f391a55e110bbada09b12ad1e45b7813581d88b7c907ecff,65a8f633f986e890d2e4256700db3ab62c1ee3b69418af30e61531b3c96b62c6,e8480c4a54840e68d7cf3a62c5075e4fc02e6966+dirty:e3b0c44298fc,/Users/kevin/local-repos/ConcIR/experiments/pilot-v1/raw/pilot/p3_interf__main__c__r3/artifact.json,False
pilot,p3_interf,interference,c,1,tight,"{""candidate_budget"":8,""max_depth"":1,""max_total_edits"":1,""verification_budget"":4}",analysis_unknown,analysis_unknown,root-unknown,,True,UNKNOWN,0,1,1,0,20000,1,0,0,3,804,0,1592,True,06014dfe5717d6650e0454e099a1762144d707cdd47e72ad3de6bcb584268d01,cf2640de8387abd4f391a55e110bbada09b12ad1e45b7813581d88b7c907ecff,65a8f633f986e890d2e4256700db3ab62c1ee3b69418af30e61531b3c96b62c6,e8480c4a54840e68d7cf3a62c5075e4fc02e6966+dirty:e3b0c44298fc,/Users/kevin/local-repos/ConcIR/experiments/pilot-v1/raw/pilot/p3_interf__tight__c__r1/artifact.json,False
pilot,p2_names_swapped,enumerate_order,a,1,main,"{""candidate_budget"":64,""max_depth"":4,""max_total_edits"":4,""verification_budget"":64}",no_acceptable_candidate,no_acceptable_candidate,no-acceptable-candidate,,False,FAIL,4,5,5,0,9927,5,0,0,1,230,0,283,True,02d780eae2576eefcedb989e78be621939456af74f00ae6c2f3e23147c6b4238,a8a5fcff4c6edc0faa8e83efda96e604dd380a35c873f53ed0a65ca14c00c09b,65a8f633f986e890d2e4256700db3ab62c1ee3b69418af30e61531b3c96b62c6,e8480c4a54840e68d7cf3a62c5075e4fc02e6966+dirty:e3b0c44298fc,/Users/kevin/local-repos/ConcIR/experiments/pilot-v1/raw/pilot/p2_names_swapped__main__a__r1/artifact.json,False
pilot,p2_names_swapped,enumerate_order,a,2,main,"{""candidate_budget"":64,""max_depth"":4,""max_total_edits"":4,""verification_budget"":64}",no_acceptable_candidate,no_acceptable_candidate,no-acceptable-candidate,,False,FAIL,4,5,5,0,9927,5,0,0,1,277,0,277,True,02d780eae2576eefcedb989e78be621939456af74f00ae6c2f3e23147c6b4238,a8a5fcff4c6edc0faa8e83efda96e604dd380a35c873f53ed0a65ca14c00c09b,65a8f633f986e890d2e4256700db3ab62c1ee3b69418af30e61531b3c96b62c6,e8480c4a54840e68d7cf3a62c5075e4fc02e6966+dirty:e3b0c44298fc,/Users/kevin/local-repos/ConcIR/experiments/pilot-v1/raw/pilot/p2_names_swapped__main__a__r2/artifact.json,False
pilot,p2_names_swapped,enumerate_order,a,3,main,"{""candidate_budget"":64,""max_depth"":4,""max_total_edits"":4,""verification_budget"":64}",no_acceptable_candidate,no_acceptable_candidate,no-acceptable-candidate,,False,FAIL,4,5,5,0,9927,5,0,0,1,235,0,278,True,02d780eae2576eefcedb989e78be621939456af74f00ae6c2f3e23147c6b4238,a8a5fcff4c6edc0faa8e83efda96e604dd380a35c873f53ed0a65ca14c00c09b,65a8f633f986e890d2e4256700db3ab62c1ee3b69418af30e61531b3c96b62c6,e8480c4a54840e68d7cf3a62c5075e4fc02e6966+dirty:e3b0c44298fc,/Users/kevin/local-repos/ConcIR/experiments/pilot-v1/raw/pilot/p2_names_swapped__main__a__r3/artifact.json,False
pilot,p2_names_swapped,enumerate_order,a,1,tight,"{""candidate_budget"":8,""max_depth"":1,""max_total_edits"":1,""verification_budget"":4}",budget_exhausted,budget_exhausted,verification-budget,,False,FAIL,4,4,4,0,7998,4,0,0,1,195,0,240,True,02d780eae2576eefcedb989e78be621939456af74f00ae6c2f3e23147c6b4238,a8a5fcff4c6edc0faa8e83efda96e604dd380a35c873f53ed0a65ca14c00c09b,65a8f633f986e890d2e4256700db3ab62c1ee3b69418af30e61531b3c96b62c6,e8480c4a54840e68d7cf3a62c5075e4fc02e6966+dirty:e3b0c44298fc,/Users/kevin/local-repos/ConcIR/experiments/pilot-v1/raw/pilot/p2_names_swapped__tight__a__r1/artifact.json,False
pilot,p2_names_swapped,enumerate_order,b,1,main,"{""candidate_budget"":64,""max_depth"":4,""max_total_edits"":4,""verification_budget"":64}",repaired,repaired,solved,,False,FAIL,7,7,7,1,13445,7,2,2,0,311,0,394,True,02d780eae2576eefcedb989e78be621939456af74f00ae6c2f3e23147c6b4238,a8a5fcff4c6edc0faa8e83efda96e604dd380a35c873f53ed0a65ca14c00c09b,65a8f633f986e890d2e4256700db3ab62c1ee3b69418af30e61531b3c96b62c6,e8480c4a54840e68d7cf3a62c5075e4fc02e6966+dirty:e3b0c44298fc,/Users/kevin/local-repos/ConcIR/experiments/pilot-v1/raw/pilot/p2_names_swapped__main__b__r1/artifact.json,False
pilot,p2_names_swapped,enumerate_order,b,2,main,"{""candidate_budget"":64,""max_depth"":4,""max_total_edits"":4,""verification_budget"":64}",repaired,repaired,solved,,False,FAIL,7,7,7,1,13445,7,2,2,0,311,0,390,True,02d780eae2576eefcedb989e78be621939456af74f00ae6c2f3e23147c6b4238,a8a5fcff4c6edc0faa8e83efda96e604dd380a35c873f53ed0a65ca14c00c09b,65a8f633f986e890d2e4256700db3ab62c1ee3b69418af30e61531b3c96b62c6,e8480c4a54840e68d7cf3a62c5075e4fc02e6966+dirty:e3b0c44298fc,/Users/kevin/local-repos/ConcIR/experiments/pilot-v1/raw/pilot/p2_names_swapped__main__b__r2/artifact.json,False
pilot,p2_names_swapped,enumerate_order,b,3,main,"{""candidate_budget"":64,""max_depth"":4,""max_total_edits"":4,""verification_budget"":64}",repaired,repaired,solved,,False,FAIL,7,7,7,1,13445,7,2,2,0,309,0,391,True,02d780eae2576eefcedb989e78be621939456af74f00ae6c2f3e23147c6b4238,a8a5fcff4c6edc0faa8e83efda96e604dd380a35c873f53ed0a65ca14c00c09b,65a8f633f986e890d2e4256700db3ab62c1ee3b69418af30e61531b3c96b62c6,e8480c4a54840e68d7cf3a62c5075e4fc02e6966+dirty:e3b0c44298fc,/Users/kevin/local-repos/ConcIR/experiments/pilot-v1/raw/pilot/p2_names_swapped__main__b__r3/artifact.json,False
pilot,p2_names_swapped,enumerate_order,b,1,tight,"{""candidate_budget"":8,""max_depth"":1,""max_total_edits"":1,""verification_budget"":4}",budget_exhausted,budget_exhausted,verification-budget,,False,FAIL,4,4,4,0,7998,4,0,0,1,189,0,236,True,02d780eae2576eefcedb989e78be621939456af74f00ae6c2f3e23147c6b4238,a8a5fcff4c6edc0faa8e83efda96e604dd380a35c873f53ed0a65ca14c00c09b,65a8f633f986e890d2e4256700db3ab62c1ee3b69418af30e61531b3c96b62c6,e8480c4a54840e68d7cf3a62c5075e4fc02e6966+dirty:e3b0c44298fc,/Users/kevin/local-repos/ConcIR/experiments/pilot-v1/raw/pilot/p2_names_swapped__tight__b__r1/artifact.json,False
pilot,p2_names_swapped,enumerate_order,c,1,main,"{""candidate_budget"":64,""max_depth"":4,""max_total_edits"":4,""verification_budget"":64}",repaired,repaired,solved,,False,FAIL,5,6,6,0,11610,6,2,2,0,269,0,350,True,02d780eae2576eefcedb989e78be621939456af74f00ae6c2f3e23147c6b4238,a8a5fcff4c6edc0faa8e83efda96e604dd380a35c873f53ed0a65ca14c00c09b,65a8f633f986e890d2e4256700db3ab62c1ee3b69418af30e61531b3c96b62c6,e8480c4a54840e68d7cf3a62c5075e4fc02e6966+dirty:e3b0c44298fc,/Users/kevin/local-repos/ConcIR/experiments/pilot-v1/raw/pilot/p2_names_swapped__main__c__r1/artifact.json,False
pilot,p2_names_swapped,enumerate_order,c,2,main,"{""candidate_budget"":64,""max_depth"":4,""max_total_edits"":4,""verification_budget"":64}",repaired,repaired,solved,,False,FAIL,5,6,6,0,11610,6,2,2,0,269,0,348,True,02d780eae2576eefcedb989e78be621939456af74f00ae6c2f3e23147c6b4238,a8a5fcff4c6edc0faa8e83efda96e604dd380a35c873f53ed0a65ca14c00c09b,65a8f633f986e890d2e4256700db3ab62c1ee3b69418af30e61531b3c96b62c6,e8480c4a54840e68d7cf3a62c5075e4fc02e6966+dirty:e3b0c44298fc,/Users/kevin/local-repos/ConcIR/experiments/pilot-v1/raw/pilot/p2_names_swapped__main__c__r2/artifact.json,False
pilot,p2_names_swapped,enumerate_order,c,3,main,"{""candidate_budget"":64,""max_depth"":4,""max_total_edits"":4,""verification_budget"":64}",repaired,repaired,solved,,False,FAIL,5,6,6,0,11610,6,2,2,0,270,0,351,True,02d780eae2576eefcedb989e78be621939456af74f00ae6c2f3e23147c6b4238,a8a5fcff4c6edc0faa8e83efda96e604dd380a35c873f53ed0a65ca14c00c09b,65a8f633f986e890d2e4256700db3ab62c1ee3b69418af30e61531b3c96b62c6,e8480c4a54840e68d7cf3a62c5075e4fc02e6966+dirty:e3b0c44298fc,/Users/kevin/local-repos/ConcIR/experiments/pilot-v1/raw/pilot/p2_names_swapped__main__c__r3/artifact.json,False
pilot,p2_names_swapped,enumerate_order,c,1,tight,"{""candidate_budget"":8,""max_depth"":1,""max_total_edits"":1,""verification_budget"":4}",budget_exhausted,budget_exhausted,verification-budget,,False,FAIL,4,4,4,0,7998,4,0,0,1,192,0,236,True,02d780eae2576eefcedb989e78be621939456af74f00ae6c2f3e23147c6b4238,a8a5fcff4c6edc0faa8e83efda96e604dd380a35c873f53ed0a65ca14c00c09b,65a8f633f986e890d2e4256700db3ab62c1ee3b69418af30e61531b3c96b62c6,e8480c4a54840e68d7cf3a62c5075e4fc02e6966+dirty:e3b0c44298fc,/Users/kevin/local-repos/ConcIR/experiments/pilot-v1/raw/pilot/p2_names_swapped__tight__c__r1/artifact.json,False
pilot,p2_modules_swapped,enumerate_order,a,1,main,"{""candidate_budget"":64,""max_depth"":4,""max_total_edits"":4,""verification_budget"":64}",no_acceptable_candidate,no_acceptable_candidate,no-acceptable-candidate,,False,FAIL,4,5,5,0,9927,5,0,0,1,234,0,278,True,3307f24bfbadf903927861534aae511558fe155879d019f853f141203c4dfe5f,c9ffc9edf413f5211fc6bd991f3525d017b9cb78c24a25ed7599d626e3ac6bcb,65a8f633f986e890d2e4256700db3ab62c1ee3b69418af30e61531b3c96b62c6,e8480c4a54840e68d7cf3a62c5075e4fc02e6966+dirty:e3b0c44298fc,/Users/kevin/local-repos/ConcIR/experiments/pilot-v1/raw/pilot/p2_modules_swapped__main__a__r1/artifact.json,False
pilot,p2_modules_swapped,enumerate_order,a,2,main,"{""candidate_budget"":64,""max_depth"":4,""max_total_edits"":4,""verification_budget"":64}",no_acceptable_candidate,no_acceptable_candidate,no-acceptable-candidate,,False,FAIL,4,5,5,0,9927,5,0,0,1,235,0,277,True,3307f24bfbadf903927861534aae511558fe155879d019f853f141203c4dfe5f,c9ffc9edf413f5211fc6bd991f3525d017b9cb78c24a25ed7599d626e3ac6bcb,65a8f633f986e890d2e4256700db3ab62c1ee3b69418af30e61531b3c96b62c6,e8480c4a54840e68d7cf3a62c5075e4fc02e6966+dirty:e3b0c44298fc,/Users/kevin/local-repos/ConcIR/experiments/pilot-v1/raw/pilot/p2_modules_swapped__main__a__r2/artifact.json,False
pilot,p2_modules_swapped,enumerate_order,a,3,main,"{""candidate_budget"":64,""max_depth"":4,""max_total_edits"":4,""verification_budget"":64}",no_acceptable_candidate,no_acceptable_candidate,no-acceptable-candidate,,False,FAIL,4,5,5,0,9927,5,0,0,1,234,0,278,True,3307f24bfbadf903927861534aae511558fe155879d019f853f141203c4dfe5f,c9ffc9edf413f5211fc6bd991f3525d017b9cb78c24a25ed7599d626e3ac6bcb,65a8f633f986e890d2e4256700db3ab62c1ee3b69418af30e61531b3c96b62c6,e8480c4a54840e68d7cf3a62c5075e4fc02e6966+dirty:e3b0c44298fc,/Users/kevin/local-repos/ConcIR/experiments/pilot-v1/raw/pilot/p2_modules_swapped__main__a__r3/artifact.json,False
pilot,p2_modules_swapped,enumerate_order,a,1,tight,"{""candidate_budget"":8,""max_depth"":1,""max_total_edits"":1,""verification_budget"":4}",budget_exhausted,budget_exhausted,verification-budget,,False,FAIL,4,4,4,0,7998,4,0,0,1,191,0,234,True,3307f24bfbadf903927861534aae511558fe155879d019f853f141203c4dfe5f,c9ffc9edf413f5211fc6bd991f3525d017b9cb78c24a25ed7599d626e3ac6bcb,65a8f633f986e890d2e4256700db3ab62c1ee3b69418af30e61531b3c96b62c6,e8480c4a54840e68d7cf3a62c5075e4fc02e6966+dirty:e3b0c44298fc,/Users/kevin/local-repos/ConcIR/experiments/pilot-v1/raw/pilot/p2_modules_swapped__tight__a__r1/artifact.json,False
pilot,p2_modules_swapped,enumerate_order,b,1,main,"{""candidate_budget"":64,""max_depth"":4,""max_total_edits"":4,""verification_budget"":64}",repaired,repaired,solved,,False,FAIL,7,7,7,1,13445,7,2,2,0,309,0,391,True,3307f24bfbadf903927861534aae511558fe155879d019f853f141203c4dfe5f,c9ffc9edf413f5211fc6bd991f3525d017b9cb78c24a25ed7599d626e3ac6bcb,65a8f633f986e890d2e4256700db3ab62c1ee3b69418af30e61531b3c96b62c6,e8480c4a54840e68d7cf3a62c5075e4fc02e6966+dirty:e3b0c44298fc,/Users/kevin/local-repos/ConcIR/experiments/pilot-v1/raw/pilot/p2_modules_swapped__main__b__r1/artifact.json,False
pilot,p2_modules_swapped,enumerate_order,b,2,main,"{""candidate_budget"":64,""max_depth"":4,""max_total_edits"":4,""verification_budget"":64}",repaired,repaired,solved,,False,FAIL,7,7,7,1,13445,7,2,2,0,310,0,391,True,3307f24bfbadf903927861534aae511558fe155879d019f853f141203c4dfe5f,c9ffc9edf413f5211fc6bd991f3525d017b9cb78c24a25ed7599d626e3ac6bcb,65a8f633f986e890d2e4256700db3ab62c1ee3b69418af30e61531b3c96b62c6,e8480c4a54840e68d7cf3a62c5075e4fc02e6966+dirty:e3b0c44298fc,/Users/kevin/local-repos/ConcIR/experiments/pilot-v1/raw/pilot/p2_modules_swapped__main__b__r2/artifact.json,False
pilot,p2_modules_swapped,enumerate_order,b,3,main,"{""candidate_budget"":64,""max_depth"":4,""max_total_edits"":4,""verification_budget"":64}",repaired,repaired,solved,,False,FAIL,7,7,7,1,13445,7,2,2,0,310,0,392,True,3307f24bfbadf903927861534aae511558fe155879d019f853f141203c4dfe5f,c9ffc9edf413f5211fc6bd991f3525d017b9cb78c24a25ed7599d626e3ac6bcb,65a8f633f986e890d2e4256700db3ab62c1ee3b69418af30e61531b3c96b62c6,e8480c4a54840e68d7cf3a62c5075e4fc02e6966+dirty:e3b0c44298fc,/Users/kevin/local-repos/ConcIR/experiments/pilot-v1/raw/pilot/p2_modules_swapped__main__b__r3/artifact.json,False
pilot,p2_modules_swapped,enumerate_order,b,1,tight,"{""candidate_budget"":8,""max_depth"":1,""max_total_edits"":1,""verification_budget"":4}",budget_exhausted,budget_exhausted,verification-budget,,False,FAIL,4,4,4,0,7998,4,0,0,1,192,0,237,True,3307f24bfbadf903927861534aae511558fe155879d019f853f141203c4dfe5f,c9ffc9edf413f5211fc6bd991f3525d017b9cb78c24a25ed7599d626e3ac6bcb,65a8f633f986e890d2e4256700db3ab62c1ee3b69418af30e61531b3c96b62c6,e8480c4a54840e68d7cf3a62c5075e4fc02e6966+dirty:e3b0c44298fc,/Users/kevin/local-repos/ConcIR/experiments/pilot-v1/raw/pilot/p2_modules_swapped__tight__b__r1/artifact.json,False
pilot,p2_modules_swapped,enumerate_order,c,1,main,"{""candidate_budget"":64,""max_depth"":4,""max_total_edits"":4,""verification_budget"":64}",repaired,repaired,solved,,False,FAIL,5,6,6,0,11610,6,2,2,0,272,0,356,True,3307f24bfbadf903927861534aae511558fe155879d019f853f141203c4dfe5f,c9ffc9edf413f5211fc6bd991f3525d017b9cb78c24a25ed7599d626e3ac6bcb,65a8f633f986e890d2e4256700db3ab62c1ee3b69418af30e61531b3c96b62c6,e8480c4a54840e68d7cf3a62c5075e4fc02e6966+dirty:e3b0c44298fc,/Users/kevin/local-repos/ConcIR/experiments/pilot-v1/raw/pilot/p2_modules_swapped__main__c__r1/artifact.json,False
pilot,p2_modules_swapped,enumerate_order,c,2,main,"{""candidate_budget"":64,""max_depth"":4,""max_total_edits"":4,""verification_budget"":64}",repaired,repaired,solved,,False,FAIL,5,6,6,0,11610,6,2,2,0,271,0,379,True,3307f24bfbadf903927861534aae511558fe155879d019f853f141203c4dfe5f,c9ffc9edf413f5211fc6bd991f3525d017b9cb78c24a25ed7599d626e3ac6bcb,65a8f633f986e890d2e4256700db3ab62c1ee3b69418af30e61531b3c96b62c6,e8480c4a54840e68d7cf3a62c5075e4fc02e6966+dirty:e3b0c44298fc,/Users/kevin/local-repos/ConcIR/experiments/pilot-v1/raw/pilot/p2_modules_swapped__main__c__r2/artifact.json,False
pilot,p2_modules_swapped,enumerate_order,c,3,main,"{""candidate_budget"":64,""max_depth"":4,""max_total_edits"":4,""verification_budget"":64}",repaired,repaired,solved,,False,FAIL,5,6,6,0,11610,6,2,2,0,271,0,353,True,3307f24bfbadf903927861534aae511558fe155879d019f853f141203c4dfe5f,c9ffc9edf413f5211fc6bd991f3525d017b9cb78c24a25ed7599d626e3ac6bcb,65a8f633f986e890d2e4256700db3ab62c1ee3b69418af30e61531b3c96b62c6,e8480c4a54840e68d7cf3a62c5075e4fc02e6966+dirty:e3b0c44298fc,/Users/kevin/local-repos/ConcIR/experiments/pilot-v1/raw/pilot/p2_modules_swapped__main__c__r3/artifact.json,False
pilot,p2_modules_swapped,enumerate_order,c,1,tight,"{""candidate_budget"":8,""max_depth"":1,""max_total_edits"":1,""verification_budget"":4}",budget_exhausted,budget_exhausted,verification-budget,,False,FAIL,4,4,4,0,7998,4,0,0,1,190,0,236,True,3307f24bfbadf903927861534aae511558fe155879d019f853f141203c4dfe5f,c9ffc9edf413f5211fc6bd991f3525d017b9cb78c24a25ed7599d626e3ac6bcb,65a8f633f986e890d2e4256700db3ab62c1ee3b69418af30e61531b3c96b62c6,e8480c4a54840e68d7cf3a62c5075e4fc02e6966+dirty:e3b0c44298fc,/Users/kevin/local-repos/ConcIR/experiments/pilot-v1/raw/pilot/p2_modules_swapped__tight__c__r1/artifact.json,False
pilot,c_already_correct,controls,a,1,main,"{""candidate_budget"":64,""max_depth"":4,""max_total_edits"":4,""verification_budget"":64}",already_satisfied,already_satisfied,already-satisfied,,False,PASS,0,1,1,0,8,1,0,0,0,7,0,2,True,60042bd41b1acd325f807ce29c64abbbb72d4c4c3e54c043dec36aa9e44c5ae4,97e96f1db3d34db6293207d0da121b13d33dad95258429cb36e446f96339f6fc,65a8f633f986e890d2e4256700db3ab62c1ee3b69418af30e61531b3c96b62c6,e8480c4a54840e68d7cf3a62c5075e4fc02e6966+dirty:e3b0c44298fc,/Users/kevin/local-repos/ConcIR/experiments/pilot-v1/raw/pilot/c_already_correct__main__a__r1/artifact.json,False
pilot,c_already_correct,controls,a,2,main,"{""candidate_budget"":64,""max_depth"":4,""max_total_edits"":4,""verification_budget"":64}",already_satisfied,already_satisfied,already-satisfied,,False,PASS,0,1,1,0,8,1,0,0,0,7,0,2,True,60042bd41b1acd325f807ce29c64abbbb72d4c4c3e54c043dec36aa9e44c5ae4,97e96f1db3d34db6293207d0da121b13d33dad95258429cb36e446f96339f6fc,65a8f633f986e890d2e4256700db3ab62c1ee3b69418af30e61531b3c96b62c6,e8480c4a54840e68d7cf3a62c5075e4fc02e6966+dirty:e3b0c44298fc,/Users/kevin/local-repos/ConcIR/experiments/pilot-v1/raw/pilot/c_already_correct__main__a__r2/artifact.json,False
pilot,c_already_correct,controls,a,3,main,"{""candidate_budget"":64,""max_depth"":4,""max_total_edits"":4,""verification_budget"":64}",already_satisfied,already_satisfied,already-satisfied,,False,PASS,0,1,1,0,8,1,0,0,0,6,0,2,True,60042bd41b1acd325f807ce29c64abbbb72d4c4c3e54c043dec36aa9e44c5ae4,97e96f1db3d34db6293207d0da121b13d33dad95258429cb36e446f96339f6fc,65a8f633f986e890d2e4256700db3ab62c1ee3b69418af30e61531b3c96b62c6,e8480c4a54840e68d7cf3a62c5075e4fc02e6966+dirty:e3b0c44298fc,/Users/kevin/local-repos/ConcIR/experiments/pilot-v1/raw/pilot/c_already_correct__main__a__r3/artifact.json,False
pilot,c_already_correct,controls,a,1,tight,"{""candidate_budget"":8,""max_depth"":1,""max_total_edits"":1,""verification_budget"":4}",already_satisfied,already_satisfied,already-satisfied,,False,PASS,0,1,1,0,8,1,0,0,0,7,0,2,True,60042bd41b1acd325f807ce29c64abbbb72d4c4c3e54c043dec36aa9e44c5ae4,97e96f1db3d34db6293207d0da121b13d33dad95258429cb36e446f96339f6fc,65a8f633f986e890d2e4256700db3ab62c1ee3b69418af30e61531b3c96b62c6,e8480c4a54840e68d7cf3a62c5075e4fc02e6966+dirty:e3b0c44298fc,/Users/kevin/local-repos/ConcIR/experiments/pilot-v1/raw/pilot/c_already_correct__tight__a__r1/artifact.json,False
pilot,c_already_correct,controls,b,1,main,"{""candidate_budget"":64,""max_depth"":4,""max_total_edits"":4,""verification_budget"":64}",already_satisfied,already_satisfied,already-satisfied,,False,PASS,0,1,1,0,8,1,0,0,0,6,0,2,True,60042bd41b1acd325f807ce29c64abbbb72d4c4c3e54c043dec36aa9e44c5ae4,97e96f1db3d34db6293207d0da121b13d33dad95258429cb36e446f96339f6fc,65a8f633f986e890d2e4256700db3ab62c1ee3b69418af30e61531b3c96b62c6,e8480c4a54840e68d7cf3a62c5075e4fc02e6966+dirty:e3b0c44298fc,/Users/kevin/local-repos/ConcIR/experiments/pilot-v1/raw/pilot/c_already_correct__main__b__r1/artifact.json,False
pilot,c_already_correct,controls,b,2,main,"{""candidate_budget"":64,""max_depth"":4,""max_total_edits"":4,""verification_budget"":64}",already_satisfied,already_satisfied,already-satisfied,,False,PASS,0,1,1,0,8,1,0,0,0,7,0,2,True,60042bd41b1acd325f807ce29c64abbbb72d4c4c3e54c043dec36aa9e44c5ae4,97e96f1db3d34db6293207d0da121b13d33dad95258429cb36e446f96339f6fc,65a8f633f986e890d2e4256700db3ab62c1ee3b69418af30e61531b3c96b62c6,e8480c4a54840e68d7cf3a62c5075e4fc02e6966+dirty:e3b0c44298fc,/Users/kevin/local-repos/ConcIR/experiments/pilot-v1/raw/pilot/c_already_correct__main__b__r2/artifact.json,False
pilot,c_already_correct,controls,b,3,main,"{""candidate_budget"":64,""max_depth"":4,""max_total_edits"":4,""verification_budget"":64}",already_satisfied,already_satisfied,already-satisfied,,False,PASS,0,1,1,0,8,1,0,0,0,7,0,3,True,60042bd41b1acd325f807ce29c64abbbb72d4c4c3e54c043dec36aa9e44c5ae4,97e96f1db3d34db6293207d0da121b13d33dad95258429cb36e446f96339f6fc,65a8f633f986e890d2e4256700db3ab62c1ee3b69418af30e61531b3c96b62c6,e8480c4a54840e68d7cf3a62c5075e4fc02e6966+dirty:e3b0c44298fc,/Users/kevin/local-repos/ConcIR/experiments/pilot-v1/raw/pilot/c_already_correct__main__b__r3/artifact.json,False
pilot,c_already_correct,controls,b,1,tight,"{""candidate_budget"":8,""max_depth"":1,""max_total_edits"":1,""verification_budget"":4}",already_satisfied,already_satisfied,already-satisfied,,False,PASS,0,1,1,0,8,1,0,0,0,7,0,2,True,60042bd41b1acd325f807ce29c64abbbb72d4c4c3e54c043dec36aa9e44c5ae4,97e96f1db3d34db6293207d0da121b13d33dad95258429cb36e446f96339f6fc,65a8f633f986e890d2e4256700db3ab62c1ee3b69418af30e61531b3c96b62c6,e8480c4a54840e68d7cf3a62c5075e4fc02e6966+dirty:e3b0c44298fc,/Users/kevin/local-repos/ConcIR/experiments/pilot-v1/raw/pilot/c_already_correct__tight__b__r1/artifact.json,False
pilot,c_already_correct,controls,c,1,main,"{""candidate_budget"":64,""max_depth"":4,""max_total_edits"":4,""verification_budget"":64}",already_satisfied,already_satisfied,already-satisfied,,False,PASS,0,1,1,0,8,1,0,0,0,6,0,2,True,60042bd41b1acd325f807ce29c64abbbb72d4c4c3e54c043dec36aa9e44c5ae4,97e96f1db3d34db6293207d0da121b13d33dad95258429cb36e446f96339f6fc,65a8f633f986e890d2e4256700db3ab62c1ee3b69418af30e61531b3c96b62c6,e8480c4a54840e68d7cf3a62c5075e4fc02e6966+dirty:e3b0c44298fc,/Users/kevin/local-repos/ConcIR/experiments/pilot-v1/raw/pilot/c_already_correct__main__c__r1/artifact.json,False
pilot,c_already_correct,controls,c,2,main,"{""candidate_budget"":64,""max_depth"":4,""max_total_edits"":4,""verification_budget"":64}",already_satisfied,already_satisfied,already-satisfied,,False,PASS,0,1,1,0,8,1,0,0,0,7,0,2,True,60042bd41b1acd325f807ce29c64abbbb72d4c4c3e54c043dec36aa9e44c5ae4,97e96f1db3d34db6293207d0da121b13d33dad95258429cb36e446f96339f6fc,65a8f633f986e890d2e4256700db3ab62c1ee3b69418af30e61531b3c96b62c6,e8480c4a54840e68d7cf3a62c5075e4fc02e6966+dirty:e3b0c44298fc,/Users/kevin/local-repos/ConcIR/experiments/pilot-v1/raw/pilot/c_already_correct__main__c__r2/artifact.json,False
pilot,c_already_correct,controls,c,3,main,"{""candidate_budget"":64,""max_depth"":4,""max_total_edits"":4,""verification_budget"":64}",already_satisfied,already_satisfied,already-satisfied,,False,PASS,0,1,1,0,8,1,0,0,0,6,0,2,True,60042bd41b1acd325f807ce29c64abbbb72d4c4c3e54c043dec36aa9e44c5ae4,97e96f1db3d34db6293207d0da121b13d33dad95258429cb36e446f96339f6fc,65a8f633f986e890d2e4256700db3ab62c1ee3b69418af30e61531b3c96b62c6,e8480c4a54840e68d7cf3a62c5075e4fc02e6966+dirty:e3b0c44298fc,/Users/kevin/local-repos/ConcIR/experiments/pilot-v1/raw/pilot/c_already_correct__main__c__r3/artifact.json,False
pilot,c_already_correct,controls,c,1,tight,"{""candidate_budget"":8,""max_depth"":1,""max_total_edits"":1,""verification_budget"":4}",already_satisfied,already_satisfied,already-satisfied,,False,PASS,0,1,1,0,8,1,0,0,0,6,0,2,True,60042bd41b1acd325f807ce29c64abbbb72d4c4c3e54c043dec36aa9e44c5ae4,97e96f1db3d34db6293207d0da121b13d33dad95258429cb36e446f96339f6fc,65a8f633f986e890d2e4256700db3ab62c1ee3b69418af30e61531b3c96b62c6,e8480c4a54840e68d7cf3a62c5075e4fc02e6966+dirty:e3b0c44298fc,/Users/kevin/local-repos/ConcIR/experiments/pilot-v1/raw/pilot/c_already_correct__tight__c__r1/artifact.json,False
pilot,c_already_correct_interf,controls,a,1,main,"{""candidate_budget"":64,""max_depth"":4,""max_total_edits"":4,""verification_budget"":64}",already_satisfied,already_satisfied,already-satisfied,,False,PASS,0,1,1,0,38,1,0,0,0,7,0,3,True,8b0d0bc8ef9ca56c2d5de61a65228742445dc084356f2856d904648ea5d1a72e,d3d8f0816219368dbf493ef8c19b7f53b3cf2222029e79ec809719423ebaa44d,65a8f633f986e890d2e4256700db3ab62c1ee3b69418af30e61531b3c96b62c6,e8480c4a54840e68d7cf3a62c5075e4fc02e6966+dirty:e3b0c44298fc,/Users/kevin/local-repos/ConcIR/experiments/pilot-v1/raw/pilot/c_already_correct_interf__main__a__r1/artifact.json,False
pilot,c_already_correct_interf,controls,a,2,main,"{""candidate_budget"":64,""max_depth"":4,""max_total_edits"":4,""verification_budget"":64}",already_satisfied,already_satisfied,already-satisfied,,False,PASS,0,1,1,0,38,1,0,0,0,7,0,3,True,8b0d0bc8ef9ca56c2d5de61a65228742445dc084356f2856d904648ea5d1a72e,d3d8f0816219368dbf493ef8c19b7f53b3cf2222029e79ec809719423ebaa44d,65a8f633f986e890d2e4256700db3ab62c1ee3b69418af30e61531b3c96b62c6,e8480c4a54840e68d7cf3a62c5075e4fc02e6966+dirty:e3b0c44298fc,/Users/kevin/local-repos/ConcIR/experiments/pilot-v1/raw/pilot/c_already_correct_interf__main__a__r2/artifact.json,False
pilot,c_already_correct_interf,controls,a,3,main,"{""candidate_budget"":64,""max_depth"":4,""max_total_edits"":4,""verification_budget"":64}",already_satisfied,already_satisfied,already-satisfied,,False,PASS,0,1,1,0,38,1,0,0,0,7,0,3,True,8b0d0bc8ef9ca56c2d5de61a65228742445dc084356f2856d904648ea5d1a72e,d3d8f0816219368dbf493ef8c19b7f53b3cf2222029e79ec809719423ebaa44d,65a8f633f986e890d2e4256700db3ab62c1ee3b69418af30e61531b3c96b62c6,e8480c4a54840e68d7cf3a62c5075e4fc02e6966+dirty:e3b0c44298fc,/Users/kevin/local-repos/ConcIR/experiments/pilot-v1/raw/pilot/c_already_correct_interf__main__a__r3/artifact.json,False
pilot,c_already_correct_interf,controls,a,1,tight,"{""candidate_budget"":8,""max_depth"":1,""max_total_edits"":1,""verification_budget"":4}",already_satisfied,already_satisfied,already-satisfied,,False,PASS,0,1,1,0,38,1,0,0,0,7,0,3,True,8b0d0bc8ef9ca56c2d5de61a65228742445dc084356f2856d904648ea5d1a72e,d3d8f0816219368dbf493ef8c19b7f53b3cf2222029e79ec809719423ebaa44d,65a8f633f986e890d2e4256700db3ab62c1ee3b69418af30e61531b3c96b62c6,e8480c4a54840e68d7cf3a62c5075e4fc02e6966+dirty:e3b0c44298fc,/Users/kevin/local-repos/ConcIR/experiments/pilot-v1/raw/pilot/c_already_correct_interf__tight__a__r1/artifact.json,False
pilot,c_already_correct_interf,controls,b,1,main,"{""candidate_budget"":64,""max_depth"":4,""max_total_edits"":4,""verification_budget"":64}",already_satisfied,already_satisfied,already-satisfied,,False,PASS,0,1,1,0,38,1,0,0,0,7,0,3,True,8b0d0bc8ef9ca56c2d5de61a65228742445dc084356f2856d904648ea5d1a72e,d3d8f0816219368dbf493ef8c19b7f53b3cf2222029e79ec809719423ebaa44d,65a8f633f986e890d2e4256700db3ab62c1ee3b69418af30e61531b3c96b62c6,e8480c4a54840e68d7cf3a62c5075e4fc02e6966+dirty:e3b0c44298fc,/Users/kevin/local-repos/ConcIR/experiments/pilot-v1/raw/pilot/c_already_correct_interf__main__b__r1/artifact.json,False
pilot,c_already_correct_interf,controls,b,2,main,"{""candidate_budget"":64,""max_depth"":4,""max_total_edits"":4,""verification_budget"":64}",already_satisfied,already_satisfied,already-satisfied,,False,PASS,0,1,1,0,38,1,0,0,0,6,0,3,True,8b0d0bc8ef9ca56c2d5de61a65228742445dc084356f2856d904648ea5d1a72e,d3d8f0816219368dbf493ef8c19b7f53b3cf2222029e79ec809719423ebaa44d,65a8f633f986e890d2e4256700db3ab62c1ee3b69418af30e61531b3c96b62c6,e8480c4a54840e68d7cf3a62c5075e4fc02e6966+dirty:e3b0c44298fc,/Users/kevin/local-repos/ConcIR/experiments/pilot-v1/raw/pilot/c_already_correct_interf__main__b__r2/artifact.json,False
pilot,c_already_correct_interf,controls,b,3,main,"{""candidate_budget"":64,""max_depth"":4,""max_total_edits"":4,""verification_budget"":64}",already_satisfied,already_satisfied,already-satisfied,,False,PASS,0,1,1,0,38,1,0,0,0,7,0,3,True,8b0d0bc8ef9ca56c2d5de61a65228742445dc084356f2856d904648ea5d1a72e,d3d8f0816219368dbf493ef8c19b7f53b3cf2222029e79ec809719423ebaa44d,65a8f633f986e890d2e4256700db3ab62c1ee3b69418af30e61531b3c96b62c6,e8480c4a54840e68d7cf3a62c5075e4fc02e6966+dirty:e3b0c44298fc,/Users/kevin/local-repos/ConcIR/experiments/pilot-v1/raw/pilot/c_already_correct_interf__main__b__r3/artifact.json,False
pilot,c_already_correct_interf,controls,b,1,tight,"{""candidate_budget"":8,""max_depth"":1,""max_total_edits"":1,""verification_budget"":4}",already_satisfied,already_satisfied,already-satisfied,,False,PASS,0,1,1,0,38,1,0,0,0,7,0,3,True,8b0d0bc8ef9ca56c2d5de61a65228742445dc084356f2856d904648ea5d1a72e,d3d8f0816219368dbf493ef8c19b7f53b3cf2222029e79ec809719423ebaa44d,65a8f633f986e890d2e4256700db3ab62c1ee3b69418af30e61531b3c96b62c6,e8480c4a54840e68d7cf3a62c5075e4fc02e6966+dirty:e3b0c44298fc,/Users/kevin/local-repos/ConcIR/experiments/pilot-v1/raw/pilot/c_already_correct_interf__tight__b__r1/artifact.json,False
pilot,c_already_correct_interf,controls,c,1,main,"{""candidate_budget"":64,""max_depth"":4,""max_total_edits"":4,""verification_budget"":64}",already_satisfied,already_satisfied,already-satisfied,,False,PASS,0,1,1,0,38,1,0,0,0,7,0,3,True,8b0d0bc8ef9ca56c2d5de61a65228742445dc084356f2856d904648ea5d1a72e,d3d8f0816219368dbf493ef8c19b7f53b3cf2222029e79ec809719423ebaa44d,65a8f633f986e890d2e4256700db3ab62c1ee3b69418af30e61531b3c96b62c6,e8480c4a54840e68d7cf3a62c5075e4fc02e6966+dirty:e3b0c44298fc,/Users/kevin/local-repos/ConcIR/experiments/pilot-v1/raw/pilot/c_already_correct_interf__main__c__r1/artifact.json,False
pilot,c_already_correct_interf,controls,c,2,main,"{""candidate_budget"":64,""max_depth"":4,""max_total_edits"":4,""verification_budget"":64}",already_satisfied,already_satisfied,already-satisfied,,False,PASS,0,1,1,0,38,1,0,0,0,7,0,3,True,8b0d0bc8ef9ca56c2d5de61a65228742445dc084356f2856d904648ea5d1a72e,d3d8f0816219368dbf493ef8c19b7f53b3cf2222029e79ec809719423ebaa44d,65a8f633f986e890d2e4256700db3ab62c1ee3b69418af30e61531b3c96b62c6,e8480c4a54840e68d7cf3a62c5075e4fc02e6966+dirty:e3b0c44298fc,/Users/kevin/local-repos/ConcIR/experiments/pilot-v1/raw/pilot/c_already_correct_interf__main__c__r2/artifact.json,False
pilot,c_already_correct_interf,controls,c,3,main,"{""candidate_budget"":64,""max_depth"":4,""max_total_edits"":4,""verification_budget"":64}",already_satisfied,already_satisfied,already-satisfied,,False,PASS,0,1,1,0,38,1,0,0,0,7,0,3,True,8b0d0bc8ef9ca56c2d5de61a65228742445dc084356f2856d904648ea5d1a72e,d3d8f0816219368dbf493ef8c19b7f53b3cf2222029e79ec809719423ebaa44d,65a8f633f986e890d2e4256700db3ab62c1ee3b69418af30e61531b3c96b62c6,e8480c4a54840e68d7cf3a62c5075e4fc02e6966+dirty:e3b0c44298fc,/Users/kevin/local-repos/ConcIR/experiments/pilot-v1/raw/pilot/c_already_correct_interf__main__c__r3/artifact.json,False
pilot,c_already_correct_interf,controls,c,1,tight,"{""candidate_budget"":8,""max_depth"":1,""max_total_edits"":1,""verification_budget"":4}",already_satisfied,already_satisfied,already-satisfied,,False,PASS,0,1,1,0,38,1,0,0,0,7,0,3,True,8b0d0bc8ef9ca56c2d5de61a65228742445dc084356f2856d904648ea5d1a72e,d3d8f0816219368dbf493ef8c19b7f53b3cf2222029e79ec809719423ebaa44d,65a8f633f986e890d2e4256700db3ab62c1ee3b69418af30e61531b3c96b62c6,e8480c4a54840e68d7cf3a62c5075e4fc02e6966+dirty:e3b0c44298fc,/Users/kevin/local-repos/ConcIR/experiments/pilot-v1/raw/pilot/c_already_correct_interf__tight__c__r1/artifact.json,False
pilot,c_scope_restricted,controls,a,1,main,"{""candidate_budget"":64,""max_depth"":4,""max_total_edits"":4,""verification_budget"":64}",no_acceptable_candidate,no_acceptable_candidate,no-acceptable-candidate,,False,FAIL,0,1,1,0,49,1,0,0,1,8,0,3,True,3c977539e3042f99d57e7727dd6d7e290e67ddba8c0e91d7ba8540286df98483,07c81ad13fab2537eafba310e5c6015231bbf89d3509321703c07cad2f552b7c,65a8f633f986e890d2e4256700db3ab62c1ee3b69418af30e61531b3c96b62c6,e8480c4a54840e68d7cf3a62c5075e4fc02e6966+dirty:e3b0c44298fc,/Users/kevin/local-repos/ConcIR/experiments/pilot-v1/raw/pilot/c_scope_restricted__main__a__r1/artifact.json,False
pilot,c_scope_restricted,controls,a,2,main,"{""candidate_budget"":64,""max_depth"":4,""max_total_edits"":4,""verification_budget"":64}",no_acceptable_candidate,no_acceptable_candidate,no-acceptable-candidate,,False,FAIL,0,1,1,0,49,1,0,0,1,7,0,3,True,3c977539e3042f99d57e7727dd6d7e290e67ddba8c0e91d7ba8540286df98483,07c81ad13fab2537eafba310e5c6015231bbf89d3509321703c07cad2f552b7c,65a8f633f986e890d2e4256700db3ab62c1ee3b69418af30e61531b3c96b62c6,e8480c4a54840e68d7cf3a62c5075e4fc02e6966+dirty:e3b0c44298fc,/Users/kevin/local-repos/ConcIR/experiments/pilot-v1/raw/pilot/c_scope_restricted__main__a__r2/artifact.json,False
pilot,c_scope_restricted,controls,a,3,main,"{""candidate_budget"":64,""max_depth"":4,""max_total_edits"":4,""verification_budget"":64}",no_acceptable_candidate,no_acceptable_candidate,no-acceptable-candidate,,False,FAIL,0,1,1,0,49,1,0,0,1,7,0,3,True,3c977539e3042f99d57e7727dd6d7e290e67ddba8c0e91d7ba8540286df98483,07c81ad13fab2537eafba310e5c6015231bbf89d3509321703c07cad2f552b7c,65a8f633f986e890d2e4256700db3ab62c1ee3b69418af30e61531b3c96b62c6,e8480c4a54840e68d7cf3a62c5075e4fc02e6966+dirty:e3b0c44298fc,/Users/kevin/local-repos/ConcIR/experiments/pilot-v1/raw/pilot/c_scope_restricted__main__a__r3/artifact.json,False
pilot,c_scope_restricted,controls,a,1,tight,"{""candidate_budget"":8,""max_depth"":1,""max_total_edits"":1,""verification_budget"":4}",no_acceptable_candidate,no_acceptable_candidate,no-acceptable-candidate,,False,FAIL,0,1,1,0,49,1,0,0,1,8,0,3,True,3c977539e3042f99d57e7727dd6d7e290e67ddba8c0e91d7ba8540286df98483,07c81ad13fab2537eafba310e5c6015231bbf89d3509321703c07cad2f552b7c,65a8f633f986e890d2e4256700db3ab62c1ee3b69418af30e61531b3c96b62c6,e8480c4a54840e68d7cf3a62c5075e4fc02e6966+dirty:e3b0c44298fc,/Users/kevin/local-repos/ConcIR/experiments/pilot-v1/raw/pilot/c_scope_restricted__tight__a__r1/artifact.json,False
pilot,c_scope_restricted,controls,b,1,main,"{""candidate_budget"":64,""max_depth"":4,""max_total_edits"":4,""verification_budget"":64}",no_acceptable_candidate,no_acceptable_candidate,no-acceptable-candidate,,False,FAIL,0,1,1,0,49,1,0,0,1,7,0,3,True,3c977539e3042f99d57e7727dd6d7e290e67ddba8c0e91d7ba8540286df98483,07c81ad13fab2537eafba310e5c6015231bbf89d3509321703c07cad2f552b7c,65a8f633f986e890d2e4256700db3ab62c1ee3b69418af30e61531b3c96b62c6,e8480c4a54840e68d7cf3a62c5075e4fc02e6966+dirty:e3b0c44298fc,/Users/kevin/local-repos/ConcIR/experiments/pilot-v1/raw/pilot/c_scope_restricted__main__b__r1/artifact.json,False
pilot,c_scope_restricted,controls,b,2,main,"{""candidate_budget"":64,""max_depth"":4,""max_total_edits"":4,""verification_budget"":64}",no_acceptable_candidate,no_acceptable_candidate,no-acceptable-candidate,,False,FAIL,0,1,1,0,49,1,0,0,1,7,0,3,True,3c977539e3042f99d57e7727dd6d7e290e67ddba8c0e91d7ba8540286df98483,07c81ad13fab2537eafba310e5c6015231bbf89d3509321703c07cad2f552b7c,65a8f633f986e890d2e4256700db3ab62c1ee3b69418af30e61531b3c96b62c6,e8480c4a54840e68d7cf3a62c5075e4fc02e6966+dirty:e3b0c44298fc,/Users/kevin/local-repos/ConcIR/experiments/pilot-v1/raw/pilot/c_scope_restricted__main__b__r2/artifact.json,False
pilot,c_scope_restricted,controls,b,3,main,"{""candidate_budget"":64,""max_depth"":4,""max_total_edits"":4,""verification_budget"":64}",no_acceptable_candidate,no_acceptable_candidate,no-acceptable-candidate,,False,FAIL,0,1,1,0,49,1,0,0,1,7,0,3,True,3c977539e3042f99d57e7727dd6d7e290e67ddba8c0e91d7ba8540286df98483,07c81ad13fab2537eafba310e5c6015231bbf89d3509321703c07cad2f552b7c,65a8f633f986e890d2e4256700db3ab62c1ee3b69418af30e61531b3c96b62c6,e8480c4a54840e68d7cf3a62c5075e4fc02e6966+dirty:e3b0c44298fc,/Users/kevin/local-repos/ConcIR/experiments/pilot-v1/raw/pilot/c_scope_restricted__main__b__r3/artifact.json,False
pilot,c_scope_restricted,controls,b,1,tight,"{""candidate_budget"":8,""max_depth"":1,""max_total_edits"":1,""verification_budget"":4}",no_acceptable_candidate,no_acceptable_candidate,no-acceptable-candidate,,False,FAIL,0,1,1,0,49,1,0,0,1,7,0,3,True,3c977539e3042f99d57e7727dd6d7e290e67ddba8c0e91d7ba8540286df98483,07c81ad13fab2537eafba310e5c6015231bbf89d3509321703c07cad2f552b7c,65a8f633f986e890d2e4256700db3ab62c1ee3b69418af30e61531b3c96b62c6,e8480c4a54840e68d7cf3a62c5075e4fc02e6966+dirty:e3b0c44298fc,/Users/kevin/local-repos/ConcIR/experiments/pilot-v1/raw/pilot/c_scope_restricted__tight__b__r1/artifact.json,False
pilot,c_scope_restricted,controls,c,1,main,"{""candidate_budget"":64,""max_depth"":4,""max_total_edits"":4,""verification_budget"":64}",no_acceptable_candidate,no_acceptable_candidate,no-acceptable-candidate,,False,FAIL,0,1,1,0,49,1,0,0,1,7,0,3,True,3c977539e3042f99d57e7727dd6d7e290e67ddba8c0e91d7ba8540286df98483,07c81ad13fab2537eafba310e5c6015231bbf89d3509321703c07cad2f552b7c,65a8f633f986e890d2e4256700db3ab62c1ee3b69418af30e61531b3c96b62c6,e8480c4a54840e68d7cf3a62c5075e4fc02e6966+dirty:e3b0c44298fc,/Users/kevin/local-repos/ConcIR/experiments/pilot-v1/raw/pilot/c_scope_restricted__main__c__r1/artifact.json,False
pilot,c_scope_restricted,controls,c,2,main,"{""candidate_budget"":64,""max_depth"":4,""max_total_edits"":4,""verification_budget"":64}",no_acceptable_candidate,no_acceptable_candidate,no-acceptable-candidate,,False,FAIL,0,1,1,0,49,1,0,0,1,7,0,3,True,3c977539e3042f99d57e7727dd6d7e290e67ddba8c0e91d7ba8540286df98483,07c81ad13fab2537eafba310e5c6015231bbf89d3509321703c07cad2f552b7c,65a8f633f986e890d2e4256700db3ab62c1ee3b69418af30e61531b3c96b62c6,e8480c4a54840e68d7cf3a62c5075e4fc02e6966+dirty:e3b0c44298fc,/Users/kevin/local-repos/ConcIR/experiments/pilot-v1/raw/pilot/c_scope_restricted__main__c__r2/artifact.json,False
pilot,c_scope_restricted,controls,c,3,main,"{""candidate_budget"":64,""max_depth"":4,""max_total_edits"":4,""verification_budget"":64}",no_acceptable_candidate,no_acceptable_candidate,no-acceptable-candidate,,False,FAIL,0,1,1,0,49,1,0,0,1,7,0,3,True,3c977539e3042f99d57e7727dd6d7e290e67ddba8c0e91d7ba8540286df98483,07c81ad13fab2537eafba310e5c6015231bbf89d3509321703c07cad2f552b7c,65a8f633f986e890d2e4256700db3ab62c1ee3b69418af30e61531b3c96b62c6,e8480c4a54840e68d7cf3a62c5075e4fc02e6966+dirty:e3b0c44298fc,/Users/kevin/local-repos/ConcIR/experiments/pilot-v1/raw/pilot/c_scope_restricted__main__c__r3/artifact.json,False
pilot,c_scope_restricted,controls,c,1,tight,"{""candidate_budget"":8,""max_depth"":1,""max_total_edits"":1,""verification_budget"":4}",no_acceptable_candidate,no_acceptable_candidate,no-acceptable-candidate,,False,FAIL,0,1,1,0,49,1,0,0,1,7,0,4,True,3c977539e3042f99d57e7727dd6d7e290e67ddba8c0e91d7ba8540286df98483,07c81ad13fab2537eafba310e5c6015231bbf89d3509321703c07cad2f552b7c,65a8f633f986e890d2e4256700db3ab62c1ee3b69418af30e61531b3c96b62c6,e8480c4a54840e68d7cf3a62c5075e4fc02e6966+dirty:e3b0c44298fc,/Users/kevin/local-repos/ConcIR/experiments/pilot-v1/raw/pilot/c_scope_restricted__tight__c__r1/artifact.json,False
pilot,c_lock_reorder_forbidden,controls,a,1,main,"{""candidate_budget"":64,""max_depth"":4,""max_total_edits"":4,""verification_budget"":64}",no_acceptable_candidate,no_acceptable_candidate,no-acceptable-candidate,,False,FAIL,0,1,1,0,49,1,0,0,1,8,0,3,True,beca25c886199237ca977f51518b4eb323949ce4e4e85854ba5812472b3f79bc,e713b07336e7c0c6b6113a3c34a93ab69eae33d52cd3b7c4d3c4c52ea82d40cf,65a8f633f986e890d2e4256700db3ab62c1ee3b69418af30e61531b3c96b62c6,e8480c4a54840e68d7cf3a62c5075e4fc02e6966+dirty:e3b0c44298fc,/Users/kevin/local-repos/ConcIR/experiments/pilot-v1/raw/pilot/c_lock_reorder_forbidden__main__a__r1/artifact.json,False
pilot,c_lock_reorder_forbidden,controls,a,2,main,"{""candidate_budget"":64,""max_depth"":4,""max_total_edits"":4,""verification_budget"":64}",no_acceptable_candidate,no_acceptable_candidate,no-acceptable-candidate,,False,FAIL,0,1,1,0,49,1,0,0,1,7,0,3,True,beca25c886199237ca977f51518b4eb323949ce4e4e85854ba5812472b3f79bc,e713b07336e7c0c6b6113a3c34a93ab69eae33d52cd3b7c4d3c4c52ea82d40cf,65a8f633f986e890d2e4256700db3ab62c1ee3b69418af30e61531b3c96b62c6,e8480c4a54840e68d7cf3a62c5075e4fc02e6966+dirty:e3b0c44298fc,/Users/kevin/local-repos/ConcIR/experiments/pilot-v1/raw/pilot/c_lock_reorder_forbidden__main__a__r2/artifact.json,False
pilot,c_lock_reorder_forbidden,controls,a,3,main,"{""candidate_budget"":64,""max_depth"":4,""max_total_edits"":4,""verification_budget"":64}",no_acceptable_candidate,no_acceptable_candidate,no-acceptable-candidate,,False,FAIL,0,1,1,0,49,1,0,0,1,7,0,3,True,beca25c886199237ca977f51518b4eb323949ce4e4e85854ba5812472b3f79bc,e713b07336e7c0c6b6113a3c34a93ab69eae33d52cd3b7c4d3c4c52ea82d40cf,65a8f633f986e890d2e4256700db3ab62c1ee3b69418af30e61531b3c96b62c6,e8480c4a54840e68d7cf3a62c5075e4fc02e6966+dirty:e3b0c44298fc,/Users/kevin/local-repos/ConcIR/experiments/pilot-v1/raw/pilot/c_lock_reorder_forbidden__main__a__r3/artifact.json,False
pilot,c_lock_reorder_forbidden,controls,a,1,tight,"{""candidate_budget"":8,""max_depth"":1,""max_total_edits"":1,""verification_budget"":4}",no_acceptable_candidate,no_acceptable_candidate,no-acceptable-candidate,,False,FAIL,0,1,1,0,49,1,0,0,1,7,0,4,True,beca25c886199237ca977f51518b4eb323949ce4e4e85854ba5812472b3f79bc,e713b07336e7c0c6b6113a3c34a93ab69eae33d52cd3b7c4d3c4c52ea82d40cf,65a8f633f986e890d2e4256700db3ab62c1ee3b69418af30e61531b3c96b62c6,e8480c4a54840e68d7cf3a62c5075e4fc02e6966+dirty:e3b0c44298fc,/Users/kevin/local-repos/ConcIR/experiments/pilot-v1/raw/pilot/c_lock_reorder_forbidden__tight__a__r1/artifact.json,False
pilot,c_lock_reorder_forbidden,controls,b,1,main,"{""candidate_budget"":64,""max_depth"":4,""max_total_edits"":4,""verification_budget"":64}",no_acceptable_candidate,no_acceptable_candidate,no-acceptable-candidate,,False,FAIL,0,1,1,0,49,1,0,0,1,7,0,3,True,beca25c886199237ca977f51518b4eb323949ce4e4e85854ba5812472b3f79bc,e713b07336e7c0c6b6113a3c34a93ab69eae33d52cd3b7c4d3c4c52ea82d40cf,65a8f633f986e890d2e4256700db3ab62c1ee3b69418af30e61531b3c96b62c6,e8480c4a54840e68d7cf3a62c5075e4fc02e6966+dirty:e3b0c44298fc,/Users/kevin/local-repos/ConcIR/experiments/pilot-v1/raw/pilot/c_lock_reorder_forbidden__main__b__r1/artifact.json,False
pilot,c_lock_reorder_forbidden,controls,b,2,main,"{""candidate_budget"":64,""max_depth"":4,""max_total_edits"":4,""verification_budget"":64}",no_acceptable_candidate,no_acceptable_candidate,no-acceptable-candidate,,False,FAIL,0,1,1,0,49,1,0,0,1,7,0,3,True,beca25c886199237ca977f51518b4eb323949ce4e4e85854ba5812472b3f79bc,e713b07336e7c0c6b6113a3c34a93ab69eae33d52cd3b7c4d3c4c52ea82d40cf,65a8f633f986e890d2e4256700db3ab62c1ee3b69418af30e61531b3c96b62c6,e8480c4a54840e68d7cf3a62c5075e4fc02e6966+dirty:e3b0c44298fc,/Users/kevin/local-repos/ConcIR/experiments/pilot-v1/raw/pilot/c_lock_reorder_forbidden__main__b__r2/artifact.json,False
pilot,c_lock_reorder_forbidden,controls,b,3,main,"{""candidate_budget"":64,""max_depth"":4,""max_total_edits"":4,""verification_budget"":64}",no_acceptable_candidate,no_acceptable_candidate,no-acceptable-candidate,,False,FAIL,0,1,1,0,49,1,0,0,1,7,0,4,True,beca25c886199237ca977f51518b4eb323949ce4e4e85854ba5812472b3f79bc,e713b07336e7c0c6b6113a3c34a93ab69eae33d52cd3b7c4d3c4c52ea82d40cf,65a8f633f986e890d2e4256700db3ab62c1ee3b69418af30e61531b3c96b62c6,e8480c4a54840e68d7cf3a62c5075e4fc02e6966+dirty:e3b0c44298fc,/Users/kevin/local-repos/ConcIR/experiments/pilot-v1/raw/pilot/c_lock_reorder_forbidden__main__b__r3/artifact.json,False
pilot,c_lock_reorder_forbidden,controls,b,1,tight,"{""candidate_budget"":8,""max_depth"":1,""max_total_edits"":1,""verification_budget"":4}",no_acceptable_candidate,no_acceptable_candidate,no-acceptable-candidate,,False,FAIL,0,1,1,0,49,1,0,0,1,7,0,3,True,beca25c886199237ca977f51518b4eb323949ce4e4e85854ba5812472b3f79bc,e713b07336e7c0c6b6113a3c34a93ab69eae33d52cd3b7c4d3c4c52ea82d40cf,65a8f633f986e890d2e4256700db3ab62c1ee3b69418af30e61531b3c96b62c6,e8480c4a54840e68d7cf3a62c5075e4fc02e6966+dirty:e3b0c44298fc,/Users/kevin/local-repos/ConcIR/experiments/pilot-v1/raw/pilot/c_lock_reorder_forbidden__tight__b__r1/artifact.json,False
pilot,c_lock_reorder_forbidden,controls,c,1,main,"{""candidate_budget"":64,""max_depth"":4,""max_total_edits"":4,""verification_budget"":64}",no_acceptable_candidate,no_acceptable_candidate,no-acceptable-candidate,,False,FAIL,0,1,1,0,49,1,0,0,1,7,0,3,True,beca25c886199237ca977f51518b4eb323949ce4e4e85854ba5812472b3f79bc,e713b07336e7c0c6b6113a3c34a93ab69eae33d52cd3b7c4d3c4c52ea82d40cf,65a8f633f986e890d2e4256700db3ab62c1ee3b69418af30e61531b3c96b62c6,e8480c4a54840e68d7cf3a62c5075e4fc02e6966+dirty:e3b0c44298fc,/Users/kevin/local-repos/ConcIR/experiments/pilot-v1/raw/pilot/c_lock_reorder_forbidden__main__c__r1/artifact.json,False
pilot,c_lock_reorder_forbidden,controls,c,2,main,"{""candidate_budget"":64,""max_depth"":4,""max_total_edits"":4,""verification_budget"":64}",no_acceptable_candidate,no_acceptable_candidate,no-acceptable-candidate,,False,FAIL,0,1,1,0,49,1,0,0,1,7,0,3,True,beca25c886199237ca977f51518b4eb323949ce4e4e85854ba5812472b3f79bc,e713b07336e7c0c6b6113a3c34a93ab69eae33d52cd3b7c4d3c4c52ea82d40cf,65a8f633f986e890d2e4256700db3ab62c1ee3b69418af30e61531b3c96b62c6,e8480c4a54840e68d7cf3a62c5075e4fc02e6966+dirty:e3b0c44298fc,/Users/kevin/local-repos/ConcIR/experiments/pilot-v1/raw/pilot/c_lock_reorder_forbidden__main__c__r2/artifact.json,False
pilot,c_lock_reorder_forbidden,controls,c,3,main,"{""candidate_budget"":64,""max_depth"":4,""max_total_edits"":4,""verification_budget"":64}",no_acceptable_candidate,no_acceptable_candidate,no-acceptable-candidate,,False,FAIL,0,1,1,0,49,1,0,0,1,7,0,3,True,beca25c886199237ca977f51518b4eb323949ce4e4e85854ba5812472b3f79bc,e713b07336e7c0c6b6113a3c34a93ab69eae33d52cd3b7c4d3c4c52ea82d40cf,65a8f633f986e890d2e4256700db3ab62c1ee3b69418af30e61531b3c96b62c6,e8480c4a54840e68d7cf3a62c5075e4fc02e6966+dirty:e3b0c44298fc,/Users/kevin/local-repos/ConcIR/experiments/pilot-v1/raw/pilot/c_lock_reorder_forbidden__main__c__r3/artifact.json,False
pilot,c_lock_reorder_forbidden,controls,c,1,tight,"{""candidate_budget"":8,""max_depth"":1,""max_total_edits"":1,""verification_budget"":4}",no_acceptable_candidate,no_acceptable_candidate,no-acceptable-candidate,,False,FAIL,0,1,1,0,49,1,0,0,1,7,0,3,True,beca25c886199237ca977f51518b4eb323949ce4e4e85854ba5812472b3f79bc,e713b07336e7c0c6b6113a3c34a93ab69eae33d52cd3b7c4d3c4c52ea82d40cf,65a8f633f986e890d2e4256700db3ab62c1ee3b69418af30e61531b3c96b62c6,e8480c4a54840e68d7cf3a62c5075e4fc02e6966+dirty:e3b0c44298fc,/Users/kevin/local-repos/ConcIR/experiments/pilot-v1/raw/pilot/c_lock_reorder_forbidden__tight__c__r1/artifact.json,False
pilot,c_bounds_unknown,controls,a,1,main,"{""candidate_budget"":64,""max_depth"":4,""max_total_edits"":4,""verification_budget"":64}",analysis_unknown,analysis_unknown,root-unknown,,True,UNKNOWN,0,1,1,0,50,1,0,0,3,7,0,4,True,916ca3f1216a0bf8bd92ee53d45d0fd396b2ba43b9357069b3591d0f8e009024,c230bed30edc78720c5d36b5b51d7fece231672d2d7b054d6e5ba3387f1d8b7c,65a8f633f986e890d2e4256700db3ab62c1ee3b69418af30e61531b3c96b62c6,e8480c4a54840e68d7cf3a62c5075e4fc02e6966+dirty:e3b0c44298fc,/Users/kevin/local-repos/ConcIR/experiments/pilot-v1/raw/pilot/c_bounds_unknown__main__a__r1/artifact.json,False
pilot,c_bounds_unknown,controls,a,2,main,"{""candidate_budget"":64,""max_depth"":4,""max_total_edits"":4,""verification_budget"":64}",analysis_unknown,analysis_unknown,root-unknown,,True,UNKNOWN,0,1,1,0,50,1,0,0,3,8,0,3,True,916ca3f1216a0bf8bd92ee53d45d0fd396b2ba43b9357069b3591d0f8e009024,c230bed30edc78720c5d36b5b51d7fece231672d2d7b054d6e5ba3387f1d8b7c,65a8f633f986e890d2e4256700db3ab62c1ee3b69418af30e61531b3c96b62c6,e8480c4a54840e68d7cf3a62c5075e4fc02e6966+dirty:e3b0c44298fc,/Users/kevin/local-repos/ConcIR/experiments/pilot-v1/raw/pilot/c_bounds_unknown__main__a__r2/artifact.json,False
pilot,c_bounds_unknown,controls,a,3,main,"{""candidate_budget"":64,""max_depth"":4,""max_total_edits"":4,""verification_budget"":64}",analysis_unknown,analysis_unknown,root-unknown,,True,UNKNOWN,0,1,1,0,50,1,0,0,3,7,0,4,True,916ca3f1216a0bf8bd92ee53d45d0fd396b2ba43b9357069b3591d0f8e009024,c230bed30edc78720c5d36b5b51d7fece231672d2d7b054d6e5ba3387f1d8b7c,65a8f633f986e890d2e4256700db3ab62c1ee3b69418af30e61531b3c96b62c6,e8480c4a54840e68d7cf3a62c5075e4fc02e6966+dirty:e3b0c44298fc,/Users/kevin/local-repos/ConcIR/experiments/pilot-v1/raw/pilot/c_bounds_unknown__main__a__r3/artifact.json,False
pilot,c_bounds_unknown,controls,a,1,tight,"{""candidate_budget"":8,""max_depth"":1,""max_total_edits"":1,""verification_budget"":4}",analysis_unknown,analysis_unknown,root-unknown,,True,UNKNOWN,0,1,1,0,50,1,0,0,3,8,0,3,True,916ca3f1216a0bf8bd92ee53d45d0fd396b2ba43b9357069b3591d0f8e009024,c230bed30edc78720c5d36b5b51d7fece231672d2d7b054d6e5ba3387f1d8b7c,65a8f633f986e890d2e4256700db3ab62c1ee3b69418af30e61531b3c96b62c6,e8480c4a54840e68d7cf3a62c5075e4fc02e6966+dirty:e3b0c44298fc,/Users/kevin/local-repos/ConcIR/experiments/pilot-v1/raw/pilot/c_bounds_unknown__tight__a__r1/artifact.json,False
pilot,c_bounds_unknown,controls,b,1,main,"{""candidate_budget"":64,""max_depth"":4,""max_total_edits"":4,""verification_budget"":64}",analysis_unknown,analysis_unknown,root-unknown,,True,UNKNOWN,0,1,1,0,50,1,0,0,3,7,0,4,True,916ca3f1216a0bf8bd92ee53d45d0fd396b2ba43b9357069b3591d0f8e009024,c230bed30edc78720c5d36b5b51d7fece231672d2d7b054d6e5ba3387f1d8b7c,65a8f633f986e890d2e4256700db3ab62c1ee3b69418af30e61531b3c96b62c6,e8480c4a54840e68d7cf3a62c5075e4fc02e6966+dirty:e3b0c44298fc,/Users/kevin/local-repos/ConcIR/experiments/pilot-v1/raw/pilot/c_bounds_unknown__main__b__r1/artifact.json,False
pilot,c_bounds_unknown,controls,b,2,main,"{""candidate_budget"":64,""max_depth"":4,""max_total_edits"":4,""verification_budget"":64}",analysis_unknown,analysis_unknown,root-unknown,,True,UNKNOWN,0,1,1,0,50,1,0,0,3,8,0,3,True,916ca3f1216a0bf8bd92ee53d45d0fd396b2ba43b9357069b3591d0f8e009024,c230bed30edc78720c5d36b5b51d7fece231672d2d7b054d6e5ba3387f1d8b7c,65a8f633f986e890d2e4256700db3ab62c1ee3b69418af30e61531b3c96b62c6,e8480c4a54840e68d7cf3a62c5075e4fc02e6966+dirty:e3b0c44298fc,/Users/kevin/local-repos/ConcIR/experiments/pilot-v1/raw/pilot/c_bounds_unknown__main__b__r2/artifact.json,False
pilot,c_bounds_unknown,controls,b,3,main,"{""candidate_budget"":64,""max_depth"":4,""max_total_edits"":4,""verification_budget"":64}",analysis_unknown,analysis_unknown,root-unknown,,True,UNKNOWN,0,1,1,0,50,1,0,0,3,7,0,4,True,916ca3f1216a0bf8bd92ee53d45d0fd396b2ba43b9357069b3591d0f8e009024,c230bed30edc78720c5d36b5b51d7fece231672d2d7b054d6e5ba3387f1d8b7c,65a8f633f986e890d2e4256700db3ab62c1ee3b69418af30e61531b3c96b62c6,e8480c4a54840e68d7cf3a62c5075e4fc02e6966+dirty:e3b0c44298fc,/Users/kevin/local-repos/ConcIR/experiments/pilot-v1/raw/pilot/c_bounds_unknown__main__b__r3/artifact.json,False
pilot,c_bounds_unknown,controls,b,1,tight,"{""candidate_budget"":8,""max_depth"":1,""max_total_edits"":1,""verification_budget"":4}",analysis_unknown,analysis_unknown,root-unknown,,True,UNKNOWN,0,1,1,0,50,1,0,0,3,7,0,4,True,916ca3f1216a0bf8bd92ee53d45d0fd396b2ba43b9357069b3591d0f8e009024,c230bed30edc78720c5d36b5b51d7fece231672d2d7b054d6e5ba3387f1d8b7c,65a8f633f986e890d2e4256700db3ab62c1ee3b69418af30e61531b3c96b62c6,e8480c4a54840e68d7cf3a62c5075e4fc02e6966+dirty:e3b0c44298fc,/Users/kevin/local-repos/ConcIR/experiments/pilot-v1/raw/pilot/c_bounds_unknown__tight__b__r1/artifact.json,False
pilot,c_bounds_unknown,controls,c,1,main,"{""candidate_budget"":64,""max_depth"":4,""max_total_edits"":4,""verification_budget"":64}",analysis_unknown,analysis_unknown,root-unknown,,True,UNKNOWN,0,1,1,0,50,1,0,0,3,8,0,4,True,916ca3f1216a0bf8bd92ee53d45d0fd396b2ba43b9357069b3591d0f8e009024,c230bed30edc78720c5d36b5b51d7fece231672d2d7b054d6e5ba3387f1d8b7c,65a8f633f986e890d2e4256700db3ab62c1ee3b69418af30e61531b3c96b62c6,e8480c4a54840e68d7cf3a62c5075e4fc02e6966+dirty:e3b0c44298fc,/Users/kevin/local-repos/ConcIR/experiments/pilot-v1/raw/pilot/c_bounds_unknown__main__c__r1/artifact.json,False
pilot,c_bounds_unknown,controls,c,2,main,"{""candidate_budget"":64,""max_depth"":4,""max_total_edits"":4,""verification_budget"":64}",analysis_unknown,analysis_unknown,root-unknown,,True,UNKNOWN,0,1,1,0,50,1,0,0,3,7,0,4,True,916ca3f1216a0bf8bd92ee53d45d0fd396b2ba43b9357069b3591d0f8e009024,c230bed30edc78720c5d36b5b51d7fece231672d2d7b054d6e5ba3387f1d8b7c,65a8f633f986e890d2e4256700db3ab62c1ee3b69418af30e61531b3c96b62c6,e8480c4a54840e68d7cf3a62c5075e4fc02e6966+dirty:e3b0c44298fc,/Users/kevin/local-repos/ConcIR/experiments/pilot-v1/raw/pilot/c_bounds_unknown__main__c__r2/artifact.json,False
pilot,c_bounds_unknown,controls,c,3,main,"{""candidate_budget"":64,""max_depth"":4,""max_total_edits"":4,""verification_budget"":64}",analysis_unknown,analysis_unknown,root-unknown,,True,UNKNOWN,0,1,1,0,50,1,0,0,3,7,0,4,True,916ca3f1216a0bf8bd92ee53d45d0fd396b2ba43b9357069b3591d0f8e009024,c230bed30edc78720c5d36b5b51d7fece231672d2d7b054d6e5ba3387f1d8b7c,65a8f633f986e890d2e4256700db3ab62c1ee3b69418af30e61531b3c96b62c6,e8480c4a54840e68d7cf3a62c5075e4fc02e6966+dirty:e3b0c44298fc,/Users/kevin/local-repos/ConcIR/experiments/pilot-v1/raw/pilot/c_bounds_unknown__main__c__r3/artifact.json,False
pilot,c_bounds_unknown,controls,c,1,tight,"{""candidate_budget"":8,""max_depth"":1,""max_total_edits"":1,""verification_budget"":4}",analysis_unknown,analysis_unknown,root-unknown,,True,UNKNOWN,0,1,1,0,50,1,0,0,3,7,0,3,True,916ca3f1216a0bf8bd92ee53d45d0fd396b2ba43b9357069b3591d0f8e009024,c230bed30edc78720c5d36b5b51d7fece231672d2d7b054d6e5ba3387f1d8b7c,65a8f633f986e890d2e4256700db3ab62c1ee3b69418af30e61531b3c96b62c6,e8480c4a54840e68d7cf3a62c5075e4fc02e6966+dirty:e3b0c44298fc,/Users/kevin/local-repos/ConcIR/experiments/pilot-v1/raw/pilot/c_bounds_unknown__tight__c__r1/artifact.json,False
pilot,c_preserved_unsatisfiable,controls,a,1,main,"{""candidate_budget"":64,""max_depth"":4,""max_total_edits"":4,""verification_budget"":64}",no_acceptable_candidate,no_acceptable_candidate,no-acceptable-candidate,,False,FAIL,2,3,3,0,135,3,0,0,1,8,0,4,True,d5c8c4365dbab2bd5ec41b0d37e03b477e815fb51bd6fed855bb65e7e1e5b22b,7c2be4cbf2fda1b70ef75e6f87c0817020cfe53ed2e404fd03a41ab6920445bb,65a8f633f986e890d2e4256700db3ab62c1ee3b69418af30e61531b3c96b62c6,e8480c4a54840e68d7cf3a62c5075e4fc02e6966+dirty:e3b0c44298fc,/Users/kevin/local-repos/ConcIR/experiments/pilot-v1/raw/pilot/c_preserved_unsatisfiable__main__a__r1/artifact.json,False
pilot,c_preserved_unsatisfiable,controls,a,2,main,"{""candidate_budget"":64,""max_depth"":4,""max_total_edits"":4,""verification_budget"":64}",no_acceptable_candidate,no_acceptable_candidate,no-acceptable-candidate,,False,FAIL,2,3,3,0,135,3,0,0,1,8,0,4,True,d5c8c4365dbab2bd5ec41b0d37e03b477e815fb51bd6fed855bb65e7e1e5b22b,7c2be4cbf2fda1b70ef75e6f87c0817020cfe53ed2e404fd03a41ab6920445bb,65a8f633f986e890d2e4256700db3ab62c1ee3b69418af30e61531b3c96b62c6,e8480c4a54840e68d7cf3a62c5075e4fc02e6966+dirty:e3b0c44298fc,/Users/kevin/local-repos/ConcIR/experiments/pilot-v1/raw/pilot/c_preserved_unsatisfiable__main__a__r2/artifact.json,False
pilot,c_preserved_unsatisfiable,controls,a,3,main,"{""candidate_budget"":64,""max_depth"":4,""max_total_edits"":4,""verification_budget"":64}",no_acceptable_candidate,no_acceptable_candidate,no-acceptable-candidate,,False,FAIL,2,3,3,0,135,3,0,0,1,8,0,4,True,d5c8c4365dbab2bd5ec41b0d37e03b477e815fb51bd6fed855bb65e7e1e5b22b,7c2be4cbf2fda1b70ef75e6f87c0817020cfe53ed2e404fd03a41ab6920445bb,65a8f633f986e890d2e4256700db3ab62c1ee3b69418af30e61531b3c96b62c6,e8480c4a54840e68d7cf3a62c5075e4fc02e6966+dirty:e3b0c44298fc,/Users/kevin/local-repos/ConcIR/experiments/pilot-v1/raw/pilot/c_preserved_unsatisfiable__main__a__r3/artifact.json,False
pilot,c_preserved_unsatisfiable,controls,a,1,tight,"{""candidate_budget"":8,""max_depth"":1,""max_total_edits"":1,""verification_budget"":4}",no_acceptable_candidate,no_acceptable_candidate,no-acceptable-candidate,,False,FAIL,2,3,3,0,135,3,0,0,1,8,0,4,True,d5c8c4365dbab2bd5ec41b0d37e03b477e815fb51bd6fed855bb65e7e1e5b22b,7c2be4cbf2fda1b70ef75e6f87c0817020cfe53ed2e404fd03a41ab6920445bb,65a8f633f986e890d2e4256700db3ab62c1ee3b69418af30e61531b3c96b62c6,e8480c4a54840e68d7cf3a62c5075e4fc02e6966+dirty:e3b0c44298fc,/Users/kevin/local-repos/ConcIR/experiments/pilot-v1/raw/pilot/c_preserved_unsatisfiable__tight__a__r1/artifact.json,False
pilot,c_preserved_unsatisfiable,controls,b,1,main,"{""candidate_budget"":64,""max_depth"":4,""max_total_edits"":4,""verification_budget"":64}",no_acceptable_candidate,no_acceptable_candidate,no-acceptable-candidate,,False,FAIL,8,4,4,5,176,4,0,0,1,9,0,4,True,d5c8c4365dbab2bd5ec41b0d37e03b477e815fb51bd6fed855bb65e7e1e5b22b,7c2be4cbf2fda1b70ef75e6f87c0817020cfe53ed2e404fd03a41ab6920445bb,65a8f633f986e890d2e4256700db3ab62c1ee3b69418af30e61531b3c96b62c6,e8480c4a54840e68d7cf3a62c5075e4fc02e6966+dirty:e3b0c44298fc,/Users/kevin/local-repos/ConcIR/experiments/pilot-v1/raw/pilot/c_preserved_unsatisfiable__main__b__r1/artifact.json,False
pilot,c_preserved_unsatisfiable,controls,b,2,main,"{""candidate_budget"":64,""max_depth"":4,""max_total_edits"":4,""verification_budget"":64}",no_acceptable_candidate,no_acceptable_candidate,no-acceptable-candidate,,False,FAIL,8,4,4,5,176,4,0,0,1,9,0,5,True,d5c8c4365dbab2bd5ec41b0d37e03b477e815fb51bd6fed855bb65e7e1e5b22b,7c2be4cbf2fda1b70ef75e6f87c0817020cfe53ed2e404fd03a41ab6920445bb,65a8f633f986e890d2e4256700db3ab62c1ee3b69418af30e61531b3c96b62c6,e8480c4a54840e68d7cf3a62c5075e4fc02e6966+dirty:e3b0c44298fc,/Users/kevin/local-repos/ConcIR/experiments/pilot-v1/raw/pilot/c_preserved_unsatisfiable__main__b__r2/artifact.json,False
pilot,c_preserved_unsatisfiable,controls,b,3,main,"{""candidate_budget"":64,""max_depth"":4,""max_total_edits"":4,""verification_budget"":64}",no_acceptable_candidate,no_acceptable_candidate,no-acceptable-candidate,,False,FAIL,8,4,4,5,176,4,0,0,1,8,0,4,True,d5c8c4365dbab2bd5ec41b0d37e03b477e815fb51bd6fed855bb65e7e1e5b22b,7c2be4cbf2fda1b70ef75e6f87c0817020cfe53ed2e404fd03a41ab6920445bb,65a8f633f986e890d2e4256700db3ab62c1ee3b69418af30e61531b3c96b62c6,e8480c4a54840e68d7cf3a62c5075e4fc02e6966+dirty:e3b0c44298fc,/Users/kevin/local-repos/ConcIR/experiments/pilot-v1/raw/pilot/c_preserved_unsatisfiable__main__b__r3/artifact.json,False
pilot,c_preserved_unsatisfiable,controls,b,1,tight,"{""candidate_budget"":8,""max_depth"":1,""max_total_edits"":1,""verification_budget"":4}",budget_exhausted,budget_exhausted,max-depth,max-depth,False,FAIL,2,3,3,0,135,3,0,0,1,8,0,4,True,d5c8c4365dbab2bd5ec41b0d37e03b477e815fb51bd6fed855bb65e7e1e5b22b,7c2be4cbf2fda1b70ef75e6f87c0817020cfe53ed2e404fd03a41ab6920445bb,65a8f633f986e890d2e4256700db3ab62c1ee3b69418af30e61531b3c96b62c6,e8480c4a54840e68d7cf3a62c5075e4fc02e6966+dirty:e3b0c44298fc,/Users/kevin/local-repos/ConcIR/experiments/pilot-v1/raw/pilot/c_preserved_unsatisfiable__tight__b__r1/artifact.json,False
pilot,c_preserved_unsatisfiable,controls,c,1,main,"{""candidate_budget"":64,""max_depth"":4,""max_total_edits"":4,""verification_budget"":64}",no_acceptable_candidate,no_acceptable_candidate,no-acceptable-candidate,,False,FAIL,8,4,4,5,176,4,0,0,1,9,0,5,True,d5c8c4365dbab2bd5ec41b0d37e03b477e815fb51bd6fed855bb65e7e1e5b22b,7c2be4cbf2fda1b70ef75e6f87c0817020cfe53ed2e404fd03a41ab6920445bb,65a8f633f986e890d2e4256700db3ab62c1ee3b69418af30e61531b3c96b62c6,e8480c4a54840e68d7cf3a62c5075e4fc02e6966+dirty:e3b0c44298fc,/Users/kevin/local-repos/ConcIR/experiments/pilot-v1/raw/pilot/c_preserved_unsatisfiable__main__c__r1/artifact.json,False
pilot,c_preserved_unsatisfiable,controls,c,2,main,"{""candidate_budget"":64,""max_depth"":4,""max_total_edits"":4,""verification_budget"":64}",no_acceptable_candidate,no_acceptable_candidate,no-acceptable-candidate,,False,FAIL,8,4,4,5,176,4,0,0,1,9,0,5,True,d5c8c4365dbab2bd5ec41b0d37e03b477e815fb51bd6fed855bb65e7e1e5b22b,7c2be4cbf2fda1b70ef75e6f87c0817020cfe53ed2e404fd03a41ab6920445bb,65a8f633f986e890d2e4256700db3ab62c1ee3b69418af30e61531b3c96b62c6,e8480c4a54840e68d7cf3a62c5075e4fc02e6966+dirty:e3b0c44298fc,/Users/kevin/local-repos/ConcIR/experiments/pilot-v1/raw/pilot/c_preserved_unsatisfiable__main__c__r2/artifact.json,False
pilot,c_preserved_unsatisfiable,controls,c,3,main,"{""candidate_budget"":64,""max_depth"":4,""max_total_edits"":4,""verification_budget"":64}",no_acceptable_candidate,no_acceptable_candidate,no-acceptable-candidate,,False,FAIL,8,4,4,5,176,4,0,0,1,8,0,4,True,d5c8c4365dbab2bd5ec41b0d37e03b477e815fb51bd6fed855bb65e7e1e5b22b,7c2be4cbf2fda1b70ef75e6f87c0817020cfe53ed2e404fd03a41ab6920445bb,65a8f633f986e890d2e4256700db3ab62c1ee3b69418af30e61531b3c96b62c6,e8480c4a54840e68d7cf3a62c5075e4fc02e6966+dirty:e3b0c44298fc,/Users/kevin/local-repos/ConcIR/experiments/pilot-v1/raw/pilot/c_preserved_unsatisfiable__main__c__r3/artifact.json,False
pilot,c_preserved_unsatisfiable,controls,c,1,tight,"{""candidate_budget"":8,""max_depth"":1,""max_total_edits"":1,""verification_budget"":4}",budget_exhausted,budget_exhausted,max-depth,max-depth,False,FAIL,2,3,3,0,135,3,0,0,1,8,0,4,True,d5c8c4365dbab2bd5ec41b0d37e03b477e815fb51bd6fed855bb65e7e1e5b22b,7c2be4cbf2fda1b70ef75e6f87c0817020cfe53ed2e404fd03a41ab6920445bb,65a8f633f986e890d2e4256700db3ab62c1ee3b69418af30e61531b3c96b62c6,e8480c4a54840e68d7cf3a62c5075e4fc02e6966+dirty:e3b0c44298fc,/Users/kevin/local-repos/ConcIR/experiments/pilot-v1/raw/pilot/c_preserved_unsatisfiable__tight__c__r1/artifact.json,False
