{
  "schema_version": "concir-repair-artifact-v1",
  "source": {
    "crate_version": "0.1.0",
    "binary_fingerprint": "763382a6a366685a"
  },
  "input_program": {
    "program": "pilot",
    "version": "3.5.0",
    "modules": [
      {
        "name": "main",
        "provides": {
          "resources": [
            "a",
            "b",
            "c",
            "d",
            "e",
            "f"
          ],
          "functions": [
            "main",
            "u1ab",
            "u1ba",
            "u2ab",
            "u2ba",
            "u3ab",
            "u3ba"
          ],
          "types": []
        },
        "requires": {
          "resources": [],
          "functions": [],
          "types": []
        },
        "resources": [
          {
            "name": "a",
            "kind": "sync",
            "type": "Mutex",
            "mode": "Sync"
          },
          {
            "name": "b",
            "kind": "sync",
            "type": "Mutex",
            "mode": "Sync"
          },
          {
            "name": "c",
            "kind": "sync",
            "type": "Mutex",
            "mode": "Sync"
          },
          {
            "name": "d",
            "kind": "sync",
            "type": "Mutex",
            "mode": "Sync"
          },
          {
            "name": "e",
            "kind": "sync",
            "type": "Mutex",
            "mode": "Sync"
          },
          {
            "name": "f",
            "kind": "sync",
            "type": "Mutex",
            "mode": "Sync"
          }
        ],
        "protection": [],
        "functions": [
          {
            "name": "main",
            "kind": "normal",
            "form": "closure",
            "body": [
              {
                "sid": "s1",
                "kind": "scope",
                "funcs": [
                  "u1ab",
                  "u1ba",
                  "u2ab",
                  "u2ba",
                  "u3ab",
                  "u3ba"
                ]
              },
              {
                "sid": "s2",
                "kind": "return"
              }
            ]
          },
          {
            "name": "u1ab",
            "kind": "normal",
            "form": "closure",
            "body": [
              {
                "sid": "s1",
                "kind": "mutex_lock",
                "resource": "a"
              },
              {
                "sid": "s2",
                "kind": "mutex_lock",
                "resource": "b"
              },
              {
                "sid": "s3",
                "kind": "mutex_unlock",
                "resource": "b"
              },
              {
                "sid": "s4",
                "kind": "mutex_unlock",
                "resource": "a"
              },
              {
                "sid": "s5",
                "kind": "return"
              }
            ]
          },
          {
            "name": "u1ba",
            "kind": "normal",
            "form": "closure",
            "body": [
              {
                "sid": "s1",
                "kind": "mutex_lock",
                "resource": "b"
              },
              {
                "sid": "s2",
                "kind": "mutex_lock",
                "resource": "a"
              },
              {
                "sid": "s3",
                "kind": "mutex_unlock",
                "resource": "a"
              },
              {
                "sid": "s4",
                "kind": "mutex_unlock",
                "resource": "b"
              },
              {
                "sid": "s5",
                "kind": "return"
              }
            ]
          },
          {
            "name": "u2ab",
            "kind": "normal",
            "form": "closure",
            "body": [
              {
                "sid": "s1",
                "kind": "mutex_lock",
                "resource": "c"
              },
              {
                "sid": "s2",
                "kind": "mutex_lock",
                "resource": "d"
              },
              {
                "sid": "s3",
                "kind": "mutex_unlock",
                "resource": "d"
              },
              {
                "sid": "s4",
                "kind": "mutex_unlock",
                "resource": "c"
              },
              {
                "sid": "s5",
                "kind": "return"
              }
            ]
          },
          {
            "name": "u2ba",
            "kind": "normal",
            "form": "closure",
            "body": [
              {
                "sid": "s1",
                "kind": "mutex_lock",
                "resource": "d"
              },
              {
                "sid": "s2",
                "kind": "mutex_lock",
                "resource": "c"
              },
              {
                "sid": "s3",
                "kind": "mutex_unlock",
                "resource": "c"
              },
              {
                "sid": "s4",
                "kind": "mutex_unlock",
                "resource": "d"
              },
              {
                "sid": "s5",
                "kind": "return"
              }
            ]
          },
          {
            "name": "u3ab",
            "kind": "normal",
            "form": "closure",
            "body": [
              {
                "sid": "s1",
                "kind": "mutex_lock",
                "resource": "e"
              },
              {
                "sid": "s2",
                "kind": "mutex_lock",
                "resource": "f"
              },
              {
                "sid": "s3",
                "kind": "mutex_unlock",
                "resource": "f"
              },
              {
                "sid": "s4",
                "kind": "mutex_unlock",
                "resource": "e"
              },
              {
                "sid": "s5",
                "kind": "return"
              }
            ]
          },
          {
            "name": "u3ba",
            "kind": "normal",
            "form": "closure",
            "body": [
              {
                "sid": "s1",
                "kind": "mutex_lock",
                "resource": "f"
              },
              {
                "sid": "s2",
                "kind": "mutex_lock",
                "resource": "e"
              },
              {
                "sid": "s3",
                "kind": "mutex_unlock",
                "resource": "e"
              },
              {
                "sid": "s4",
                "kind": "mutex_unlock",
                "resource": "f"
              },
              {
                "sid": "s5",
                "kind": "return"
              }
            ]
          }
        ]
      }
    ],
    "entry": "main::main"
  },
  "frozen_contract": {
    "name": "p3_same",
    "properties": [
      {
        "kind": "deadlock_free",
        "id": "no-deadlock"
      }
    ],
    "preserved": [
      {
        "kind": "reachable",
        "description": "main::u1ab completes",
        "goal": {
          "kind": "function_completed",
          "function": "main::u1ab"
        }
      },
      {
        "kind": "reachable",
        "description": "main::u1ba completes",
        "goal": {
          "kind": "function_completed",
          "function": "main::u1ba"
        }
      },
      {
        "kind": "reachable",
        "description": "main::u2ab completes",
        "goal": {
          "kind": "function_completed",
          "function": "main::u2ab"
        }
      },
      {
        "kind": "reachable",
        "description": "main::u2ba completes",
        "goal": {
          "kind": "function_completed",
          "function": "main::u2ba"
        }
      },
      {
        "kind": "reachable",
        "description": "main::u3ab completes",
        "goal": {
          "kind": "function_completed",
          "function": "main::u3ab"
        }
      },
      {
        "kind": "reachable",
        "description": "main::u3ba completes",
        "goal": {
          "kind": "function_completed",
          "function": "main::u3ba"
        }
      }
    ],
    "assumptions": {
      "sequential_consistency": true,
      "no_spurious_wakeups": true
    },
    "bounds": {
      "max_threads": 16,
      "max_frames_per_thread": 16,
      "max_states": 200000,
      "max_depth": 128,
      "max_boundary_events": 512
    },
    "allowed_scope": {
      "functions": [],
      "modules": [],
      "allow_lock_reorder": true,
      "allow_statement_delete": false
    }
  },
  "effective_config": {
    "strategy": "composite",
    "candidate_budget": 64,
    "verification_budget": 64,
    "max_depth": 4,
    "max_total_edits": 4,
    "bounds": {
      "max_threads": 16,
      "max_frames_per_thread": 16,
      "max_states": 200000,
      "max_depth": 128,
      "max_boundary_events": 512
    }
  },
  "nodes": [
    {
      "id": 0,
      "parent": null,
      "depth": 0,
      "total_edits": 0,
      "program_fingerprint": "0758e5f1fb57eda8",
      "incoming": null,
      "report": {
        "outcome": "FAIL",
        "complete": true,
        "states_explored": 103825,
        "transitions_explored": 463892,
        "properties": [
          {
            "id": "no-deadlock",
            "outcome": "FAIL",
            "detail": "a reachable state has no enabled step and unfinished threads"
          },
          {
            "id": "preserved: main::u1ab completes",
            "outcome": "PASS",
            "detail": "preserved reachability: completed(f1)"
          },
          {
            "id": "preserved: main::u1ba completes",
            "outcome": "PASS",
            "detail": "preserved reachability: completed(f2)"
          },
          {
            "id": "preserved: main::u2ab completes",
            "outcome": "PASS",
            "detail": "preserved reachability: completed(f3)"
          },
          {
            "id": "preserved: main::u2ba completes",
            "outcome": "PASS",
            "detail": "preserved reachability: completed(f4)"
          },
          {
            "id": "preserved: main::u3ab completes",
            "outcome": "PASS",
            "detail": "preserved reachability: completed(f5)"
          },
          {
            "id": "preserved: main::u3ba completes",
            "outcome": "PASS",
            "detail": "preserved reachability: completed(f6)"
          }
        ],
        "diagnostics": [
          {
            "property": "no-deadlock",
            "outcome": "FAIL",
            "message": "reachable global deadlock",
            "complete": true,
            "counterexample": [
              {
                "origin": {
                  "module": 0,
                  "function": 0,
                  "sid": 0,
                  "phase": "statement"
                },
                "thread": 0,
                "frame": 0
              },
              {
                "origin": {
                  "module": 0,
                  "function": 1,
                  "sid": 0,
                  "phase": "statement"
                },
                "thread": 1,
                "frame": 1
              },
              {
                "origin": {
                  "module": 0,
                  "function": 2,
                  "sid": 0,
                  "phase": "statement"
                },
                "thread": 2,
                "frame": 2
              },
              {
                "origin": {
                  "module": 0,
                  "function": 1,
                  "sid": 1,
                  "phase": "statement"
                },
                "thread": 1,
                "frame": 1
              },
              {
                "origin": {
                  "module": 0,
                  "function": 2,
                  "sid": 1,
                  "phase": "statement"
                },
                "thread": 2,
                "frame": 2
              },
              {
                "origin": {
                  "module": 0,
                  "function": 3,
                  "sid": 0,
                  "phase": "statement"
                },
                "thread": 3,
                "frame": 3
              },
              {
                "origin": {
                  "module": 0,
                  "function": 4,
                  "sid": 0,
                  "phase": "statement"
                },
                "thread": 4,
                "frame": 4
              },
              {
                "origin": {
                  "module": 0,
                  "function": 3,
                  "sid": 1,
                  "phase": "statement"
                },
                "thread": 3,
                "frame": 3
              },
              {
                "origin": {
                  "module": 0,
                  "function": 4,
                  "sid": 1,
                  "phase": "statement"
                },
                "thread": 4,
                "frame": 4
              },
              {
                "origin": {
                  "module": 0,
                  "function": 5,
                  "sid": 0,
                  "phase": "statement"
                },
                "thread": 5,
                "frame": 5
              },
              {
                "origin": {
                  "module": 0,
                  "function": 6,
                  "sid": 0,
                  "phase": "statement"
                },
                "thread": 6,
                "frame": 6
              },
              {
                "origin": {
                  "module": 0,
                  "function": 5,
                  "sid": 1,
                  "phase": "statement"
                },
                "thread": 5,
                "frame": 5
              },
              {
                "origin": {
                  "module": 0,
                  "function": 6,
                  "sid": 1,
                  "phase": "statement"
                },
                "thread": 6,
                "frame": 6
              }
            ],
            "final_instances": [
              {
                "thread": 0,
                "frame": 0,
                "function": 0,
                "sid": 0,
                "status": "running"
              },
              {
                "thread": 1,
                "frame": 1,
                "function": 1,
                "sid": 1,
                "status": "running"
              },
              {
                "thread": 2,
                "frame": 2,
                "function": 2,
                "sid": 1,
                "status": "running"
              },
              {
                "thread": 3,
                "frame": 3,
                "function": 3,
                "sid": 1,
                "status": "running"
              },
              {
                "thread": 4,
                "frame": 4,
                "function": 4,
                "sid": 1,
                "status": "running"
              },
              {
                "thread": 5,
                "frame": 5,
                "function": 5,
                "sid": 1,
                "status": "running"
              },
              {
                "thread": 6,
                "frame": 6,
                "function": 6,
                "sid": 1,
                "status": "running"
              }
            ],
            "blocked": [
              {
                "thread": 0,
                "kind": "scope",
                "resource": null,
                "resource_name": null,
                "holder": null,
                "waiting": 0,
                "detail": "waiting for scope members"
              },
              {
                "thread": 1,
                "kind": "lock",
                "resource": 1,
                "resource_name": "main::b",
                "holder": 2,
                "waiting": 1,
                "detail": "waiting for a lock"
              },
              {
                "thread": 2,
                "kind": "lock",
                "resource": 0,
                "resource_name": "main::a",
                "holder": 1,
                "waiting": 1,
                "detail": "waiting for a lock"
              },
              {
                "thread": 3,
                "kind": "lock",
                "resource": 3,
                "resource_name": "main::d",
                "holder": 4,
                "waiting": 1,
                "detail": "waiting for a lock"
              },
              {
                "thread": 4,
                "kind": "lock",
                "resource": 2,
                "resource_name": "main::c",
                "holder": 3,
                "waiting": 1,
                "detail": "waiting for a lock"
              },
              {
                "thread": 5,
                "kind": "lock",
                "resource": 5,
                "resource_name": "main::f",
                "holder": 6,
                "waiting": 1,
                "detail": "waiting for a lock"
              },
              {
                "thread": 6,
                "kind": "lock",
                "resource": 4,
                "resource_name": "main::e",
                "holder": 5,
                "waiting": 1,
                "detail": "waiting for a lock"
              }
            ],
            "cir_statements": [
              {
                "module": "main",
                "function": "main",
                "sid": "s1"
              },
              {
                "module": "main",
                "function": "u1ab",
                "sid": "s2"
              },
              {
                "module": "main",
                "function": "u1ba",
                "sid": "s2"
              },
              {
                "module": "main",
                "function": "u2ab",
                "sid": "s2"
              },
              {
                "module": "main",
                "function": "u2ba",
                "sid": "s2"
              },
              {
                "module": "main",
                "function": "u3ab",
                "sid": "s2"
              },
              {
                "module": "main",
                "function": "u3ba",
                "sid": "s2"
              }
            ],
            "proven_facts": [
              "reached a counterexample state after 13 step(s)",
              "explored 103825 reachable states"
            ],
            "repair_hints": [
              "check lock acquisition order, channel capacity, and missing notify/join"
            ]
          }
        ],
        "boundary_events": [],
        "unsupported": [],
        "invalid": [],
        "model_fingerprint": "0758e5f1fb57eda8",
        "contract_fingerprint": "d77beaef151c4a46",
        "assumptions": {
          "sequential_consistency": true,
          "no_spurious_wakeups": true
        },
        "bounds": {
          "max_threads": 16,
          "max_frames_per_thread": 16,
          "max_states": 200000,
          "max_depth": 128,
          "max_boundary_events": 512
        },
        "analysis_started": true
      },
      "note": null
    },
    {
      "id": 1,
      "parent": 0,
      "depth": 1,
      "total_edits": 1,
      "program_fingerprint": "7ada0ab20f788694",
      "incoming": {
        "module": "main",
        "function": "u1ab",
        "changes": [
          {
            "kind": "swap_statements",
            "a": "s1",
            "b": "s2"
          }
        ],
        "provenance": [
          {
            "description": "heuristic: swap an adjacent pair of mutex acquisitions"
          }
        ],
        "original_function_hash": "317c6037f3ac90cd",
        "parent_fingerprint": "0758e5f1fb57eda8",
        "program_fingerprint": "7ada0ab20f788694"
      },
      "report": {
        "outcome": "FAIL",
        "complete": true,
        "states_explored": 90571,
        "transitions_explored": 404531,
        "properties": [
          {
            "id": "no-deadlock",
            "outcome": "FAIL",
            "detail": "a reachable state has no enabled step and unfinished threads"
          },
          {
            "id": "preserved: main::u1ab completes",
            "outcome": "PASS",
            "detail": "preserved reachability: completed(f1)"
          },
          {
            "id": "preserved: main::u1ba completes",
            "outcome": "PASS",
            "detail": "preserved reachability: completed(f2)"
          },
          {
            "id": "preserved: main::u2ab completes",
            "outcome": "PASS",
            "detail": "preserved reachability: completed(f3)"
          },
          {
            "id": "preserved: main::u2ba completes",
            "outcome": "PASS",
            "detail": "preserved reachability: completed(f4)"
          },
          {
            "id": "preserved: main::u3ab completes",
            "outcome": "PASS",
            "detail": "preserved reachability: completed(f5)"
          },
          {
            "id": "preserved: main::u3ba completes",
            "outcome": "PASS",
            "detail": "preserved reachability: completed(f6)"
          }
        ],
        "diagnostics": [
          {
            "property": "no-deadlock",
            "outcome": "FAIL",
            "message": "reachable global deadlock",
            "complete": true,
            "counterexample": [
              {
                "origin": {
                  "module": 0,
                  "function": 0,
                  "sid": 0,
                  "phase": "statement"
                },
                "thread": 0,
                "frame": 0
              },
              {
                "origin": {
                  "module": 0,
                  "function": 1,
                  "sid": 0,
                  "phase": "statement"
                },
                "thread": 1,
                "frame": 1
              },
              {
                "origin": {
                  "module": 0,
                  "function": 1,
                  "sid": 1,
                  "phase": "statement"
                },
                "thread": 1,
                "frame": 1
              },
              {
                "origin": {
                  "module": 0,
                  "function": 1,
                  "sid": 2,
                  "phase": "statement"
                },
                "thread": 1,
                "frame": 1
              },
              {
                "origin": {
                  "module": 0,
                  "function": 1,
                  "sid": 3,
                  "phase": "statement"
                },
                "thread": 1,
                "frame": 1
              },
              {
                "origin": {
                  "module": 0,
                  "function": 1,
                  "sid": 4,
                  "phase": "statement"
                },
                "thread": 1,
                "frame": 1
              },
              {
                "origin": {
                  "module": 0,
                  "function": 2,
                  "sid": 0,
                  "phase": "statement"
                },
                "thread": 2,
                "frame": 2
              },
              {
                "origin": {
                  "module": 0,
                  "function": 2,
                  "sid": 1,
                  "phase": "statement"
                },
                "thread": 2,
                "frame": 2
              },
              {
                "origin": {
                  "module": 0,
                  "function": 2,
                  "sid": 2,
                  "phase": "statement"
                },
                "thread": 2,
                "frame": 2
              },
              {
                "origin": {
                  "module": 0,
                  "function": 2,
                  "sid": 3,
                  "phase": "statement"
                },
                "thread": 2,
                "frame": 2
              },
              {
                "origin": {
                  "module": 0,
                  "function": 2,
                  "sid": 4,
                  "phase": "statement"
                },
                "thread": 2,
                "frame": 2
              },
              {
                "origin": {
                  "module": 0,
                  "function": 3,
                  "sid": 0,
                  "phase": "statement"
                },
                "thread": 3,
                "frame": 3
              },
              {
                "origin": {
                  "module": 0,
                  "function": 4,
                  "sid": 0,
                  "phase": "statement"
                },
                "thread": 4,
                "frame": 4
              },
              {
                "origin": {
                  "module": 0,
                  "function": 3,
                  "sid": 1,
                  "phase": "statement"
                },
                "thread": 3,
                "frame": 3
              },
              {
                "origin": {
                  "module": 0,
                  "function": 4,
                  "sid": 1,
                  "phase": "statement"
                },
                "thread": 4,
                "frame": 4
              },
              {
                "origin": {
                  "module": 0,
                  "function": 5,
                  "sid": 0,
                  "phase": "statement"
                },
                "thread": 5,
                "frame": 5
              },
              {
                "origin": {
                  "module": 0,
                  "function": 6,
                  "sid": 0,
                  "phase": "statement"
                },
                "thread": 6,
                "frame": 6
              },
              {
                "origin": {
                  "module": 0,
                  "function": 5,
                  "sid": 1,
                  "phase": "statement"
                },
                "thread": 5,
                "frame": 5
              },
              {
                "origin": {
                  "module": 0,
                  "function": 6,
                  "sid": 1,
                  "phase": "statement"
                },
                "thread": 6,
                "frame": 6
              }
            ],
            "final_instances": [
              {
                "thread": 0,
                "frame": 0,
                "function": 0,
                "sid": 0,
                "status": "running"
              },
              {
                "thread": 1,
                "frame": null,
                "function": 1,
                "sid": null,
                "status": "finished"
              },
              {
                "thread": 2,
                "frame": null,
                "function": 2,
                "sid": null,
                "status": "finished"
              },
              {
                "thread": 3,
                "frame": 3,
                "function": 3,
                "sid": 1,
                "status": "running"
              },
              {
                "thread": 4,
                "frame": 4,
                "function": 4,
                "sid": 1,
                "status": "running"
              },
              {
                "thread": 5,
                "frame": 5,
                "function": 5,
                "sid": 1,
                "status": "running"
              },
              {
                "thread": 6,
                "frame": 6,
                "function": 6,
                "sid": 1,
                "status": "running"
              }
            ],
            "blocked": [
              {
                "thread": 0,
                "kind": "scope",
                "resource": null,
                "resource_name": null,
                "holder": null,
                "waiting": 0,
                "detail": "waiting for scope members"
              },
              {
                "thread": 3,
                "kind": "lock",
                "resource": 3,
                "resource_name": "main::d",
                "holder": 4,
                "waiting": 1,
                "detail": "waiting for a lock"
              },
              {
                "thread": 4,
                "kind": "lock",
                "resource": 2,
                "resource_name": "main::c",
                "holder": 3,
                "waiting": 1,
                "detail": "waiting for a lock"
              },
              {
                "thread": 5,
                "kind": "lock",
                "resource": 5,
                "resource_name": "main::f",
                "holder": 6,
                "waiting": 1,
                "detail": "waiting for a lock"
              },
              {
                "thread": 6,
                "kind": "lock",
                "resource": 4,
                "resource_name": "main::e",
                "holder": 5,
                "waiting": 1,
                "detail": "waiting for a lock"
              }
            ],
            "cir_statements": [
              {
                "module": "main",
                "function": "main",
                "sid": "s1"
              },
              {
                "module": "main",
                "function": "u1ab",
                "sid": null
              },
              {
                "module": "main",
                "function": "u1ba",
                "sid": null
              },
              {
                "module": "main",
                "function": "u2ab",
                "sid": "s2"
              },
              {
                "module": "main",
                "function": "u2ba",
                "sid": "s2"
              },
              {
                "module": "main",
                "function": "u3ab",
                "sid": "s2"
              },
              {
                "module": "main",
                "function": "u3ba",
                "sid": "s2"
              }
            ],
            "proven_facts": [
              "reached a counterexample state after 19 step(s)",
              "explored 90571 reachable states"
            ],
            "repair_hints": [
              "check lock acquisition order, channel capacity, and missing notify/join"
            ]
          }
        ],
        "boundary_events": [],
        "unsupported": [],
        "invalid": [],
        "model_fingerprint": "7ada0ab20f788694",
        "contract_fingerprint": "d77beaef151c4a46",
        "assumptions": {
          "sequential_consistency": true,
          "no_spurious_wakeups": true
        },
        "bounds": {
          "max_threads": 16,
          "max_frames_per_thread": 16,
          "max_states": 200000,
          "max_depth": 128,
          "max_boundary_events": 512
        },
        "analysis_started": true
      },
      "note": null
    },
    {
      "id": 2,
      "parent": 0,
      "depth": 1,
      "total_edits": 1,
      "program_fingerprint": "dba48c97cb3d0f80",
      "incoming": {
        "module": "main",
        "function": "u1ba",
        "changes": [
          {
            "kind": "swap_statements",
            "a": "s1",
            "b": "s2"
          }
        ],
        "provenance": [
          {
            "description": "heuristic: swap an adjacent pair of mutex acquisitions"
          }
        ],
        "original_function_hash": "5a951e489212d31f",
        "parent_fingerprint": "0758e5f1fb57eda8",
        "program_fingerprint": "dba48c97cb3d0f80"
      },
      "report": {
        "outcome": "FAIL",
        "complete": true,
        "states_explored": 90571,
        "transitions_explored": 404531,
        "properties": [
          {
            "id": "no-deadlock",
            "outcome": "FAIL",
            "detail": "a reachable state has no enabled step and unfinished threads"
          },
          {
            "id": "preserved: main::u1ab completes",
            "outcome": "PASS",
            "detail": "preserved reachability: completed(f1)"
          },
          {
            "id": "preserved: main::u1ba completes",
            "outcome": "PASS",
            "detail": "preserved reachability: completed(f2)"
          },
          {
            "id": "preserved: main::u2ab completes",
            "outcome": "PASS",
            "detail": "preserved reachability: completed(f3)"
          },
          {
            "id": "preserved: main::u2ba completes",
            "outcome": "PASS",
            "detail": "preserved reachability: completed(f4)"
          },
          {
            "id": "preserved: main::u3ab completes",
            "outcome": "PASS",
            "detail": "preserved reachability: completed(f5)"
          },
          {
            "id": "preserved: main::u3ba completes",
            "outcome": "PASS",
            "detail": "preserved reachability: completed(f6)"
          }
        ],
        "diagnostics": [
          {
            "property": "no-deadlock",
            "outcome": "FAIL",
            "message": "reachable global deadlock",
            "complete": true,
            "counterexample": [
              {
                "origin": {
                  "module": 0,
                  "function": 0,
                  "sid": 0,
                  "phase": "statement"
                },
                "thread": 0,
                "frame": 0
              },
              {
                "origin": {
                  "module": 0,
                  "function": 1,
                  "sid": 0,
                  "phase": "statement"
                },
                "thread": 1,
                "frame": 1
              },
              {
                "origin": {
                  "module": 0,
                  "function": 1,
                  "sid": 1,
                  "phase": "statement"
                },
                "thread": 1,
                "frame": 1
              },
              {
                "origin": {
                  "module": 0,
                  "function": 1,
                  "sid": 2,
                  "phase": "statement"
                },
                "thread": 1,
                "frame": 1
              },
              {
                "origin": {
                  "module": 0,
                  "function": 1,
                  "sid": 3,
                  "phase": "statement"
                },
                "thread": 1,
                "frame": 1
              },
              {
                "origin": {
                  "module": 0,
                  "function": 1,
                  "sid": 4,
                  "phase": "statement"
                },
                "thread": 1,
                "frame": 1
              },
              {
                "origin": {
                  "module": 0,
                  "function": 2,
                  "sid": 0,
                  "phase": "statement"
                },
                "thread": 2,
                "frame": 2
              },
              {
                "origin": {
                  "module": 0,
                  "function": 2,
                  "sid": 1,
                  "phase": "statement"
                },
                "thread": 2,
                "frame": 2
              },
              {
                "origin": {
                  "module": 0,
                  "function": 2,
                  "sid": 2,
                  "phase": "statement"
                },
                "thread": 2,
                "frame": 2
              },
              {
                "origin": {
                  "module": 0,
                  "function": 2,
                  "sid": 3,
                  "phase": "statement"
                },
                "thread": 2,
                "frame": 2
              },
              {
                "origin": {
                  "module": 0,
                  "function": 2,
                  "sid": 4,
                  "phase": "statement"
                },
                "thread": 2,
                "frame": 2
              },
              {
                "origin": {
                  "module": 0,
                  "function": 3,
                  "sid": 0,
                  "phase": "statement"
                },
                "thread": 3,
                "frame": 3
              },
              {
                "origin": {
                  "module": 0,
                  "function": 4,
                  "sid": 0,
                  "phase": "statement"
                },
                "thread": 4,
                "frame": 4
              },
              {
                "origin": {
                  "module": 0,
                  "function": 3,
                  "sid": 1,
                  "phase": "statement"
                },
                "thread": 3,
                "frame": 3
              },
              {
                "origin": {
                  "module": 0,
                  "function": 4,
                  "sid": 1,
                  "phase": "statement"
                },
                "thread": 4,
                "frame": 4
              },
              {
                "origin": {
                  "module": 0,
                  "function": 5,
                  "sid": 0,
                  "phase": "statement"
                },
                "thread": 5,
                "frame": 5
              },
              {
                "origin": {
                  "module": 0,
                  "function": 6,
                  "sid": 0,
                  "phase": "statement"
                },
                "thread": 6,
                "frame": 6
              },
              {
                "origin": {
                  "module": 0,
                  "function": 5,
                  "sid": 1,
                  "phase": "statement"
                },
                "thread": 5,
                "frame": 5
              },
              {
                "origin": {
                  "module": 0,
                  "function": 6,
                  "sid": 1,
                  "phase": "statement"
                },
                "thread": 6,
                "frame": 6
              }
            ],
            "final_instances": [
              {
                "thread": 0,
                "frame": 0,
                "function": 0,
                "sid": 0,
                "status": "running"
              },
              {
                "thread": 1,
                "frame": null,
                "function": 1,
                "sid": null,
                "status": "finished"
              },
              {
                "thread": 2,
                "frame": null,
                "function": 2,
                "sid": null,
                "status": "finished"
              },
              {
                "thread": 3,
                "frame": 3,
                "function": 3,
                "sid": 1,
                "status": "running"
              },
              {
                "thread": 4,
                "frame": 4,
                "function": 4,
                "sid": 1,
                "status": "running"
              },
              {
                "thread": 5,
                "frame": 5,
                "function": 5,
                "sid": 1,
                "status": "running"
              },
              {
                "thread": 6,
                "frame": 6,
                "function": 6,
                "sid": 1,
                "status": "running"
              }
            ],
            "blocked": [
              {
                "thread": 0,
                "kind": "scope",
                "resource": null,
                "resource_name": null,
                "holder": null,
                "waiting": 0,
                "detail": "waiting for scope members"
              },
              {
                "thread": 3,
                "kind": "lock",
                "resource": 3,
                "resource_name": "main::d",
                "holder": 4,
                "waiting": 1,
                "detail": "waiting for a lock"
              },
              {
                "thread": 4,
                "kind": "lock",
                "resource": 2,
                "resource_name": "main::c",
                "holder": 3,
                "waiting": 1,
                "detail": "waiting for a lock"
              },
              {
                "thread": 5,
                "kind": "lock",
                "resource": 5,
                "resource_name": "main::f",
                "holder": 6,
                "waiting": 1,
                "detail": "waiting for a lock"
              },
              {
                "thread": 6,
                "kind": "lock",
                "resource": 4,
                "resource_name": "main::e",
                "holder": 5,
                "waiting": 1,
                "detail": "waiting for a lock"
              }
            ],
            "cir_statements": [
              {
                "module": "main",
                "function": "main",
                "sid": "s1"
              },
              {
                "module": "main",
                "function": "u1ab",
                "sid": null
              },
              {
                "module": "main",
                "function": "u1ba",
                "sid": null
              },
              {
                "module": "main",
                "function": "u2ab",
                "sid": "s2"
              },
              {
                "module": "main",
                "function": "u2ba",
                "sid": "s2"
              },
              {
                "module": "main",
                "function": "u3ab",
                "sid": "s2"
              },
              {
                "module": "main",
                "function": "u3ba",
                "sid": "s2"
              }
            ],
            "proven_facts": [
              "reached a counterexample state after 19 step(s)",
              "explored 90571 reachable states"
            ],
            "repair_hints": [
              "check lock acquisition order, channel capacity, and missing notify/join"
            ]
          }
        ],
        "boundary_events": [],
        "unsupported": [],
        "invalid": [],
        "model_fingerprint": "dba48c97cb3d0f80",
        "contract_fingerprint": "d77beaef151c4a46",
        "assumptions": {
          "sequential_consistency": true,
          "no_spurious_wakeups": true
        },
        "bounds": {
          "max_threads": 16,
          "max_frames_per_thread": 16,
          "max_states": 200000,
          "max_depth": 128,
          "max_boundary_events": 512
        },
        "analysis_started": true
      },
      "note": null
    },
    {
      "id": 3,
      "parent": 0,
      "depth": 1,
      "total_edits": 1,
      "program_fingerprint": "f464acb2d35abb38",
      "incoming": {
        "module": "main",
        "function": "u2ab",
        "changes": [
          {
            "kind": "swap_statements",
            "a": "s1",
            "b": "s2"
          }
        ],
        "provenance": [
          {
            "description": "heuristic: swap an adjacent pair of mutex acquisitions"
          }
        ],
        "original_function_hash": "63befec22f97498e",
        "parent_fingerprint": "0758e5f1fb57eda8",
        "program_fingerprint": "f464acb2d35abb38"
      },
      "report": {
        "outcome": "FAIL",
        "complete": true,
        "states_explored": 90571,
        "transitions_explored": 404531,
        "properties": [
          {
            "id": "no-deadlock",
            "outcome": "FAIL",
            "detail": "a reachable state has no enabled step and unfinished threads"
          },
          {
            "id": "preserved: main::u1ab completes",
            "outcome": "PASS",
            "detail": "preserved reachability: completed(f1)"
          },
          {
            "id": "preserved: main::u1ba completes",
            "outcome": "PASS",
            "detail": "preserved reachability: completed(f2)"
          },
          {
            "id": "preserved: main::u2ab completes",
            "outcome": "PASS",
            "detail": "preserved reachability: completed(f3)"
          },
          {
            "id": "preserved: main::u2ba completes",
            "outcome": "PASS",
            "detail": "preserved reachability: completed(f4)"
          },
          {
            "id": "preserved: main::u3ab completes",
            "outcome": "PASS",
            "detail": "preserved reachability: completed(f5)"
          },
          {
            "id": "preserved: main::u3ba completes",
            "outcome": "PASS",
            "detail": "preserved reachability: completed(f6)"
          }
        ],
        "diagnostics": [
          {
            "property": "no-deadlock",
            "outcome": "FAIL",
            "message": "reachable global deadlock",
            "complete": true,
            "counterexample": [
              {
                "origin": {
                  "module": 0,
                  "function": 0,
                  "sid": 0,
                  "phase": "statement"
                },
                "thread": 0,
                "frame": 0
              },
              {
                "origin": {
                  "module": 0,
                  "function": 1,
                  "sid": 0,
                  "phase": "statement"
                },
                "thread": 1,
                "frame": 1
              },
              {
                "origin": {
                  "module": 0,
                  "function": 2,
                  "sid": 0,
                  "phase": "statement"
                },
                "thread": 2,
                "frame": 2
              },
              {
                "origin": {
                  "module": 0,
                  "function": 1,
                  "sid": 1,
                  "phase": "statement"
                },
                "thread": 1,
                "frame": 1
              },
              {
                "origin": {
                  "module": 0,
                  "function": 2,
                  "sid": 1,
                  "phase": "statement"
                },
                "thread": 2,
                "frame": 2
              },
              {
                "origin": {
                  "module": 0,
                  "function": 3,
                  "sid": 0,
                  "phase": "statement"
                },
                "thread": 3,
                "frame": 3
              },
              {
                "origin": {
                  "module": 0,
                  "function": 3,
                  "sid": 1,
                  "phase": "statement"
                },
                "thread": 3,
                "frame": 3
              },
              {
                "origin": {
                  "module": 0,
                  "function": 3,
                  "sid": 2,
                  "phase": "statement"
                },
                "thread": 3,
                "frame": 3
              },
              {
                "origin": {
                  "module": 0,
                  "function": 3,
                  "sid": 3,
                  "phase": "statement"
                },
                "thread": 3,
                "frame": 3
              },
              {
                "origin": {
                  "module": 0,
                  "function": 3,
                  "sid": 4,
                  "phase": "statement"
                },
                "thread": 3,
                "frame": 3
              },
              {
                "origin": {
                  "module": 0,
                  "function": 4,
                  "sid": 0,
                  "phase": "statement"
                },
                "thread": 4,
                "frame": 4
              },
              {
                "origin": {
                  "module": 0,
                  "function": 4,
                  "sid": 1,
                  "phase": "statement"
                },
                "thread": 4,
                "frame": 4
              },
              {
                "origin": {
                  "module": 0,
                  "function": 4,
                  "sid": 2,
                  "phase": "statement"
                },
                "thread": 4,
                "frame": 4
              },
              {
                "origin": {
                  "module": 0,
                  "function": 4,
                  "sid": 3,
                  "phase": "statement"
                },
                "thread": 4,
                "frame": 4
              },
              {
                "origin": {
                  "module": 0,
                  "function": 4,
                  "sid": 4,
                  "phase": "statement"
                },
                "thread": 4,
                "frame": 4
              },
              {
                "origin": {
                  "module": 0,
                  "function": 5,
                  "sid": 0,
                  "phase": "statement"
                },
                "thread": 5,
                "frame": 5
              },
              {
                "origin": {
                  "module": 0,
                  "function": 6,
                  "sid": 0,
                  "phase": "statement"
                },
                "thread": 6,
                "frame": 6
              },
              {
                "origin": {
                  "module": 0,
                  "function": 5,
                  "sid": 1,
                  "phase": "statement"
                },
                "thread": 5,
                "frame": 5
              },
              {
                "origin": {
                  "module": 0,
                  "function": 6,
                  "sid": 1,
                  "phase": "statement"
                },
                "thread": 6,
                "frame": 6
              }
            ],
            "final_instances": [
              {
                "thread": 0,
                "frame": 0,
                "function": 0,
                "sid": 0,
                "status": "running"
              },
              {
                "thread": 1,
                "frame": 1,
                "function": 1,
                "sid": 1,
                "status": "running"
              },
              {
                "thread": 2,
                "frame": 2,
                "function": 2,
                "sid": 1,
                "status": "running"
              },
              {
                "thread": 3,
                "frame": null,
                "function": 3,
                "sid": null,
                "status": "finished"
              },
              {
                "thread": 4,
                "frame": null,
                "function": 4,
                "sid": null,
                "status": "finished"
              },
              {
                "thread": 5,
                "frame": 5,
                "function": 5,
                "sid": 1,
                "status": "running"
              },
              {
                "thread": 6,
                "frame": 6,
                "function": 6,
                "sid": 1,
                "status": "running"
              }
            ],
            "blocked": [
              {
                "thread": 0,
                "kind": "scope",
                "resource": null,
                "resource_name": null,
                "holder": null,
                "waiting": 0,
                "detail": "waiting for scope members"
              },
              {
                "thread": 1,
                "kind": "lock",
                "resource": 1,
                "resource_name": "main::b",
                "holder": 2,
                "waiting": 1,
                "detail": "waiting for a lock"
              },
              {
                "thread": 2,
                "kind": "lock",
                "resource": 0,
                "resource_name": "main::a",
                "holder": 1,
                "waiting": 1,
                "detail": "waiting for a lock"
              },
              {
                "thread": 5,
                "kind": "lock",
                "resource": 5,
                "resource_name": "main::f",
                "holder": 6,
                "waiting": 1,
                "detail": "waiting for a lock"
              },
              {
                "thread": 6,
                "kind": "lock",
                "resource": 4,
                "resource_name": "main::e",
                "holder": 5,
                "waiting": 1,
                "detail": "waiting for a lock"
              }
            ],
            "cir_statements": [
              {
                "module": "main",
                "function": "main",
                "sid": "s1"
              },
              {
                "module": "main",
                "function": "u1ab",
                "sid": "s2"
              },
              {
                "module": "main",
                "function": "u1ba",
                "sid": "s2"
              },
              {
                "module": "main",
                "function": "u2ab",
                "sid": null
              },
              {
                "module": "main",
                "function": "u2ba",
                "sid": null
              },
              {
                "module": "main",
                "function": "u3ab",
                "sid": "s2"
              },
              {
                "module": "main",
                "function": "u3ba",
                "sid": "s2"
              }
            ],
            "proven_facts": [
              "reached a counterexample state after 19 step(s)",
              "explored 90571 reachable states"
            ],
            "repair_hints": [
              "check lock acquisition order, channel capacity, and missing notify/join"
            ]
          }
        ],
        "boundary_events": [],
        "unsupported": [],
        "invalid": [],
        "model_fingerprint": "f464acb2d35abb38",
        "contract_fingerprint": "d77beaef151c4a46",
        "assumptions": {
          "sequential_consistency": true,
          "no_spurious_wakeups": true
        },
        "bounds": {
          "max_threads": 16,
          "max_frames_per_thread": 16,
          "max_states": 200000,
          "max_depth": 128,
          "max_boundary_events": 512
        },
        "analysis_started": true
      },
      "note": null
    },
    {
      "id": 4,
      "parent": 0,
      "depth": 1,
      "total_edits": 1,
      "program_fingerprint": "5e84e803d1c56c1c",
      "incoming": {
        "module": "main",
        "function": "u2ba",
        "changes": [
          {
            "kind": "swap_statements",
            "a": "s1",
            "b": "s2"
          }
        ],
        "provenance": [
          {
            "description": "heuristic: swap an adjacent pair of mutex acquisitions"
          }
        ],
        "original_function_hash": "f6c08a6df755d470",
        "parent_fingerprint": "0758e5f1fb57eda8",
        "program_fingerprint": "5e84e803d1c56c1c"
      },
      "report": {
        "outcome": "FAIL",
        "complete": true,
        "states_explored": 90571,
        "transitions_explored": 404531,
        "properties": [
          {
            "id": "no-deadlock",
            "outcome": "FAIL",
            "detail": "a reachable state has no enabled step and unfinished threads"
          },
          {
            "id": "preserved: main::u1ab completes",
            "outcome": "PASS",
            "detail": "preserved reachability: completed(f1)"
          },
          {
            "id": "preserved: main::u1ba completes",
            "outcome": "PASS",
            "detail": "preserved reachability: completed(f2)"
          },
          {
            "id": "preserved: main::u2ab completes",
            "outcome": "PASS",
            "detail": "preserved reachability: completed(f3)"
          },
          {
            "id": "preserved: main::u2ba completes",
            "outcome": "PASS",
            "detail": "preserved reachability: completed(f4)"
          },
          {
            "id": "preserved: main::u3ab completes",
            "outcome": "PASS",
            "detail": "preserved reachability: completed(f5)"
          },
          {
            "id": "preserved: main::u3ba completes",
            "outcome": "PASS",
            "detail": "preserved reachability: completed(f6)"
          }
        ],
        "diagnostics": [
          {
            "property": "no-deadlock",
            "outcome": "FAIL",
            "message": "reachable global deadlock",
            "complete": true,
            "counterexample": [
              {
                "origin": {
                  "module": 0,
                  "function": 0,
                  "sid": 0,
                  "phase": "statement"
                },
                "thread": 0,
                "frame": 0
              },
              {
                "origin": {
                  "module": 0,
                  "function": 1,
                  "sid": 0,
                  "phase": "statement"
                },
                "thread": 1,
                "frame": 1
              },
              {
                "origin": {
                  "module": 0,
                  "function": 2,
                  "sid": 0,
                  "phase": "statement"
                },
                "thread": 2,
                "frame": 2
              },
              {
                "origin": {
                  "module": 0,
                  "function": 1,
                  "sid": 1,
                  "phase": "statement"
                },
                "thread": 1,
                "frame": 1
              },
              {
                "origin": {
                  "module": 0,
                  "function": 2,
                  "sid": 1,
                  "phase": "statement"
                },
                "thread": 2,
                "frame": 2
              },
              {
                "origin": {
                  "module": 0,
                  "function": 3,
                  "sid": 0,
                  "phase": "statement"
                },
                "thread": 3,
                "frame": 3
              },
              {
                "origin": {
                  "module": 0,
                  "function": 3,
                  "sid": 1,
                  "phase": "statement"
                },
                "thread": 3,
                "frame": 3
              },
              {
                "origin": {
                  "module": 0,
                  "function": 3,
                  "sid": 2,
                  "phase": "statement"
                },
                "thread": 3,
                "frame": 3
              },
              {
                "origin": {
                  "module": 0,
                  "function": 3,
                  "sid": 3,
                  "phase": "statement"
                },
                "thread": 3,
                "frame": 3
              },
              {
                "origin": {
                  "module": 0,
                  "function": 3,
                  "sid": 4,
                  "phase": "statement"
                },
                "thread": 3,
                "frame": 3
              },
              {
                "origin": {
                  "module": 0,
                  "function": 4,
                  "sid": 0,
                  "phase": "statement"
                },
                "thread": 4,
                "frame": 4
              },
              {
                "origin": {
                  "module": 0,
                  "function": 4,
                  "sid": 1,
                  "phase": "statement"
                },
                "thread": 4,
                "frame": 4
              },
              {
                "origin": {
                  "module": 0,
                  "function": 4,
                  "sid": 2,
                  "phase": "statement"
                },
                "thread": 4,
                "frame": 4
              },
              {
                "origin": {
                  "module": 0,
                  "function": 4,
                  "sid": 3,
                  "phase": "statement"
                },
                "thread": 4,
                "frame": 4
              },
              {
                "origin": {
                  "module": 0,
                  "function": 4,
                  "sid": 4,
                  "phase": "statement"
                },
                "thread": 4,
                "frame": 4
              },
              {
                "origin": {
                  "module": 0,
                  "function": 5,
                  "sid": 0,
                  "phase": "statement"
                },
                "thread": 5,
                "frame": 5
              },
              {
                "origin": {
                  "module": 0,
                  "function": 6,
                  "sid": 0,
                  "phase": "statement"
                },
                "thread": 6,
                "frame": 6
              },
              {
                "origin": {
                  "module": 0,
                  "function": 5,
                  "sid": 1,
                  "phase": "statement"
                },
                "thread": 5,
                "frame": 5
              },
              {
                "origin": {
                  "module": 0,
                  "function": 6,
                  "sid": 1,
                  "phase": "statement"
                },
                "thread": 6,
                "frame": 6
              }
            ],
            "final_instances": [
              {
                "thread": 0,
                "frame": 0,
                "function": 0,
                "sid": 0,
                "status": "running"
              },
              {
                "thread": 1,
                "frame": 1,
                "function": 1,
                "sid": 1,
                "status": "running"
              },
              {
                "thread": 2,
                "frame": 2,
                "function": 2,
                "sid": 1,
                "status": "running"
              },
              {
                "thread": 3,
                "frame": null,
                "function": 3,
                "sid": null,
                "status": "finished"
              },
              {
                "thread": 4,
                "frame": null,
                "function": 4,
                "sid": null,
                "status": "finished"
              },
              {
                "thread": 5,
                "frame": 5,
                "function": 5,
                "sid": 1,
                "status": "running"
              },
              {
                "thread": 6,
                "frame": 6,
                "function": 6,
                "sid": 1,
                "status": "running"
              }
            ],
            "blocked": [
              {
                "thread": 0,
                "kind": "scope",
                "resource": null,
                "resource_name": null,
                "holder": null,
                "waiting": 0,
                "detail": "waiting for scope members"
              },
              {
                "thread": 1,
                "kind": "lock",
                "resource": 1,
                "resource_name": "main::b",
                "holder": 2,
                "waiting": 1,
                "detail": "waiting for a lock"
              },
              {
                "thread": 2,
                "kind": "lock",
                "resource": 0,
                "resource_name": "main::a",
                "holder": 1,
                "waiting": 1,
                "detail": "waiting for a lock"
              },
              {
                "thread": 5,
                "kind": "lock",
                "resource": 5,
                "resource_name": "main::f",
                "holder": 6,
                "waiting": 1,
                "detail": "waiting for a lock"
              },
              {
                "thread": 6,
                "kind": "lock",
                "resource": 4,
                "resource_name": "main::e",
                "holder": 5,
                "waiting": 1,
                "detail": "waiting for a lock"
              }
            ],
            "cir_statements": [
              {
                "module": "main",
                "function": "main",
                "sid": "s1"
              },
              {
                "module": "main",
                "function": "u1ab",
                "sid": "s2"
              },
              {
                "module": "main",
                "function": "u1ba",
                "sid": "s2"
              },
              {
                "module": "main",
                "function": "u2ab",
                "sid": null
              },
              {
                "module": "main",
                "function": "u2ba",
                "sid": null
              },
              {
                "module": "main",
                "function": "u3ab",
                "sid": "s2"
              },
              {
                "module": "main",
                "function": "u3ba",
                "sid": "s2"
              }
            ],
            "proven_facts": [
              "reached a counterexample state after 19 step(s)",
              "explored 90571 reachable states"
            ],
            "repair_hints": [
              "check lock acquisition order, channel capacity, and missing notify/join"
            ]
          }
        ],
        "boundary_events": [],
        "unsupported": [],
        "invalid": [],
        "model_fingerprint": "5e84e803d1c56c1c",
        "contract_fingerprint": "d77beaef151c4a46",
        "assumptions": {
          "sequential_consistency": true,
          "no_spurious_wakeups": true
        },
        "bounds": {
          "max_threads": 16,
          "max_frames_per_thread": 16,
          "max_states": 200000,
          "max_depth": 128,
          "max_boundary_events": 512
        },
        "analysis_started": true
      },
      "note": null
    },
    {
      "id": 5,
      "parent": 0,
      "depth": 1,
      "total_edits": 1,
      "program_fingerprint": "260f5941f3879bb4",
      "incoming": {
        "module": "main",
        "function": "u3ab",
        "changes": [
          {
            "kind": "swap_statements",
            "a": "s1",
            "b": "s2"
          }
        ],
        "provenance": [
          {
            "description": "heuristic: swap an adjacent pair of mutex acquisitions"
          }
        ],
        "original_function_hash": "47fa1c7df0ba80b3",
        "parent_fingerprint": "0758e5f1fb57eda8",
        "program_fingerprint": "260f5941f3879bb4"
      },
      "report": {
        "outcome": "FAIL",
        "complete": true,
        "states_explored": 90571,
        "transitions_explored": 404531,
        "properties": [
          {
            "id": "no-deadlock",
            "outcome": "FAIL",
            "detail": "a reachable state has no enabled step and unfinished threads"
          },
          {
            "id": "preserved: main::u1ab completes",
            "outcome": "PASS",
            "detail": "preserved reachability: completed(f1)"
          },
          {
            "id": "preserved: main::u1ba completes",
            "outcome": "PASS",
            "detail": "preserved reachability: completed(f2)"
          },
          {
            "id": "preserved: main::u2ab completes",
            "outcome": "PASS",
            "detail": "preserved reachability: completed(f3)"
          },
          {
            "id": "preserved: main::u2ba completes",
            "outcome": "PASS",
            "detail": "preserved reachability: completed(f4)"
          },
          {
            "id": "preserved: main::u3ab completes",
            "outcome": "PASS",
            "detail": "preserved reachability: completed(f5)"
          },
          {
            "id": "preserved: main::u3ba completes",
            "outcome": "PASS",
            "detail": "preserved reachability: completed(f6)"
          }
        ],
        "diagnostics": [
          {
            "property": "no-deadlock",
            "outcome": "FAIL",
            "message": "reachable global deadlock",
            "complete": true,
            "counterexample": [
              {
                "origin": {
                  "module": 0,
                  "function": 0,
                  "sid": 0,
                  "phase": "statement"
                },
                "thread": 0,
                "frame": 0
              },
              {
                "origin": {
                  "module": 0,
                  "function": 1,
                  "sid": 0,
                  "phase": "statement"
                },
                "thread": 1,
                "frame": 1
              },
              {
                "origin": {
                  "module": 0,
                  "function": 2,
                  "sid": 0,
                  "phase": "statement"
                },
                "thread": 2,
                "frame": 2
              },
              {
                "origin": {
                  "module": 0,
                  "function": 1,
                  "sid": 1,
                  "phase": "statement"
                },
                "thread": 1,
                "frame": 1
              },
              {
                "origin": {
                  "module": 0,
                  "function": 2,
                  "sid": 1,
                  "phase": "statement"
                },
                "thread": 2,
                "frame": 2
              },
              {
                "origin": {
                  "module": 0,
                  "function": 3,
                  "sid": 0,
                  "phase": "statement"
                },
                "thread": 3,
                "frame": 3
              },
              {
                "origin": {
                  "module": 0,
                  "function": 4,
                  "sid": 0,
                  "phase": "statement"
                },
                "thread": 4,
                "frame": 4
              },
              {
                "origin": {
                  "module": 0,
                  "function": 3,
                  "sid": 1,
                  "phase": "statement"
                },
                "thread": 3,
                "frame": 3
              },
              {
                "origin": {
                  "module": 0,
                  "function": 4,
                  "sid": 1,
                  "phase": "statement"
                },
                "thread": 4,
                "frame": 4
              },
              {
                "origin": {
                  "module": 0,
                  "function": 5,
                  "sid": 0,
                  "phase": "statement"
                },
                "thread": 5,
                "frame": 5
              },
              {
                "origin": {
                  "module": 0,
                  "function": 5,
                  "sid": 1,
                  "phase": "statement"
                },
                "thread": 5,
                "frame": 5
              },
              {
                "origin": {
                  "module": 0,
                  "function": 5,
                  "sid": 2,
                  "phase": "statement"
                },
                "thread": 5,
                "frame": 5
              },
              {
                "origin": {
                  "module": 0,
                  "function": 5,
                  "sid": 3,
                  "phase": "statement"
                },
                "thread": 5,
                "frame": 5
              },
              {
                "origin": {
                  "module": 0,
                  "function": 5,
                  "sid": 4,
                  "phase": "statement"
                },
                "thread": 5,
                "frame": 5
              },
              {
                "origin": {
                  "module": 0,
                  "function": 6,
                  "sid": 0,
                  "phase": "statement"
                },
                "thread": 6,
                "frame": 6
              },
              {
                "origin": {
                  "module": 0,
                  "function": 6,
                  "sid": 1,
                  "phase": "statement"
                },
                "thread": 6,
                "frame": 6
              },
              {
                "origin": {
                  "module": 0,
                  "function": 6,
                  "sid": 2,
                  "phase": "statement"
                },
                "thread": 6,
                "frame": 6
              },
              {
                "origin": {
                  "module": 0,
                  "function": 6,
                  "sid": 3,
                  "phase": "statement"
                },
                "thread": 6,
                "frame": 6
              },
              {
                "origin": {
                  "module": 0,
                  "function": 6,
                  "sid": 4,
                  "phase": "statement"
                },
                "thread": 6,
                "frame": 6
              }
            ],
            "final_instances": [
              {
                "thread": 0,
                "frame": 0,
                "function": 0,
                "sid": 0,
                "status": "running"
              },
              {
                "thread": 1,
                "frame": 1,
                "function": 1,
                "sid": 1,
                "status": "running"
              },
              {
                "thread": 2,
                "frame": 2,
                "function": 2,
                "sid": 1,
                "status": "running"
              },
              {
                "thread": 3,
                "frame": 3,
                "function": 3,
                "sid": 1,
                "status": "running"
              },
              {
                "thread": 4,
                "frame": 4,
                "function": 4,
                "sid": 1,
                "status": "running"
              },
              {
                "thread": 5,
                "frame": null,
                "function": 5,
                "sid": null,
                "status": "finished"
              },
              {
                "thread": 6,
                "frame": null,
                "function": 6,
                "sid": null,
                "status": "finished"
              }
            ],
            "blocked": [
              {
                "thread": 0,
                "kind": "scope",
                "resource": null,
                "resource_name": null,
                "holder": null,
                "waiting": 0,
                "detail": "waiting for scope members"
              },
              {
                "thread": 1,
                "kind": "lock",
                "resource": 1,
                "resource_name": "main::b",
                "holder": 2,
                "waiting": 1,
                "detail": "waiting for a lock"
              },
              {
                "thread": 2,
                "kind": "lock",
                "resource": 0,
                "resource_name": "main::a",
                "holder": 1,
                "waiting": 1,
                "detail": "waiting for a lock"
              },
              {
                "thread": 3,
                "kind": "lock",
                "resource": 3,
                "resource_name": "main::d",
                "holder": 4,
                "waiting": 1,
                "detail": "waiting for a lock"
              },
              {
                "thread": 4,
                "kind": "lock",
                "resource": 2,
                "resource_name": "main::c",
                "holder": 3,
                "waiting": 1,
                "detail": "waiting for a lock"
              }
            ],
            "cir_statements": [
              {
                "module": "main",
                "function": "main",
                "sid": "s1"
              },
              {
                "module": "main",
                "function": "u1ab",
                "sid": "s2"
              },
              {
                "module": "main",
                "function": "u1ba",
                "sid": "s2"
              },
              {
                "module": "main",
                "function": "u2ab",
                "sid": "s2"
              },
              {
                "module": "main",
                "function": "u2ba",
                "sid": "s2"
              },
              {
                "module": "main",
                "function": "u3ab",
                "sid": null
              },
              {
                "module": "main",
                "function": "u3ba",
                "sid": null
              }
            ],
            "proven_facts": [
              "reached a counterexample state after 19 step(s)",
              "explored 90571 reachable states"
            ],
            "repair_hints": [
              "check lock acquisition order, channel capacity, and missing notify/join"
            ]
          }
        ],
        "boundary_events": [],
        "unsupported": [],
        "invalid": [],
        "model_fingerprint": "260f5941f3879bb4",
        "contract_fingerprint": "d77beaef151c4a46",
        "assumptions": {
          "sequential_consistency": true,
          "no_spurious_wakeups": true
        },
        "bounds": {
          "max_threads": 16,
          "max_frames_per_thread": 16,
          "max_states": 200000,
          "max_depth": 128,
          "max_boundary_events": 512
        },
        "analysis_started": true
      },
      "note": null
    },
    {
      "id": 6,
      "parent": 0,
      "depth": 1,
      "total_edits": 1,
      "program_fingerprint": "a05c1b4990d56550",
      "incoming": {
        "module": "main",
        "function": "u3ba",
        "changes": [
          {
            "kind": "swap_statements",
            "a": "s1",
            "b": "s2"
          }
        ],
        "provenance": [
          {
            "description": "heuristic: swap an adjacent pair of mutex acquisitions"
          }
        ],
        "original_function_hash": "9850bcd12215372d",
        "parent_fingerprint": "0758e5f1fb57eda8",
        "program_fingerprint": "a05c1b4990d56550"
      },
      "report": {
        "outcome": "FAIL",
        "complete": true,
        "states_explored": 90571,
        "transitions_explored": 404531,
        "properties": [
          {
            "id": "no-deadlock",
            "outcome": "FAIL",
            "detail": "a reachable state has no enabled step and unfinished threads"
          },
          {
            "id": "preserved: main::u1ab completes",
            "outcome": "PASS",
            "detail": "preserved reachability: completed(f1)"
          },
          {
            "id": "preserved: main::u1ba completes",
            "outcome": "PASS",
            "detail": "preserved reachability: completed(f2)"
          },
          {
            "id": "preserved: main::u2ab completes",
            "outcome": "PASS",
            "detail": "preserved reachability: completed(f3)"
          },
          {
            "id": "preserved: main::u2ba completes",
            "outcome": "PASS",
            "detail": "preserved reachability: completed(f4)"
          },
          {
            "id": "preserved: main::u3ab completes",
            "outcome": "PASS",
            "detail": "preserved reachability: completed(f5)"
          },
          {
            "id": "preserved: main::u3ba completes",
            "outcome": "PASS",
            "detail": "preserved reachability: completed(f6)"
          }
        ],
        "diagnostics": [
          {
            "property": "no-deadlock",
            "outcome": "FAIL",
            "message": "reachable global deadlock",
            "complete": true,
            "counterexample": [
              {
                "origin": {
                  "module": 0,
                  "function": 0,
                  "sid": 0,
                  "phase": "statement"
                },
                "thread": 0,
                "frame": 0
              },
              {
                "origin": {
                  "module": 0,
                  "function": 1,
                  "sid": 0,
                  "phase": "statement"
                },
                "thread": 1,
                "frame": 1
              },
              {
                "origin": {
                  "module": 0,
                  "function": 2,
                  "sid": 0,
                  "phase": "statement"
                },
                "thread": 2,
                "frame": 2
              },
              {
                "origin": {
                  "module": 0,
                  "function": 1,
                  "sid": 1,
                  "phase": "statement"
                },
                "thread": 1,
                "frame": 1
              },
              {
                "origin": {
                  "module": 0,
                  "function": 2,
                  "sid": 1,
                  "phase": "statement"
                },
                "thread": 2,
                "frame": 2
              },
              {
                "origin": {
                  "module": 0,
                  "function": 3,
                  "sid": 0,
                  "phase": "statement"
                },
                "thread": 3,
                "frame": 3
              },
              {
                "origin": {
                  "module": 0,
                  "function": 4,
                  "sid": 0,
                  "phase": "statement"
                },
                "thread": 4,
                "frame": 4
              },
              {
                "origin": {
                  "module": 0,
                  "function": 3,
                  "sid": 1,
                  "phase": "statement"
                },
                "thread": 3,
                "frame": 3
              },
              {
                "origin": {
                  "module": 0,
                  "function": 4,
                  "sid": 1,
                  "phase": "statement"
                },
                "thread": 4,
                "frame": 4
              },
              {
                "origin": {
                  "module": 0,
                  "function": 5,
                  "sid": 0,
                  "phase": "statement"
                },
                "thread": 5,
                "frame": 5
              },
              {
                "origin": {
                  "module": 0,
                  "function": 5,
                  "sid": 1,
                  "phase": "statement"
                },
                "thread": 5,
                "frame": 5
              },
              {
                "origin": {
                  "module": 0,
                  "function": 5,
                  "sid": 2,
                  "phase": "statement"
                },
                "thread": 5,
                "frame": 5
              },
              {
                "origin": {
                  "module": 0,
                  "function": 5,
                  "sid": 3,
                  "phase": "statement"
                },
                "thread": 5,
                "frame": 5
              },
              {
                "origin": {
                  "module": 0,
                  "function": 5,
                  "sid": 4,
                  "phase": "statement"
                },
                "thread": 5,
                "frame": 5
              },
              {
                "origin": {
                  "module": 0,
                  "function": 6,
                  "sid": 0,
                  "phase": "statement"
                },
                "thread": 6,
                "frame": 6
              },
              {
                "origin": {
                  "module": 0,
                  "function": 6,
                  "sid": 1,
                  "phase": "statement"
                },
                "thread": 6,
                "frame": 6
              },
              {
                "origin": {
                  "module": 0,
                  "function": 6,
                  "sid": 2,
                  "phase": "statement"
                },
                "thread": 6,
                "frame": 6
              },
              {
                "origin": {
                  "module": 0,
                  "function": 6,
                  "sid": 3,
                  "phase": "statement"
                },
                "thread": 6,
                "frame": 6
              },
              {
                "origin": {
                  "module": 0,
                  "function": 6,
                  "sid": 4,
                  "phase": "statement"
                },
                "thread": 6,
                "frame": 6
              }
            ],
            "final_instances": [
              {
                "thread": 0,
                "frame": 0,
                "function": 0,
                "sid": 0,
                "status": "running"
              },
              {
                "thread": 1,
                "frame": 1,
                "function": 1,
                "sid": 1,
                "status": "running"
              },
              {
                "thread": 2,
                "frame": 2,
                "function": 2,
                "sid": 1,
                "status": "running"
              },
              {
                "thread": 3,
                "frame": 3,
                "function": 3,
                "sid": 1,
                "status": "running"
              },
              {
                "thread": 4,
                "frame": 4,
                "function": 4,
                "sid": 1,
                "status": "running"
              },
              {
                "thread": 5,
                "frame": null,
                "function": 5,
                "sid": null,
                "status": "finished"
              },
              {
                "thread": 6,
                "frame": null,
                "function": 6,
                "sid": null,
                "status": "finished"
              }
            ],
            "blocked": [
              {
                "thread": 0,
                "kind": "scope",
                "resource": null,
                "resource_name": null,
                "holder": null,
                "waiting": 0,
                "detail": "waiting for scope members"
              },
              {
                "thread": 1,
                "kind": "lock",
                "resource": 1,
                "resource_name": "main::b",
                "holder": 2,
                "waiting": 1,
                "detail": "waiting for a lock"
              },
              {
                "thread": 2,
                "kind": "lock",
                "resource": 0,
                "resource_name": "main::a",
                "holder": 1,
                "waiting": 1,
                "detail": "waiting for a lock"
              },
              {
                "thread": 3,
                "kind": "lock",
                "resource": 3,
                "resource_name": "main::d",
                "holder": 4,
                "waiting": 1,
                "detail": "waiting for a lock"
              },
              {
                "thread": 4,
                "kind": "lock",
                "resource": 2,
                "resource_name": "main::c",
                "holder": 3,
                "waiting": 1,
                "detail": "waiting for a lock"
              }
            ],
            "cir_statements": [
              {
                "module": "main",
                "function": "main",
                "sid": "s1"
              },
              {
                "module": "main",
                "function": "u1ab",
                "sid": "s2"
              },
              {
                "module": "main",
                "function": "u1ba",
                "sid": "s2"
              },
              {
                "module": "main",
                "function": "u2ab",
                "sid": "s2"
              },
              {
                "module": "main",
                "function": "u2ba",
                "sid": "s2"
              },
              {
                "module": "main",
                "function": "u3ab",
                "sid": null
              },
              {
                "module": "main",
                "function": "u3ba",
                "sid": null
              }
            ],
            "proven_facts": [
              "reached a counterexample state after 19 step(s)",
              "explored 90571 reachable states"
            ],
            "repair_hints": [
              "check lock acquisition order, channel capacity, and missing notify/join"
            ]
          }
        ],
        "boundary_events": [],
        "unsupported": [],
        "invalid": [],
        "model_fingerprint": "a05c1b4990d56550",
        "contract_fingerprint": "d77beaef151c4a46",
        "assumptions": {
          "sequential_consistency": true,
          "no_spurious_wakeups": true
        },
        "bounds": {
          "max_threads": 16,
          "max_frames_per_thread": 16,
          "max_states": 200000,
          "max_depth": 128,
          "max_boundary_events": 512
        },
        "analysis_started": true
      },
      "note": null
    },
    {
      "id": 7,
      "parent": 1,
      "depth": 2,
      "total_edits": 2,
      "program_fingerprint": "7e78b5aa4e7d961c",
      "incoming": {
        "module": "main",
        "function": "u1ba",
        "changes": [
          {
            "kind": "swap_statements",
            "a": "s1",
            "b": "s2"
          }
        ],
        "provenance": [
          {
            "description": "heuristic: swap an adjacent pair of mutex acquisitions"
          }
        ],
        "original_function_hash": "5a951e489212d31f",
        "parent_fingerprint": "7ada0ab20f788694",
        "program_fingerprint": "7e78b5aa4e7d961c"
      },
      "report": {
        "outcome": "FAIL",
        "complete": true,
        "states_explored": 86153,
        "transitions_explored": 380326,
        "properties": [
          {
            "id": "no-deadlock",
            "outcome": "FAIL",
            "detail": "a reachable state has no enabled step and unfinished threads"
          },
          {
            "id": "preserved: main::u1ab completes",
            "outcome": "PASS",
            "detail": "preserved reachability: completed(f1)"
          },
          {
            "id": "preserved: main::u1ba completes",
            "outcome": "PASS",
            "detail": "preserved reachability: completed(f2)"
          },
          {
            "id": "preserved: main::u2ab completes",
            "outcome": "PASS",
            "detail": "preserved reachability: completed(f3)"
          },
          {
            "id": "preserved: main::u2ba completes",
            "outcome": "PASS",
            "detail": "preserved reachability: completed(f4)"
          },
          {
            "id": "preserved: main::u3ab completes",
            "outcome": "PASS",
            "detail": "preserved reachability: completed(f5)"
          },
          {
            "id": "preserved: main::u3ba completes",
            "outcome": "PASS",
            "detail": "preserved reachability: completed(f6)"
          }
        ],
        "diagnostics": [
          {
            "property": "no-deadlock",
            "outcome": "FAIL",
            "message": "reachable global deadlock",
            "complete": true,
            "counterexample": [
              {
                "origin": {
                  "module": 0,
                  "function": 0,
                  "sid": 0,
                  "phase": "statement"
                },
                "thread": 0,
                "frame": 0
              },
              {
                "origin": {
                  "module": 0,
                  "function": 1,
                  "sid": 0,
                  "phase": "statement"
                },
                "thread": 1,
                "frame": 1
              },
              {
                "origin": {
                  "module": 0,
                  "function": 2,
                  "sid": 0,
                  "phase": "statement"
                },
                "thread": 2,
                "frame": 2
              },
              {
                "origin": {
                  "module": 0,
                  "function": 1,
                  "sid": 1,
                  "phase": "statement"
                },
                "thread": 1,
                "frame": 1
              },
              {
                "origin": {
                  "module": 0,
                  "function": 2,
                  "sid": 1,
                  "phase": "statement"
                },
                "thread": 2,
                "frame": 2
              },
              {
                "origin": {
                  "module": 0,
                  "function": 3,
                  "sid": 0,
                  "phase": "statement"
                },
                "thread": 3,
                "frame": 3
              },
              {
                "origin": {
                  "module": 0,
                  "function": 4,
                  "sid": 0,
                  "phase": "statement"
                },
                "thread": 4,
                "frame": 4
              },
              {
                "origin": {
                  "module": 0,
                  "function": 3,
                  "sid": 1,
                  "phase": "statement"
                },
                "thread": 3,
                "frame": 3
              },
              {
                "origin": {
                  "module": 0,
                  "function": 4,
                  "sid": 1,
                  "phase": "statement"
                },
                "thread": 4,
                "frame": 4
              },
              {
                "origin": {
                  "module": 0,
                  "function": 5,
                  "sid": 0,
                  "phase": "statement"
                },
                "thread": 5,
                "frame": 5
              },
              {
                "origin": {
                  "module": 0,
                  "function": 6,
                  "sid": 0,
                  "phase": "statement"
                },
                "thread": 6,
                "frame": 6
              },
              {
                "origin": {
                  "module": 0,
                  "function": 5,
                  "sid": 1,
                  "phase": "statement"
                },
                "thread": 5,
                "frame": 5
              },
              {
                "origin": {
                  "module": 0,
                  "function": 6,
                  "sid": 1,
                  "phase": "statement"
                },
                "thread": 6,
                "frame": 6
              }
            ],
            "final_instances": [
              {
                "thread": 0,
                "frame": 0,
                "function": 0,
                "sid": 0,
                "status": "running"
              },
              {
                "thread": 1,
                "frame": 1,
                "function": 1,
                "sid": 1,
                "status": "running"
              },
              {
                "thread": 2,
                "frame": 2,
                "function": 2,
                "sid": 1,
                "status": "running"
              },
              {
                "thread": 3,
                "frame": 3,
                "function": 3,
                "sid": 1,
                "status": "running"
              },
              {
                "thread": 4,
                "frame": 4,
                "function": 4,
                "sid": 1,
                "status": "running"
              },
              {
                "thread": 5,
                "frame": 5,
                "function": 5,
                "sid": 1,
                "status": "running"
              },
              {
                "thread": 6,
                "frame": 6,
                "function": 6,
                "sid": 1,
                "status": "running"
              }
            ],
            "blocked": [
              {
                "thread": 0,
                "kind": "scope",
                "resource": null,
                "resource_name": null,
                "holder": null,
                "waiting": 0,
                "detail": "waiting for scope members"
              },
              {
                "thread": 1,
                "kind": "lock",
                "resource": 0,
                "resource_name": "main::a",
                "holder": 2,
                "waiting": 1,
                "detail": "waiting for a lock"
              },
              {
                "thread": 2,
                "kind": "lock",
                "resource": 1,
                "resource_name": "main::b",
                "holder": 1,
                "waiting": 1,
                "detail": "waiting for a lock"
              },
              {
                "thread": 3,
                "kind": "lock",
                "resource": 3,
                "resource_name": "main::d",
                "holder": 4,
                "waiting": 1,
                "detail": "waiting for a lock"
              },
              {
                "thread": 4,
                "kind": "lock",
                "resource": 2,
                "resource_name": "main::c",
                "holder": 3,
                "waiting": 1,
                "detail": "waiting for a lock"
              },
              {
                "thread": 5,
                "kind": "lock",
                "resource": 5,
                "resource_name": "main::f",
                "holder": 6,
                "waiting": 1,
                "detail": "waiting for a lock"
              },
              {
                "thread": 6,
                "kind": "lock",
                "resource": 4,
                "resource_name": "main::e",
                "holder": 5,
                "waiting": 1,
                "detail": "waiting for a lock"
              }
            ],
            "cir_statements": [
              {
                "module": "main",
                "function": "main",
                "sid": "s1"
              },
              {
                "module": "main",
                "function": "u1ab",
                "sid": "s1"
              },
              {
                "module": "main",
                "function": "u1ba",
                "sid": "s1"
              },
              {
                "module": "main",
                "function": "u2ab",
                "sid": "s2"
              },
              {
                "module": "main",
                "function": "u2ba",
                "sid": "s2"
              },
              {
                "module": "main",
                "function": "u3ab",
                "sid": "s2"
              },
              {
                "module": "main",
                "function": "u3ba",
                "sid": "s2"
              }
            ],
            "proven_facts": [
              "reached a counterexample state after 13 step(s)",
              "explored 86153 reachable states"
            ],
            "repair_hints": [
              "check lock acquisition order, channel capacity, and missing notify/join"
            ]
          }
        ],
        "boundary_events": [],
        "unsupported": [],
        "invalid": [],
        "model_fingerprint": "7e78b5aa4e7d961c",
        "contract_fingerprint": "d77beaef151c4a46",
        "assumptions": {
          "sequential_consistency": true,
          "no_spurious_wakeups": true
        },
        "bounds": {
          "max_threads": 16,
          "max_frames_per_thread": 16,
          "max_states": 200000,
          "max_depth": 128,
          "max_boundary_events": 512
        },
        "analysis_started": true
      },
      "note": null
    },
    {
      "id": 8,
      "parent": 1,
      "depth": 2,
      "total_edits": 2,
      "program_fingerprint": "820823ef5d5baa34",
      "incoming": {
        "module": "main",
        "function": "u2ab",
        "changes": [
          {
            "kind": "swap_statements",
            "a": "s1",
            "b": "s2"
          }
        ],
        "provenance": [
          {
            "description": "heuristic: swap an adjacent pair of mutex acquisitions"
          }
        ],
        "original_function_hash": "63befec22f97498e",
        "parent_fingerprint": "7ada0ab20f788694",
        "program_fingerprint": "820823ef5d5baa34"
      },
      "report": {
        "outcome": "FAIL",
        "complete": true,
        "states_explored": 79009,
        "transitions_explored": 352766,
        "properties": [
          {
            "id": "no-deadlock",
            "outcome": "FAIL",
            "detail": "a reachable state has no enabled step and unfinished threads"
          },
          {
            "id": "preserved: main::u1ab completes",
            "outcome": "PASS",
            "detail": "preserved reachability: completed(f1)"
          },
          {
            "id": "preserved: main::u1ba completes",
            "outcome": "PASS",
            "detail": "preserved reachability: completed(f2)"
          },
          {
            "id": "preserved: main::u2ab completes",
            "outcome": "PASS",
            "detail": "preserved reachability: completed(f3)"
          },
          {
            "id": "preserved: main::u2ba completes",
            "outcome": "PASS",
            "detail": "preserved reachability: completed(f4)"
          },
          {
            "id": "preserved: main::u3ab completes",
            "outcome": "PASS",
            "detail": "preserved reachability: completed(f5)"
          },
          {
            "id": "preserved: main::u3ba completes",
            "outcome": "PASS",
            "detail": "preserved reachability: completed(f6)"
          }
        ],
        "diagnostics": [
          {
            "property": "no-deadlock",
            "outcome": "FAIL",
            "message": "reachable global deadlock",
            "complete": true,
            "counterexample": [
              {
                "origin": {
                  "module": 0,
                  "function": 0,
                  "sid": 0,
                  "phase": "statement"
                },
                "thread": 0,
                "frame": 0
              },
              {
                "origin": {
                  "module": 0,
                  "function": 1,
                  "sid": 0,
                  "phase": "statement"
                },
                "thread": 1,
                "frame": 1
              },
              {
                "origin": {
                  "module": 0,
                  "function": 1,
                  "sid": 1,
                  "phase": "statement"
                },
                "thread": 1,
                "frame": 1
              },
              {
                "origin": {
                  "module": 0,
                  "function": 1,
                  "sid": 2,
                  "phase": "statement"
                },
                "thread": 1,
                "frame": 1
              },
              {
                "origin": {
                  "module": 0,
                  "function": 1,
                  "sid": 3,
                  "phase": "statement"
                },
                "thread": 1,
                "frame": 1
              },
              {
                "origin": {
                  "module": 0,
                  "function": 1,
                  "sid": 4,
                  "phase": "statement"
                },
                "thread": 1,
                "frame": 1
              },
              {
                "origin": {
                  "module": 0,
                  "function": 2,
                  "sid": 0,
                  "phase": "statement"
                },
                "thread": 2,
                "frame": 2
              },
              {
                "origin": {
                  "module": 0,
                  "function": 2,
                  "sid": 1,
                  "phase": "statement"
                },
                "thread": 2,
                "frame": 2
              },
              {
                "origin": {
                  "module": 0,
                  "function": 2,
                  "sid": 2,
                  "phase": "statement"
                },
                "thread": 2,
                "frame": 2
              },
              {
                "origin": {
                  "module": 0,
                  "function": 2,
                  "sid": 3,
                  "phase": "statement"
                },
                "thread": 2,
                "frame": 2
              },
              {
                "origin": {
                  "module": 0,
                  "function": 2,
                  "sid": 4,
                  "phase": "statement"
                },
                "thread": 2,
                "frame": 2
              },
              {
                "origin": {
                  "module": 0,
                  "function": 3,
                  "sid": 0,
                  "phase": "statement"
                },
                "thread": 3,
                "frame": 3
              },
              {
                "origin": {
                  "module": 0,
                  "function": 3,
                  "sid": 1,
                  "phase": "statement"
                },
                "thread": 3,
                "frame": 3
              },
              {
                "origin": {
                  "module": 0,
                  "function": 3,
                  "sid": 2,
                  "phase": "statement"
                },
                "thread": 3,
                "frame": 3
              },
              {
                "origin": {
                  "module": 0,
                  "function": 3,
                  "sid": 3,
                  "phase": "statement"
                },
                "thread": 3,
                "frame": 3
              },
              {
                "origin": {
                  "module": 0,
                  "function": 3,
                  "sid": 4,
                  "phase": "statement"
                },
                "thread": 3,
                "frame": 3
              },
              {
                "origin": {
                  "module": 0,
                  "function": 4,
                  "sid": 0,
                  "phase": "statement"
                },
                "thread": 4,
                "frame": 4
              },
              {
                "origin": {
                  "module": 0,
                  "function": 4,
                  "sid": 1,
                  "phase": "statement"
                },
                "thread": 4,
                "frame": 4
              },
              {
                "origin": {
                  "module": 0,
                  "function": 4,
                  "sid": 2,
                  "phase": "statement"
                },
                "thread": 4,
                "frame": 4
              },
              {
                "origin": {
                  "module": 0,
                  "function": 4,
                  "sid": 3,
                  "phase": "statement"
                },
                "thread": 4,
                "frame": 4
              },
              {
                "origin": {
                  "module": 0,
                  "function": 4,
                  "sid": 4,
                  "phase": "statement"
                },
                "thread": 4,
                "frame": 4
              },
              {
                "origin": {
                  "module": 0,
                  "function": 5,
                  "sid": 0,
                  "phase": "statement"
                },
                "thread": 5,
                "frame": 5
              },
              {
                "origin": {
                  "module": 0,
                  "function": 6,
                  "sid": 0,
                  "phase": "statement"
                },
                "thread": 6,
                "frame": 6
              },
              {
                "origin": {
                  "module": 0,
                  "function": 5,
                  "sid": 1,
                  "phase": "statement"
                },
                "thread": 5,
                "frame": 5
              },
              {
                "origin": {
                  "module": 0,
                  "function": 6,
                  "sid": 1,
                  "phase": "statement"
                },
                "thread": 6,
                "frame": 6
              }
            ],
            "final_instances": [
              {
                "thread": 0,
                "frame": 0,
                "function": 0,
                "sid": 0,
                "status": "running"
              },
              {
                "thread": 1,
                "frame": null,
                "function": 1,
                "sid": null,
                "status": "finished"
              },
              {
                "thread": 2,
                "frame": null,
                "function": 2,
                "sid": null,
                "status": "finished"
              },
              {
                "thread": 3,
                "frame": null,
                "function": 3,
                "sid": null,
                "status": "finished"
              },
              {
                "thread": 4,
                "frame": null,
                "function": 4,
                "sid": null,
                "status": "finished"
              },
              {
                "thread": 5,
                "frame": 5,
                "function": 5,
                "sid": 1,
                "status": "running"
              },
              {
                "thread": 6,
                "frame": 6,
                "function": 6,
                "sid": 1,
                "status": "running"
              }
            ],
            "blocked": [
              {
                "thread": 0,
                "kind": "scope",
                "resource": null,
                "resource_name": null,
                "holder": null,
                "waiting": 0,
                "detail": "waiting for scope members"
              },
              {
                "thread": 5,
                "kind": "lock",
                "resource": 5,
                "resource_name": "main::f",
                "holder": 6,
                "waiting": 1,
                "detail": "waiting for a lock"
              },
              {
                "thread": 6,
                "kind": "lock",
                "resource": 4,
                "resource_name": "main::e",
                "holder": 5,
                "waiting": 1,
                "detail": "waiting for a lock"
              }
            ],
            "cir_statements": [
              {
                "module": "main",
                "function": "main",
                "sid": "s1"
              },
              {
                "module": "main",
                "function": "u1ab",
                "sid": null
              },
              {
                "module": "main",
                "function": "u1ba",
                "sid": null
              },
              {
                "module": "main",
                "function": "u2ab",
                "sid": null
              },
              {
                "module": "main",
                "function": "u2ba",
                "sid": null
              },
              {
                "module": "main",
                "function": "u3ab",
                "sid": "s2"
              },
              {
                "module": "main",
                "function": "u3ba",
                "sid": "s2"
              }
            ],
            "proven_facts": [
              "reached a counterexample state after 25 step(s)",
              "explored 79009 reachable states"
            ],
            "repair_hints": [
              "check lock acquisition order, channel capacity, and missing notify/join"
            ]
          }
        ],
        "boundary_events": [],
        "unsupported": [],
        "invalid": [],
        "model_fingerprint": "820823ef5d5baa34",
        "contract_fingerprint": "d77beaef151c4a46",
        "assumptions": {
          "sequential_consistency": true,
          "no_spurious_wakeups": true
        },
        "bounds": {
          "max_threads": 16,
          "max_frames_per_thread": 16,
          "max_states": 200000,
          "max_depth": 128,
          "max_boundary_events": 512
        },
        "analysis_started": true
      },
      "note": null
    },
    {
      "id": 9,
      "parent": 1,
      "depth": 2,
      "total_edits": 2,
      "program_fingerprint": "7740aeb72403af08",
      "incoming": {
        "module": "main",
        "function": "u2ba",
        "changes": [
          {
            "kind": "swap_statements",
            "a": "s1",
            "b": "s2"
          }
        ],
        "provenance": [
          {
            "description": "heuristic: swap an adjacent pair of mutex acquisitions"
          }
        ],
        "original_function_hash": "f6c08a6df755d470",
        "parent_fingerprint": "7ada0ab20f788694",
        "program_fingerprint": "7740aeb72403af08"
      },
      "report": {
        "outcome": "FAIL",
        "complete": true,
        "states_explored": 79009,
        "transitions_explored": 352766,
        "properties": [
          {
            "id": "no-deadlock",
            "outcome": "FAIL",
            "detail": "a reachable state has no enabled step and unfinished threads"
          },
          {
            "id": "preserved: main::u1ab completes",
            "outcome": "PASS",
            "detail": "preserved reachability: completed(f1)"
          },
          {
            "id": "preserved: main::u1ba completes",
            "outcome": "PASS",
            "detail": "preserved reachability: completed(f2)"
          },
          {
            "id": "preserved: main::u2ab completes",
            "outcome": "PASS",
            "detail": "preserved reachability: completed(f3)"
          },
          {
            "id": "preserved: main::u2ba completes",
            "outcome": "PASS",
            "detail": "preserved reachability: completed(f4)"
          },
          {
            "id": "preserved: main::u3ab completes",
            "outcome": "PASS",
            "detail": "preserved reachability: completed(f5)"
          },
          {
            "id": "preserved: main::u3ba completes",
            "outcome": "PASS",
            "detail": "preserved reachability: completed(f6)"
          }
        ],
        "diagnostics": [
          {
            "property": "no-deadlock",
            "outcome": "FAIL",
            "message": "reachable global deadlock",
            "complete": true,
            "counterexample": [
              {
                "origin": {
                  "module": 0,
                  "function": 0,
                  "sid": 0,
                  "phase": "statement"
                },
                "thread": 0,
                "frame": 0
              },
              {
                "origin": {
                  "module": 0,
                  "function": 1,
                  "sid": 0,
                  "phase": "statement"
                },
                "thread": 1,
                "frame": 1
              },
              {
                "origin": {
                  "module": 0,
                  "function": 1,
                  "sid": 1,
                  "phase": "statement"
                },
                "thread": 1,
                "frame": 1
              },
              {
                "origin": {
                  "module": 0,
                  "function": 1,
                  "sid": 2,
                  "phase": "statement"
                },
                "thread": 1,
                "frame": 1
              },
              {
                "origin": {
                  "module": 0,
                  "function": 1,
                  "sid": 3,
                  "phase": "statement"
                },
                "thread": 1,
                "frame": 1
              },
              {
                "origin": {
                  "module": 0,
                  "function": 1,
                  "sid": 4,
                  "phase": "statement"
                },
                "thread": 1,
                "frame": 1
              },
              {
                "origin": {
                  "module": 0,
                  "function": 2,
                  "sid": 0,
                  "phase": "statement"
                },
                "thread": 2,
                "frame": 2
              },
              {
                "origin": {
                  "module": 0,
                  "function": 2,
                  "sid": 1,
                  "phase": "statement"
                },
                "thread": 2,
                "frame": 2
              },
              {
                "origin": {
                  "module": 0,
                  "function": 2,
                  "sid": 2,
                  "phase": "statement"
                },
                "thread": 2,
                "frame": 2
              },
              {
                "origin": {
                  "module": 0,
                  "function": 2,
                  "sid": 3,
                  "phase": "statement"
                },
                "thread": 2,
                "frame": 2
              },
              {
                "origin": {
                  "module": 0,
                  "function": 2,
                  "sid": 4,
                  "phase": "statement"
                },
                "thread": 2,
                "frame": 2
              },
              {
                "origin": {
                  "module": 0,
                  "function": 3,
                  "sid": 0,
                  "phase": "statement"
                },
                "thread": 3,
                "frame": 3
              },
              {
                "origin": {
                  "module": 0,
                  "function": 3,
                  "sid": 1,
                  "phase": "statement"
                },
                "thread": 3,
                "frame": 3
              },
              {
                "origin": {
                  "module": 0,
                  "function": 3,
                  "sid": 2,
                  "phase": "statement"
                },
                "thread": 3,
                "frame": 3
              },
              {
                "origin": {
                  "module": 0,
                  "function": 3,
                  "sid": 3,
                  "phase": "statement"
                },
                "thread": 3,
                "frame": 3
              },
              {
                "origin": {
                  "module": 0,
                  "function": 3,
                  "sid": 4,
                  "phase": "statement"
                },
                "thread": 3,
                "frame": 3
              },
              {
                "origin": {
                  "module": 0,
                  "function": 4,
                  "sid": 0,
                  "phase": "statement"
                },
                "thread": 4,
                "frame": 4
              },
              {
                "origin": {
                  "module": 0,
                  "function": 4,
                  "sid": 1,
                  "phase": "statement"
                },
                "thread": 4,
                "frame": 4
              },
              {
                "origin": {
                  "module": 0,
                  "function": 4,
                  "sid": 2,
                  "phase": "statement"
                },
                "thread": 4,
                "frame": 4
              },
              {
                "origin": {
                  "module": 0,
                  "function": 4,
                  "sid": 3,
                  "phase": "statement"
                },
                "thread": 4,
                "frame": 4
              },
              {
                "origin": {
                  "module": 0,
                  "function": 4,
                  "sid": 4,
                  "phase": "statement"
                },
                "thread": 4,
                "frame": 4
              },
              {
                "origin": {
                  "module": 0,
                  "function": 5,
                  "sid": 0,
                  "phase": "statement"
                },
                "thread": 5,
                "frame": 5
              },
              {
                "origin": {
                  "module": 0,
                  "function": 6,
                  "sid": 0,
                  "phase": "statement"
                },
                "thread": 6,
                "frame": 6
              },
              {
                "origin": {
                  "module": 0,
                  "function": 5,
                  "sid": 1,
                  "phase": "statement"
                },
                "thread": 5,
                "frame": 5
              },
              {
                "origin": {
                  "module": 0,
                  "function": 6,
                  "sid": 1,
                  "phase": "statement"
                },
                "thread": 6,
                "frame": 6
              }
            ],
            "final_instances": [
              {
                "thread": 0,
                "frame": 0,
                "function": 0,
                "sid": 0,
                "status": "running"
              },
              {
                "thread": 1,
                "frame": null,
                "function": 1,
                "sid": null,
                "status": "finished"
              },
              {
                "thread": 2,
                "frame": null,
                "function": 2,
                "sid": null,
                "status": "finished"
              },
              {
                "thread": 3,
                "frame": null,
                "function": 3,
                "sid": null,
                "status": "finished"
              },
              {
                "thread": 4,
                "frame": null,
                "function": 4,
                "sid": null,
                "status": "finished"
              },
              {
                "thread": 5,
                "frame": 5,
                "function": 5,
                "sid": 1,
                "status": "running"
              },
              {
                "thread": 6,
                "frame": 6,
                "function": 6,
                "sid": 1,
                "status": "running"
              }
            ],
            "blocked": [
              {
                "thread": 0,
                "kind": "scope",
                "resource": null,
                "resource_name": null,
                "holder": null,
                "waiting": 0,
                "detail": "waiting for scope members"
              },
              {
                "thread": 5,
                "kind": "lock",
                "resource": 5,
                "resource_name": "main::f",
                "holder": 6,
                "waiting": 1,
                "detail": "waiting for a lock"
              },
              {
                "thread": 6,
                "kind": "lock",
                "resource": 4,
                "resource_name": "main::e",
                "holder": 5,
                "waiting": 1,
                "detail": "waiting for a lock"
              }
            ],
            "cir_statements": [
              {
                "module": "main",
                "function": "main",
                "sid": "s1"
              },
              {
                "module": "main",
                "function": "u1ab",
                "sid": null
              },
              {
                "module": "main",
                "function": "u1ba",
                "sid": null
              },
              {
                "module": "main",
                "function": "u2ab",
                "sid": null
              },
              {
                "module": "main",
                "function": "u2ba",
                "sid": null
              },
              {
                "module": "main",
                "function": "u3ab",
                "sid": "s2"
              },
              {
                "module": "main",
                "function": "u3ba",
                "sid": "s2"
              }
            ],
            "proven_facts": [
              "reached a counterexample state after 25 step(s)",
              "explored 79009 reachable states"
            ],
            "repair_hints": [
              "check lock acquisition order, channel capacity, and missing notify/join"
            ]
          }
        ],
        "boundary_events": [],
        "unsupported": [],
        "invalid": [],
        "model_fingerprint": "7740aeb72403af08",
        "contract_fingerprint": "d77beaef151c4a46",
        "assumptions": {
          "sequential_consistency": true,
          "no_spurious_wakeups": true
        },
        "bounds": {
          "max_threads": 16,
          "max_frames_per_thread": 16,
          "max_states": 200000,
          "max_depth": 128,
          "max_boundary_events": 512
        },
        "analysis_started": true
      },
      "note": null
    },
    {
      "id": 10,
      "parent": 1,
      "depth": 2,
      "total_edits": 2,
      "program_fingerprint": "baefa44051975140",
      "incoming": {
        "module": "main",
        "function": "u3ab",
        "changes": [
          {
            "kind": "swap_statements",
            "a": "s1",
            "b": "s2"
          }
        ],
        "provenance": [
          {
            "description": "heuristic: swap an adjacent pair of mutex acquisitions"
          }
        ],
        "original_function_hash": "47fa1c7df0ba80b3",
        "parent_fingerprint": "7ada0ab20f788694",
        "program_fingerprint": "baefa44051975140"
      },
      "report": {
        "outcome": "FAIL",
        "complete": true,
        "states_explored": 79009,
        "transitions_explored": 352766,
        "properties": [
          {
            "id": "no-deadlock",
            "outcome": "FAIL",
            "detail": "a reachable state has no enabled step and unfinished threads"
          },
          {
            "id": "preserved: main::u1ab completes",
            "outcome": "PASS",
            "detail": "preserved reachability: completed(f1)"
          },
          {
            "id": "preserved: main::u1ba completes",
            "outcome": "PASS",
            "detail": "preserved reachability: completed(f2)"
          },
          {
            "id": "preserved: main::u2ab completes",
            "outcome": "PASS",
            "detail": "preserved reachability: completed(f3)"
          },
          {
            "id": "preserved: main::u2ba completes",
            "outcome": "PASS",
            "detail": "preserved reachability: completed(f4)"
          },
          {
            "id": "preserved: main::u3ab completes",
            "outcome": "PASS",
            "detail": "preserved reachability: completed(f5)"
          },
          {
            "id": "preserved: main::u3ba completes",
            "outcome": "PASS",
            "detail": "preserved reachability: completed(f6)"
          }
        ],
        "diagnostics": [
          {
            "property": "no-deadlock",
            "outcome": "FAIL",
            "message": "reachable global deadlock",
            "complete": true,
            "counterexample": [
              {
                "origin": {
                  "module": 0,
                  "function": 0,
                  "sid": 0,
                  "phase": "statement"
                },
                "thread": 0,
                "frame": 0
              },
              {
                "origin": {
                  "module": 0,
                  "function": 1,
                  "sid": 0,
                  "phase": "statement"
                },
                "thread": 1,
                "frame": 1
              },
              {
                "origin": {
                  "module": 0,
                  "function": 1,
                  "sid": 1,
                  "phase": "statement"
                },
                "thread": 1,
                "frame": 1
              },
              {
                "origin": {
                  "module": 0,
                  "function": 1,
                  "sid": 2,
                  "phase": "statement"
                },
                "thread": 1,
                "frame": 1
              },
              {
                "origin": {
                  "module": 0,
                  "function": 1,
                  "sid": 3,
                  "phase": "statement"
                },
                "thread": 1,
                "frame": 1
              },
              {
                "origin": {
                  "module": 0,
                  "function": 1,
                  "sid": 4,
                  "phase": "statement"
                },
                "thread": 1,
                "frame": 1
              },
              {
                "origin": {
                  "module": 0,
                  "function": 2,
                  "sid": 0,
                  "phase": "statement"
                },
                "thread": 2,
                "frame": 2
              },
              {
                "origin": {
                  "module": 0,
                  "function": 2,
                  "sid": 1,
                  "phase": "statement"
                },
                "thread": 2,
                "frame": 2
              },
              {
                "origin": {
                  "module": 0,
                  "function": 2,
                  "sid": 2,
                  "phase": "statement"
                },
                "thread": 2,
                "frame": 2
              },
              {
                "origin": {
                  "module": 0,
                  "function": 2,
                  "sid": 3,
                  "phase": "statement"
                },
                "thread": 2,
                "frame": 2
              },
              {
                "origin": {
                  "module": 0,
                  "function": 2,
                  "sid": 4,
                  "phase": "statement"
                },
                "thread": 2,
                "frame": 2
              },
              {
                "origin": {
                  "module": 0,
                  "function": 3,
                  "sid": 0,
                  "phase": "statement"
                },
                "thread": 3,
                "frame": 3
              },
              {
                "origin": {
                  "module": 0,
                  "function": 4,
                  "sid": 0,
                  "phase": "statement"
                },
                "thread": 4,
                "frame": 4
              },
              {
                "origin": {
                  "module": 0,
                  "function": 3,
                  "sid": 1,
                  "phase": "statement"
                },
                "thread": 3,
                "frame": 3
              },
              {
                "origin": {
                  "module": 0,
                  "function": 4,
                  "sid": 1,
                  "phase": "statement"
                },
                "thread": 4,
                "frame": 4
              },
              {
                "origin": {
                  "module": 0,
                  "function": 5,
                  "sid": 0,
                  "phase": "statement"
                },
                "thread": 5,
                "frame": 5
              },
              {
                "origin": {
                  "module": 0,
                  "function": 5,
                  "sid": 1,
                  "phase": "statement"
                },
                "thread": 5,
                "frame": 5
              },
              {
                "origin": {
                  "module": 0,
                  "function": 5,
                  "sid": 2,
                  "phase": "statement"
                },
                "thread": 5,
                "frame": 5
              },
              {
                "origin": {
                  "module": 0,
                  "function": 5,
                  "sid": 3,
                  "phase": "statement"
                },
                "thread": 5,
                "frame": 5
              },
              {
                "origin": {
                  "module": 0,
                  "function": 5,
                  "sid": 4,
                  "phase": "statement"
                },
                "thread": 5,
                "frame": 5
              },
              {
                "origin": {
                  "module": 0,
                  "function": 6,
                  "sid": 0,
                  "phase": "statement"
                },
                "thread": 6,
                "frame": 6
              },
              {
                "origin": {
                  "module": 0,
                  "function": 6,
                  "sid": 1,
                  "phase": "statement"
                },
                "thread": 6,
                "frame": 6
              },
              {
                "origin": {
                  "module": 0,
                  "function": 6,
                  "sid": 2,
                  "phase": "statement"
                },
                "thread": 6,
                "frame": 6
              },
              {
                "origin": {
                  "module": 0,
                  "function": 6,
                  "sid": 3,
                  "phase": "statement"
                },
                "thread": 6,
                "frame": 6
              },
              {
                "origin": {
                  "module": 0,
                  "function": 6,
                  "sid": 4,
                  "phase": "statement"
                },
                "thread": 6,
                "frame": 6
              }
            ],
            "final_instances": [
              {
                "thread": 0,
                "frame": 0,
                "function": 0,
                "sid": 0,
                "status": "running"
              },
              {
                "thread": 1,
                "frame": null,
                "function": 1,
                "sid": null,
                "status": "finished"
              },
              {
                "thread": 2,
                "frame": null,
                "function": 2,
                "sid": null,
                "status": "finished"
              },
              {
                "thread": 3,
                "frame": 3,
                "function": 3,
                "sid": 1,
                "status": "running"
              },
              {
                "thread": 4,
                "frame": 4,
                "function": 4,
                "sid": 1,
                "status": "running"
              },
              {
                "thread": 5,
                "frame": null,
                "function": 5,
                "sid": null,
                "status": "finished"
              },
              {
                "thread": 6,
                "frame": null,
                "function": 6,
                "sid": null,
                "status": "finished"
              }
            ],
            "blocked": [
              {
                "thread": 0,
                "kind": "scope",
                "resource": null,
                "resource_name": null,
                "holder": null,
                "waiting": 0,
                "detail": "waiting for scope members"
              },
              {
                "thread": 3,
                "kind": "lock",
                "resource": 3,
                "resource_name": "main::d",
                "holder": 4,
                "waiting": 1,
                "detail": "waiting for a lock"
              },
              {
                "thread": 4,
                "kind": "lock",
                "resource": 2,
                "resource_name": "main::c",
                "holder": 3,
                "waiting": 1,
                "detail": "waiting for a lock"
              }
            ],
            "cir_statements": [
              {
                "module": "main",
                "function": "main",
                "sid": "s1"
              },
              {
                "module": "main",
                "function": "u1ab",
                "sid": null
              },
              {
                "module": "main",
                "function": "u1ba",
                "sid": null
              },
              {
                "module": "main",
                "function": "u2ab",
                "sid": "s2"
              },
              {
                "module": "main",
                "function": "u2ba",
                "sid": "s2"
              },
              {
                "module": "main",
                "function": "u3ab",
                "sid": null
              },
              {
                "module": "main",
                "function": "u3ba",
                "sid": null
              }
            ],
            "proven_facts": [
              "reached a counterexample state after 25 step(s)",
              "explored 79009 reachable states"
            ],
            "repair_hints": [
              "check lock acquisition order, channel capacity, and missing notify/join"
            ]
          }
        ],
        "boundary_events": [],
        "unsupported": [],
        "invalid": [],
        "model_fingerprint": "baefa44051975140",
        "contract_fingerprint": "d77beaef151c4a46",
        "assumptions": {
          "sequential_consistency": true,
          "no_spurious_wakeups": true
        },
        "bounds": {
          "max_threads": 16,
          "max_frames_per_thread": 16,
          "max_states": 200000,
          "max_depth": 128,
          "max_boundary_events": 512
        },
        "analysis_started": true
      },
      "note": null
    },
    {
      "id": 11,
      "parent": 1,
      "depth": 2,
      "total_edits": 2,
      "program_fingerprint": "4d18ad7b9a1f64ac",
      "incoming": {
        "module": "main",
        "function": "u3ba",
        "changes": [
          {
            "kind": "swap_statements",
            "a": "s1",
            "b": "s2"
          }
        ],
        "provenance": [
          {
            "description": "heuristic: swap an adjacent pair of mutex acquisitions"
          }
        ],
        "original_function_hash": "9850bcd12215372d",
        "parent_fingerprint": "7ada0ab20f788694",
        "program_fingerprint": "4d18ad7b9a1f64ac"
      },
      "report": {
        "outcome": "FAIL",
        "complete": true,
        "states_explored": 79009,
        "transitions_explored": 352766,
        "properties": [
          {
            "id": "no-deadlock",
            "outcome": "FAIL",
            "detail": "a reachable state has no enabled step and unfinished threads"
          },
          {
            "id": "preserved: main::u1ab completes",
            "outcome": "PASS",
            "detail": "preserved reachability: completed(f1)"
          },
          {
            "id": "preserved: main::u1ba completes",
            "outcome": "PASS",
            "detail": "preserved reachability: completed(f2)"
          },
          {
            "id": "preserved: main::u2ab completes",
            "outcome": "PASS",
            "detail": "preserved reachability: completed(f3)"
          },
          {
            "id": "preserved: main::u2ba completes",
            "outcome": "PASS",
            "detail": "preserved reachability: completed(f4)"
          },
          {
            "id": "preserved: main::u3ab completes",
            "outcome": "PASS",
            "detail": "preserved reachability: completed(f5)"
          },
          {
            "id": "preserved: main::u3ba completes",
            "outcome": "PASS",
            "detail": "preserved reachability: completed(f6)"
          }
        ],
        "diagnostics": [
          {
            "property": "no-deadlock",
            "outcome": "FAIL",
            "message": "reachable global deadlock",
            "complete": true,
            "counterexample": [
              {
                "origin": {
                  "module": 0,
                  "function": 0,
                  "sid": 0,
                  "phase": "statement"
                },
                "thread": 0,
                "frame": 0
              },
              {
                "origin": {
                  "module": 0,
                  "function": 1,
                  "sid": 0,
                  "phase": "statement"
                },
                "thread": 1,
                "frame": 1
              },
              {
                "origin": {
                  "module": 0,
                  "function": 1,
                  "sid": 1,
                  "phase": "statement"
                },
                "thread": 1,
                "frame": 1
              },
              {
                "origin": {
                  "module": 0,
                  "function": 1,
                  "sid": 2,
                  "phase": "statement"
                },
                "thread": 1,
                "frame": 1
              },
              {
                "origin": {
                  "module": 0,
                  "function": 1,
                  "sid": 3,
                  "phase": "statement"
                },
                "thread": 1,
                "frame": 1
              },
              {
                "origin": {
                  "module": 0,
                  "function": 1,
                  "sid": 4,
                  "phase": "statement"
                },
                "thread": 1,
                "frame": 1
              },
              {
                "origin": {
                  "module": 0,
                  "function": 2,
                  "sid": 0,
                  "phase": "statement"
                },
                "thread": 2,
                "frame": 2
              },
              {
                "origin": {
                  "module": 0,
                  "function": 2,
                  "sid": 1,
                  "phase": "statement"
                },
                "thread": 2,
                "frame": 2
              },
              {
                "origin": {
                  "module": 0,
                  "function": 2,
                  "sid": 2,
                  "phase": "statement"
                },
                "thread": 2,
                "frame": 2
              },
              {
                "origin": {
                  "module": 0,
                  "function": 2,
                  "sid": 3,
                  "phase": "statement"
                },
                "thread": 2,
                "frame": 2
              },
              {
                "origin": {
                  "module": 0,
                  "function": 2,
                  "sid": 4,
                  "phase": "statement"
                },
                "thread": 2,
                "frame": 2
              },
              {
                "origin": {
                  "module": 0,
                  "function": 3,
                  "sid": 0,
                  "phase": "statement"
                },
                "thread": 3,
                "frame": 3
              },
              {
                "origin": {
                  "module": 0,
                  "function": 4,
                  "sid": 0,
                  "phase": "statement"
                },
                "thread": 4,
                "frame": 4
              },
              {
                "origin": {
                  "module": 0,
                  "function": 3,
                  "sid": 1,
                  "phase": "statement"
                },
                "thread": 3,
                "frame": 3
              },
              {
                "origin": {
                  "module": 0,
                  "function": 4,
                  "sid": 1,
                  "phase": "statement"
                },
                "thread": 4,
                "frame": 4
              },
              {
                "origin": {
                  "module": 0,
                  "function": 5,
                  "sid": 0,
                  "phase": "statement"
                },
                "thread": 5,
                "frame": 5
              },
              {
                "origin": {
                  "module": 0,
                  "function": 5,
                  "sid": 1,
                  "phase": "statement"
                },
                "thread": 5,
                "frame": 5
              },
              {
                "origin": {
                  "module": 0,
                  "function": 5,
                  "sid": 2,
                  "phase": "statement"
                },
                "thread": 5,
                "frame": 5
              },
              {
                "origin": {
                  "module": 0,
                  "function": 5,
                  "sid": 3,
                  "phase": "statement"
                },
                "thread": 5,
                "frame": 5
              },
              {
                "origin": {
                  "module": 0,
                  "function": 5,
                  "sid": 4,
                  "phase": "statement"
                },
                "thread": 5,
                "frame": 5
              },
              {
                "origin": {
                  "module": 0,
                  "function": 6,
                  "sid": 0,
                  "phase": "statement"
                },
                "thread": 6,
                "frame": 6
              },
              {
                "origin": {
                  "module": 0,
                  "function": 6,
                  "sid": 1,
                  "phase": "statement"
                },
                "thread": 6,
                "frame": 6
              },
              {
                "origin": {
                  "module": 0,
                  "function": 6,
                  "sid": 2,
                  "phase": "statement"
                },
                "thread": 6,
                "frame": 6
              },
              {
                "origin": {
                  "module": 0,
                  "function": 6,
                  "sid": 3,
                  "phase": "statement"
                },
                "thread": 6,
                "frame": 6
              },
              {
                "origin": {
                  "module": 0,
                  "function": 6,
                  "sid": 4,
                  "phase": "statement"
                },
                "thread": 6,
                "frame": 6
              }
            ],
            "final_instances": [
              {
                "thread": 0,
                "frame": 0,
                "function": 0,
                "sid": 0,
                "status": "running"
              },
              {
                "thread": 1,
                "frame": null,
                "function": 1,
                "sid": null,
                "status": "finished"
              },
              {
                "thread": 2,
                "frame": null,
                "function": 2,
                "sid": null,
                "status": "finished"
              },
              {
                "thread": 3,
                "frame": 3,
                "function": 3,
                "sid": 1,
                "status": "running"
              },
              {
                "thread": 4,
                "frame": 4,
                "function": 4,
                "sid": 1,
                "status": "running"
              },
              {
                "thread": 5,
                "frame": null,
                "function": 5,
                "sid": null,
                "status": "finished"
              },
              {
                "thread": 6,
                "frame": null,
                "function": 6,
                "sid": null,
                "status": "finished"
              }
            ],
            "blocked": [
              {
                "thread": 0,
                "kind": "scope",
                "resource": null,
                "resource_name": null,
                "holder": null,
                "waiting": 0,
                "detail": "waiting for scope members"
              },
              {
                "thread": 3,
                "kind": "lock",
                "resource": 3,
                "resource_name": "main::d",
                "holder": 4,
                "waiting": 1,
                "detail": "waiting for a lock"
              },
              {
                "thread": 4,
                "kind": "lock",
                "resource": 2,
                "resource_name": "main::c",
                "holder": 3,
                "waiting": 1,
                "detail": "waiting for a lock"
              }
            ],
            "cir_statements": [
              {
                "module": "main",
                "function": "main",
                "sid": "s1"
              },
              {
                "module": "main",
                "function": "u1ab",
                "sid": null
              },
              {
                "module": "main",
                "function": "u1ba",
                "sid": null
              },
              {
                "module": "main",
                "function": "u2ab",
                "sid": "s2"
              },
              {
                "module": "main",
                "function": "u2ba",
                "sid": "s2"
              },
              {
                "module": "main",
                "function": "u3ab",
                "sid": null
              },
              {
                "module": "main",
                "function": "u3ba",
                "sid": null
              }
            ],
            "proven_facts": [
              "reached a counterexample state after 25 step(s)",
              "explored 79009 reachable states"
            ],
            "repair_hints": [
              "check lock acquisition order, channel capacity, and missing notify/join"
            ]
          }
        ],
        "boundary_events": [],
        "unsupported": [],
        "invalid": [],
        "model_fingerprint": "4d18ad7b9a1f64ac",
        "contract_fingerprint": "d77beaef151c4a46",
        "assumptions": {
          "sequential_consistency": true,
          "no_spurious_wakeups": true
        },
        "bounds": {
          "max_threads": 16,
          "max_frames_per_thread": 16,
          "max_states": 200000,
          "max_depth": 128,
          "max_boundary_events": 512
        },
        "analysis_started": true
      },
      "note": null
    },
    {
      "id": 12,
      "parent": 2,
      "depth": 2,
      "total_edits": 2,
      "program_fingerprint": "864387fb17493f70",
      "incoming": {
        "module": "main",
        "function": "u2ab",
        "changes": [
          {
            "kind": "swap_statements",
            "a": "s1",
            "b": "s2"
          }
        ],
        "provenance": [
          {
            "description": "heuristic: swap an adjacent pair of mutex acquisitions"
          }
        ],
        "original_function_hash": "63befec22f97498e",
        "parent_fingerprint": "dba48c97cb3d0f80",
        "program_fingerprint": "864387fb17493f70"
      },
      "report": {
        "outcome": "FAIL",
        "complete": true,
        "states_explored": 79009,
        "transitions_explored": 352766,
        "properties": [
          {
            "id": "no-deadlock",
            "outcome": "FAIL",
            "detail": "a reachable state has no enabled step and unfinished threads"
          },
          {
            "id": "preserved: main::u1ab completes",
            "outcome": "PASS",
            "detail": "preserved reachability: completed(f1)"
          },
          {
            "id": "preserved: main::u1ba completes",
            "outcome": "PASS",
            "detail": "preserved reachability: completed(f2)"
          },
          {
            "id": "preserved: main::u2ab completes",
            "outcome": "PASS",
            "detail": "preserved reachability: completed(f3)"
          },
          {
            "id": "preserved: main::u2ba completes",
            "outcome": "PASS",
            "detail": "preserved reachability: completed(f4)"
          },
          {
            "id": "preserved: main::u3ab completes",
            "outcome": "PASS",
            "detail": "preserved reachability: completed(f5)"
          },
          {
            "id": "preserved: main::u3ba completes",
            "outcome": "PASS",
            "detail": "preserved reachability: completed(f6)"
          }
        ],
        "diagnostics": [
          {
            "property": "no-deadlock",
            "outcome": "FAIL",
            "message": "reachable global deadlock",
            "complete": true,
            "counterexample": [
              {
                "origin": {
                  "module": 0,
                  "function": 0,
                  "sid": 0,
                  "phase": "statement"
                },
                "thread": 0,
                "frame": 0
              },
              {
                "origin": {
                  "module": 0,
                  "function": 1,
                  "sid": 0,
                  "phase": "statement"
                },
                "thread": 1,
                "frame": 1
              },
              {
                "origin": {
                  "module": 0,
                  "function": 1,
                  "sid": 1,
                  "phase": "statement"
                },
                "thread": 1,
                "frame": 1
              },
              {
                "origin": {
                  "module": 0,
                  "function": 1,
                  "sid": 2,
                  "phase": "statement"
                },
                "thread": 1,
                "frame": 1
              },
              {
                "origin": {
                  "module": 0,
                  "function": 1,
                  "sid": 3,
                  "phase": "statement"
                },
                "thread": 1,
                "frame": 1
              },
              {
                "origin": {
                  "module": 0,
                  "function": 1,
                  "sid": 4,
                  "phase": "statement"
                },
                "thread": 1,
                "frame": 1
              },
              {
                "origin": {
                  "module": 0,
                  "function": 2,
                  "sid": 0,
                  "phase": "statement"
                },
                "thread": 2,
                "frame": 2
              },
              {
                "origin": {
                  "module": 0,
                  "function": 2,
                  "sid": 1,
                  "phase": "statement"
                },
                "thread": 2,
                "frame": 2
              },
              {
                "origin": {
                  "module": 0,
                  "function": 2,
                  "sid": 2,
                  "phase": "statement"
                },
                "thread": 2,
                "frame": 2
              },
              {
                "origin": {
                  "module": 0,
                  "function": 2,
                  "sid": 3,
                  "phase": "statement"
                },
                "thread": 2,
                "frame": 2
              },
              {
                "origin": {
                  "module": 0,
                  "function": 2,
                  "sid": 4,
                  "phase": "statement"
                },
                "thread": 2,
                "frame": 2
              },
              {
                "origin": {
                  "module": 0,
                  "function": 3,
                  "sid": 0,
                  "phase": "statement"
                },
                "thread": 3,
                "frame": 3
              },
              {
                "origin": {
                  "module": 0,
                  "function": 3,
                  "sid": 1,
                  "phase": "statement"
                },
                "thread": 3,
                "frame": 3
              },
              {
                "origin": {
                  "module": 0,
                  "function": 3,
                  "sid": 2,
                  "phase": "statement"
                },
                "thread": 3,
                "frame": 3
              },
              {
                "origin": {
                  "module": 0,
                  "function": 3,
                  "sid": 3,
                  "phase": "statement"
                },
                "thread": 3,
                "frame": 3
              },
              {
                "origin": {
                  "module": 0,
                  "function": 3,
                  "sid": 4,
                  "phase": "statement"
                },
                "thread": 3,
                "frame": 3
              },
              {
                "origin": {
                  "module": 0,
                  "function": 4,
                  "sid": 0,
                  "phase": "statement"
                },
                "thread": 4,
                "frame": 4
              },
              {
                "origin": {
                  "module": 0,
                  "function": 4,
                  "sid": 1,
                  "phase": "statement"
                },
                "thread": 4,
                "frame": 4
              },
              {
                "origin": {
                  "module": 0,
                  "function": 4,
                  "sid": 2,
                  "phase": "statement"
                },
                "thread": 4,
                "frame": 4
              },
              {
                "origin": {
                  "module": 0,
                  "function": 4,
                  "sid": 3,
                  "phase": "statement"
                },
                "thread": 4,
                "frame": 4
              },
              {
                "origin": {
                  "module": 0,
                  "function": 4,
                  "sid": 4,
                  "phase": "statement"
                },
                "thread": 4,
                "frame": 4
              },
              {
                "origin": {
                  "module": 0,
                  "function": 5,
                  "sid": 0,
                  "phase": "statement"
                },
                "thread": 5,
                "frame": 5
              },
              {
                "origin": {
                  "module": 0,
                  "function": 6,
                  "sid": 0,
                  "phase": "statement"
                },
                "thread": 6,
                "frame": 6
              },
              {
                "origin": {
                  "module": 0,
                  "function": 5,
                  "sid": 1,
                  "phase": "statement"
                },
                "thread": 5,
                "frame": 5
              },
              {
                "origin": {
                  "module": 0,
                  "function": 6,
                  "sid": 1,
                  "phase": "statement"
                },
                "thread": 6,
                "frame": 6
              }
            ],
            "final_instances": [
              {
                "thread": 0,
                "frame": 0,
                "function": 0,
                "sid": 0,
                "status": "running"
              },
              {
                "thread": 1,
                "frame": null,
                "function": 1,
                "sid": null,
                "status": "finished"
              },
              {
                "thread": 2,
                "frame": null,
                "function": 2,
                "sid": null,
                "status": "finished"
              },
              {
                "thread": 3,
                "frame": null,
                "function": 3,
                "sid": null,
                "status": "finished"
              },
              {
                "thread": 4,
                "frame": null,
                "function": 4,
                "sid": null,
                "status": "finished"
              },
              {
                "thread": 5,
                "frame": 5,
                "function": 5,
                "sid": 1,
                "status": "running"
              },
              {
                "thread": 6,
                "frame": 6,
                "function": 6,
                "sid": 1,
                "status": "running"
              }
            ],
            "blocked": [
              {
                "thread": 0,
                "kind": "scope",
                "resource": null,
                "resource_name": null,
                "holder": null,
                "waiting": 0,
                "detail": "waiting for scope members"
              },
              {
                "thread": 5,
                "kind": "lock",
                "resource": 5,
                "resource_name": "main::f",
                "holder": 6,
                "waiting": 1,
                "detail": "waiting for a lock"
              },
              {
                "thread": 6,
                "kind": "lock",
                "resource": 4,
                "resource_name": "main::e",
                "holder": 5,
                "waiting": 1,
                "detail": "waiting for a lock"
              }
            ],
            "cir_statements": [
              {
                "module": "main",
                "function": "main",
                "sid": "s1"
              },
              {
                "module": "main",
                "function": "u1ab",
                "sid": null
              },
              {
                "module": "main",
                "function": "u1ba",
                "sid": null
              },
              {
                "module": "main",
                "function": "u2ab",
                "sid": null
              },
              {
                "module": "main",
                "function": "u2ba",
                "sid": null
              },
              {
                "module": "main",
                "function": "u3ab",
                "sid": "s2"
              },
              {
                "module": "main",
                "function": "u3ba",
                "sid": "s2"
              }
            ],
            "proven_facts": [
              "reached a counterexample state after 25 step(s)",
              "explored 79009 reachable states"
            ],
            "repair_hints": [
              "check lock acquisition order, channel capacity, and missing notify/join"
            ]
          }
        ],
        "boundary_events": [],
        "unsupported": [],
        "invalid": [],
        "model_fingerprint": "864387fb17493f70",
        "contract_fingerprint": "d77beaef151c4a46",
        "assumptions": {
          "sequential_consistency": true,
          "no_spurious_wakeups": true
        },
        "bounds": {
          "max_threads": 16,
          "max_frames_per_thread": 16,
          "max_states": 200000,
          "max_depth": 128,
          "max_boundary_events": 512
        },
        "analysis_started": true
      },
      "note": null
    },
    {
      "id": 13,
      "parent": 2,
      "depth": 2,
      "total_edits": 2,
      "program_fingerprint": "bf2b2fa0dfdaa994",
      "incoming": {
        "module": "main",
        "function": "u2ba",
        "changes": [
          {
            "kind": "swap_statements",
            "a": "s1",
            "b": "s2"
          }
        ],
        "provenance": [
          {
            "description": "heuristic: swap an adjacent pair of mutex acquisitions"
          }
        ],
        "original_function_hash": "f6c08a6df755d470",
        "parent_fingerprint": "dba48c97cb3d0f80",
        "program_fingerprint": "bf2b2fa0dfdaa994"
      },
      "report": {
        "outcome": "FAIL",
        "complete": true,
        "states_explored": 79009,
        "transitions_explored": 352766,
        "properties": [
          {
            "id": "no-deadlock",
            "outcome": "FAIL",
            "detail": "a reachable state has no enabled step and unfinished threads"
          },
          {
            "id": "preserved: main::u1ab completes",
            "outcome": "PASS",
            "detail": "preserved reachability: completed(f1)"
          },
          {
            "id": "preserved: main::u1ba completes",
            "outcome": "PASS",
            "detail": "preserved reachability: completed(f2)"
          },
          {
            "id": "preserved: main::u2ab completes",
            "outcome": "PASS",
            "detail": "preserved reachability: completed(f3)"
          },
          {
            "id": "preserved: main::u2ba completes",
            "outcome": "PASS",
            "detail": "preserved reachability: completed(f4)"
          },
          {
            "id": "preserved: main::u3ab completes",
            "outcome": "PASS",
            "detail": "preserved reachability: completed(f5)"
          },
          {
            "id": "preserved: main::u3ba completes",
            "outcome": "PASS",
            "detail": "preserved reachability: completed(f6)"
          }
        ],
        "diagnostics": [
          {
            "property": "no-deadlock",
            "outcome": "FAIL",
            "message": "reachable global deadlock",
            "complete": true,
            "counterexample": [
              {
                "origin": {
                  "module": 0,
                  "function": 0,
                  "sid": 0,
                  "phase": "statement"
                },
                "thread": 0,
                "frame": 0
              },
              {
                "origin": {
                  "module": 0,
                  "function": 1,
                  "sid": 0,
                  "phase": "statement"
                },
                "thread": 1,
                "frame": 1
              },
              {
                "origin": {
                  "module": 0,
                  "function": 1,
                  "sid": 1,
                  "phase": "statement"
                },
                "thread": 1,
                "frame": 1
              },
              {
                "origin": {
                  "module": 0,
                  "function": 1,
                  "sid": 2,
                  "phase": "statement"
                },
                "thread": 1,
                "frame": 1
              },
              {
                "origin": {
                  "module": 0,
                  "function": 1,
                  "sid": 3,
                  "phase": "statement"
                },
                "thread": 1,
                "frame": 1
              },
              {
                "origin": {
                  "module": 0,
                  "function": 1,
                  "sid": 4,
                  "phase": "statement"
                },
                "thread": 1,
                "frame": 1
              },
              {
                "origin": {
                  "module": 0,
                  "function": 2,
                  "sid": 0,
                  "phase": "statement"
                },
                "thread": 2,
                "frame": 2
              },
              {
                "origin": {
                  "module": 0,
                  "function": 2,
                  "sid": 1,
                  "phase": "statement"
                },
                "thread": 2,
                "frame": 2
              },
              {
                "origin": {
                  "module": 0,
                  "function": 2,
                  "sid": 2,
                  "phase": "statement"
                },
                "thread": 2,
                "frame": 2
              },
              {
                "origin": {
                  "module": 0,
                  "function": 2,
                  "sid": 3,
                  "phase": "statement"
                },
                "thread": 2,
                "frame": 2
              },
              {
                "origin": {
                  "module": 0,
                  "function": 2,
                  "sid": 4,
                  "phase": "statement"
                },
                "thread": 2,
                "frame": 2
              },
              {
                "origin": {
                  "module": 0,
                  "function": 3,
                  "sid": 0,
                  "phase": "statement"
                },
                "thread": 3,
                "frame": 3
              },
              {
                "origin": {
                  "module": 0,
                  "function": 3,
                  "sid": 1,
                  "phase": "statement"
                },
                "thread": 3,
                "frame": 3
              },
              {
                "origin": {
                  "module": 0,
                  "function": 3,
                  "sid": 2,
                  "phase": "statement"
                },
                "thread": 3,
                "frame": 3
              },
              {
                "origin": {
                  "module": 0,
                  "function": 3,
                  "sid": 3,
                  "phase": "statement"
                },
                "thread": 3,
                "frame": 3
              },
              {
                "origin": {
                  "module": 0,
                  "function": 3,
                  "sid": 4,
                  "phase": "statement"
                },
                "thread": 3,
                "frame": 3
              },
              {
                "origin": {
                  "module": 0,
                  "function": 4,
                  "sid": 0,
                  "phase": "statement"
                },
                "thread": 4,
                "frame": 4
              },
              {
                "origin": {
                  "module": 0,
                  "function": 4,
                  "sid": 1,
                  "phase": "statement"
                },
                "thread": 4,
                "frame": 4
              },
              {
                "origin": {
                  "module": 0,
                  "function": 4,
                  "sid": 2,
                  "phase": "statement"
                },
                "thread": 4,
                "frame": 4
              },
              {
                "origin": {
                  "module": 0,
                  "function": 4,
                  "sid": 3,
                  "phase": "statement"
                },
                "thread": 4,
                "frame": 4
              },
              {
                "origin": {
                  "module": 0,
                  "function": 4,
                  "sid": 4,
                  "phase": "statement"
                },
                "thread": 4,
                "frame": 4
              },
              {
                "origin": {
                  "module": 0,
                  "function": 5,
                  "sid": 0,
                  "phase": "statement"
                },
                "thread": 5,
                "frame": 5
              },
              {
                "origin": {
                  "module": 0,
                  "function": 6,
                  "sid": 0,
                  "phase": "statement"
                },
                "thread": 6,
                "frame": 6
              },
              {
                "origin": {
                  "module": 0,
                  "function": 5,
                  "sid": 1,
                  "phase": "statement"
                },
                "thread": 5,
                "frame": 5
              },
              {
                "origin": {
                  "module": 0,
                  "function": 6,
                  "sid": 1,
                  "phase": "statement"
                },
                "thread": 6,
                "frame": 6
              }
            ],
            "final_instances": [
              {
                "thread": 0,
                "frame": 0,
                "function": 0,
                "sid": 0,
                "status": "running"
              },
              {
                "thread": 1,
                "frame": null,
                "function": 1,
                "sid": null,
                "status": "finished"
              },
              {
                "thread": 2,
                "frame": null,
                "function": 2,
                "sid": null,
                "status": "finished"
              },
              {
                "thread": 3,
                "frame": null,
                "function": 3,
                "sid": null,
                "status": "finished"
              },
              {
                "thread": 4,
                "frame": null,
                "function": 4,
                "sid": null,
                "status": "finished"
              },
              {
                "thread": 5,
                "frame": 5,
                "function": 5,
                "sid": 1,
                "status": "running"
              },
              {
                "thread": 6,
                "frame": 6,
                "function": 6,
                "sid": 1,
                "status": "running"
              }
            ],
            "blocked": [
              {
                "thread": 0,
                "kind": "scope",
                "resource": null,
                "resource_name": null,
                "holder": null,
                "waiting": 0,
                "detail": "waiting for scope members"
              },
              {
                "thread": 5,
                "kind": "lock",
                "resource": 5,
                "resource_name": "main::f",
                "holder": 6,
                "waiting": 1,
                "detail": "waiting for a lock"
              },
              {
                "thread": 6,
                "kind": "lock",
                "resource": 4,
                "resource_name": "main::e",
                "holder": 5,
                "waiting": 1,
                "detail": "waiting for a lock"
              }
            ],
            "cir_statements": [
              {
                "module": "main",
                "function": "main",
                "sid": "s1"
              },
              {
                "module": "main",
                "function": "u1ab",
                "sid": null
              },
              {
                "module": "main",
                "function": "u1ba",
                "sid": null
              },
              {
                "module": "main",
                "function": "u2ab",
                "sid": null
              },
              {
                "module": "main",
                "function": "u2ba",
                "sid": null
              },
              {
                "module": "main",
                "function": "u3ab",
                "sid": "s2"
              },
              {
                "module": "main",
                "function": "u3ba",
                "sid": "s2"
              }
            ],
            "proven_facts": [
              "reached a counterexample state after 25 step(s)",
              "explored 79009 reachable states"
            ],
            "repair_hints": [
              "check lock acquisition order, channel capacity, and missing notify/join"
            ]
          }
        ],
        "boundary_events": [],
        "unsupported": [],
        "invalid": [],
        "model_fingerprint": "bf2b2fa0dfdaa994",
        "contract_fingerprint": "d77beaef151c4a46",
        "assumptions": {
          "sequential_consistency": true,
          "no_spurious_wakeups": true
        },
        "bounds": {
          "max_threads": 16,
          "max_frames_per_thread": 16,
          "max_states": 200000,
          "max_depth": 128,
          "max_boundary_events": 512
        },
        "analysis_started": true
      },
      "note": null
    },
    {
      "id": 14,
      "parent": 2,
      "depth": 2,
      "total_edits": 2,
      "program_fingerprint": "a6435e9ca2158c6c",
      "incoming": {
        "module": "main",
        "function": "u3ab",
        "changes": [
          {
            "kind": "swap_statements",
            "a": "s1",
            "b": "s2"
          }
        ],
        "provenance": [
          {
            "description": "heuristic: swap an adjacent pair of mutex acquisitions"
          }
        ],
        "original_function_hash": "47fa1c7df0ba80b3",
        "parent_fingerprint": "dba48c97cb3d0f80",
        "program_fingerprint": "a6435e9ca2158c6c"
      },
      "report": {
        "outcome": "FAIL",
        "complete": true,
        "states_explored": 79009,
        "transitions_explored": 352766,
        "properties": [
          {
            "id": "no-deadlock",
            "outcome": "FAIL",
            "detail": "a reachable state has no enabled step and unfinished threads"
          },
          {
            "id": "preserved: main::u1ab completes",
            "outcome": "PASS",
            "detail": "preserved reachability: completed(f1)"
          },
          {
            "id": "preserved: main::u1ba completes",
            "outcome": "PASS",
            "detail": "preserved reachability: completed(f2)"
          },
          {
            "id": "preserved: main::u2ab completes",
            "outcome": "PASS",
            "detail": "preserved reachability: completed(f3)"
          },
          {
            "id": "preserved: main::u2ba completes",
            "outcome": "PASS",
            "detail": "preserved reachability: completed(f4)"
          },
          {
            "id": "preserved: main::u3ab completes",
            "outcome": "PASS",
            "detail": "preserved reachability: completed(f5)"
          },
          {
            "id": "preserved: main::u3ba completes",
            "outcome": "PASS",
            "detail": "preserved reachability: completed(f6)"
          }
        ],
        "diagnostics": [
          {
            "property": "no-deadlock",
            "outcome": "FAIL",
            "message": "reachable global deadlock",
            "complete": true,
            "counterexample": [
              {
                "origin": {
                  "module": 0,
                  "function": 0,
                  "sid": 0,
                  "phase": "statement"
                },
                "thread": 0,
                "frame": 0
              },
              {
                "origin": {
                  "module": 0,
                  "function": 1,
                  "sid": 0,
                  "phase": "statement"
                },
                "thread": 1,
                "frame": 1
              },
              {
                "origin": {
                  "module": 0,
                  "function": 1,
                  "sid": 1,
                  "phase": "statement"
                },
                "thread": 1,
                "frame": 1
              },
              {
                "origin": {
                  "module": 0,
                  "function": 1,
                  "sid": 2,
                  "phase": "statement"
                },
                "thread": 1,
                "frame": 1
              },
              {
                "origin": {
                  "module": 0,
                  "function": 1,
                  "sid": 3,
                  "phase": "statement"
                },
                "thread": 1,
                "frame": 1
              },
              {
                "origin": {
                  "module": 0,
                  "function": 1,
                  "sid": 4,
                  "phase": "statement"
                },
                "thread": 1,
                "frame": 1
              },
              {
                "origin": {
                  "module": 0,
                  "function": 2,
                  "sid": 0,
                  "phase": "statement"
                },
                "thread": 2,
                "frame": 2
              },
              {
                "origin": {
                  "module": 0,
                  "function": 2,
                  "sid": 1,
                  "phase": "statement"
                },
                "thread": 2,
                "frame": 2
              },
              {
                "origin": {
                  "module": 0,
                  "function": 2,
                  "sid": 2,
                  "phase": "statement"
                },
                "thread": 2,
                "frame": 2
              },
              {
                "origin": {
                  "module": 0,
                  "function": 2,
                  "sid": 3,
                  "phase": "statement"
                },
                "thread": 2,
                "frame": 2
              },
              {
                "origin": {
                  "module": 0,
                  "function": 2,
                  "sid": 4,
                  "phase": "statement"
                },
                "thread": 2,
                "frame": 2
              },
              {
                "origin": {
                  "module": 0,
                  "function": 3,
                  "sid": 0,
                  "phase": "statement"
                },
                "thread": 3,
                "frame": 3
              },
              {
                "origin": {
                  "module": 0,
                  "function": 4,
                  "sid": 0,
                  "phase": "statement"
                },
                "thread": 4,
                "frame": 4
              },
              {
                "origin": {
                  "module": 0,
                  "function": 3,
                  "sid": 1,
                  "phase": "statement"
                },
                "thread": 3,
                "frame": 3
              },
              {
                "origin": {
                  "module": 0,
                  "function": 4,
                  "sid": 1,
                  "phase": "statement"
                },
                "thread": 4,
                "frame": 4
              },
              {
                "origin": {
                  "module": 0,
                  "function": 5,
                  "sid": 0,
                  "phase": "statement"
                },
                "thread": 5,
                "frame": 5
              },
              {
                "origin": {
                  "module": 0,
                  "function": 5,
                  "sid": 1,
                  "phase": "statement"
                },
                "thread": 5,
                "frame": 5
              },
              {
                "origin": {
                  "module": 0,
                  "function": 5,
                  "sid": 2,
                  "phase": "statement"
                },
                "thread": 5,
                "frame": 5
              },
              {
                "origin": {
                  "module": 0,
                  "function": 5,
                  "sid": 3,
                  "phase": "statement"
                },
                "thread": 5,
                "frame": 5
              },
              {
                "origin": {
                  "module": 0,
                  "function": 5,
                  "sid": 4,
                  "phase": "statement"
                },
                "thread": 5,
                "frame": 5
              },
              {
                "origin": {
                  "module": 0,
                  "function": 6,
                  "sid": 0,
                  "phase": "statement"
                },
                "thread": 6,
                "frame": 6
              },
              {
                "origin": {
                  "module": 0,
                  "function": 6,
                  "sid": 1,
                  "phase": "statement"
                },
                "thread": 6,
                "frame": 6
              },
              {
                "origin": {
                  "module": 0,
                  "function": 6,
                  "sid": 2,
                  "phase": "statement"
                },
                "thread": 6,
                "frame": 6
              },
              {
                "origin": {
                  "module": 0,
                  "function": 6,
                  "sid": 3,
                  "phase": "statement"
                },
                "thread": 6,
                "frame": 6
              },
              {
                "origin": {
                  "module": 0,
                  "function": 6,
                  "sid": 4,
                  "phase": "statement"
                },
                "thread": 6,
                "frame": 6
              }
            ],
            "final_instances": [
              {
                "thread": 0,
                "frame": 0,
                "function": 0,
                "sid": 0,
                "status": "running"
              },
              {
                "thread": 1,
                "frame": null,
                "function": 1,
                "sid": null,
                "status": "finished"
              },
              {
                "thread": 2,
                "frame": null,
                "function": 2,
                "sid": null,
                "status": "finished"
              },
              {
                "thread": 3,
                "frame": 3,
                "function": 3,
                "sid": 1,
                "status": "running"
              },
              {
                "thread": 4,
                "frame": 4,
                "function": 4,
                "sid": 1,
                "status": "running"
              },
              {
                "thread": 5,
                "frame": null,
                "function": 5,
                "sid": null,
                "status": "finished"
              },
              {
                "thread": 6,
                "frame": null,
                "function": 6,
                "sid": null,
                "status": "finished"
              }
            ],
            "blocked": [
              {
                "thread": 0,
                "kind": "scope",
                "resource": null,
                "resource_name": null,
                "holder": null,
                "waiting": 0,
                "detail": "waiting for scope members"
              },
              {
                "thread": 3,
                "kind": "lock",
                "resource": 3,
                "resource_name": "main::d",
                "holder": 4,
                "waiting": 1,
                "detail": "waiting for a lock"
              },
              {
                "thread": 4,
                "kind": "lock",
                "resource": 2,
                "resource_name": "main::c",
                "holder": 3,
                "waiting": 1,
                "detail": "waiting for a lock"
              }
            ],
            "cir_statements": [
              {
                "module": "main",
                "function": "main",
                "sid": "s1"
              },
              {
                "module": "main",
                "function": "u1ab",
                "sid": null
              },
              {
                "module": "main",
                "function": "u1ba",
                "sid": null
              },
              {
                "module": "main",
                "function": "u2ab",
                "sid": "s2"
              },
              {
                "module": "main",
                "function": "u2ba",
                "sid": "s2"
              },
              {
                "module": "main",
                "function": "u3ab",
                "sid": null
              },
              {
                "module": "main",
                "function": "u3ba",
                "sid": null
              }
            ],
            "proven_facts": [
              "reached a counterexample state after 25 step(s)",
              "explored 79009 reachable states"
            ],
            "repair_hints": [
              "check lock acquisition order, channel capacity, and missing notify/join"
            ]
          }
        ],
        "boundary_events": [],
        "unsupported": [],
        "invalid": [],
        "model_fingerprint": "a6435e9ca2158c6c",
        "contract_fingerprint": "d77beaef151c4a46",
        "assumptions": {
          "sequential_consistency": true,
          "no_spurious_wakeups": true
        },
        "bounds": {
          "max_threads": 16,
          "max_frames_per_thread": 16,
          "max_states": 200000,
          "max_depth": 128,
          "max_boundary_events": 512
        },
        "analysis_started": true
      },
      "note": null
    },
    {
      "id": 15,
      "parent": 2,
      "depth": 2,
      "total_edits": 2,
      "program_fingerprint": "ccb0acf2f6038088",
      "incoming": {
        "module": "main",
        "function": "u3ba",
        "changes": [
          {
            "kind": "swap_statements",
            "a": "s1",
            "b": "s2"
          }
        ],
        "provenance": [
          {
            "description": "heuristic: swap an adjacent pair of mutex acquisitions"
          }
        ],
        "original_function_hash": "9850bcd12215372d",
        "parent_fingerprint": "dba48c97cb3d0f80",
        "program_fingerprint": "ccb0acf2f6038088"
      },
      "report": {
        "outcome": "FAIL",
        "complete": true,
        "states_explored": 79009,
        "transitions_explored": 352766,
        "properties": [
          {
            "id": "no-deadlock",
            "outcome": "FAIL",
            "detail": "a reachable state has no enabled step and unfinished threads"
          },
          {
            "id": "preserved: main::u1ab completes",
            "outcome": "PASS",
            "detail": "preserved reachability: completed(f1)"
          },
          {
            "id": "preserved: main::u1ba completes",
            "outcome": "PASS",
            "detail": "preserved reachability: completed(f2)"
          },
          {
            "id": "preserved: main::u2ab completes",
            "outcome": "PASS",
            "detail": "preserved reachability: completed(f3)"
          },
          {
            "id": "preserved: main::u2ba completes",
            "outcome": "PASS",
            "detail": "preserved reachability: completed(f4)"
          },
          {
            "id": "preserved: main::u3ab completes",
            "outcome": "PASS",
            "detail": "preserved reachability: completed(f5)"
          },
          {
            "id": "preserved: main::u3ba completes",
            "outcome": "PASS",
            "detail": "preserved reachability: completed(f6)"
          }
        ],
        "diagnostics": [
          {
            "property": "no-deadlock",
            "outcome": "FAIL",
            "message": "reachable global deadlock",
            "complete": true,
            "counterexample": [
              {
                "origin": {
                  "module": 0,
                  "function": 0,
                  "sid": 0,
                  "phase": "statement"
                },
                "thread": 0,
                "frame": 0
              },
              {
                "origin": {
                  "module": 0,
                  "function": 1,
                  "sid": 0,
                  "phase": "statement"
                },
                "thread": 1,
                "frame": 1
              },
              {
                "origin": {
                  "module": 0,
                  "function": 1,
                  "sid": 1,
                  "phase": "statement"
                },
                "thread": 1,
                "frame": 1
              },
              {
                "origin": {
                  "module": 0,
                  "function": 1,
                  "sid": 2,
                  "phase": "statement"
                },
                "thread": 1,
                "frame": 1
              },
              {
                "origin": {
                  "module": 0,
                  "function": 1,
                  "sid": 3,
                  "phase": "statement"
                },
                "thread": 1,
                "frame": 1
              },
              {
                "origin": {
                  "module": 0,
                  "function": 1,
                  "sid": 4,
                  "phase": "statement"
                },
                "thread": 1,
                "frame": 1
              },
              {
                "origin": {
                  "module": 0,
                  "function": 2,
                  "sid": 0,
                  "phase": "statement"
                },
                "thread": 2,
                "frame": 2
              },
              {
                "origin": {
                  "module": 0,
                  "function": 2,
                  "sid": 1,
                  "phase": "statement"
                },
                "thread": 2,
                "frame": 2
              },
              {
                "origin": {
                  "module": 0,
                  "function": 2,
                  "sid": 2,
                  "phase": "statement"
                },
                "thread": 2,
                "frame": 2
              },
              {
                "origin": {
                  "module": 0,
                  "function": 2,
                  "sid": 3,
                  "phase": "statement"
                },
                "thread": 2,
                "frame": 2
              },
              {
                "origin": {
                  "module": 0,
                  "function": 2,
                  "sid": 4,
                  "phase": "statement"
                },
                "thread": 2,
                "frame": 2
              },
              {
                "origin": {
                  "module": 0,
                  "function": 3,
                  "sid": 0,
                  "phase": "statement"
                },
                "thread": 3,
                "frame": 3
              },
              {
                "origin": {
                  "module": 0,
                  "function": 4,
                  "sid": 0,
                  "phase": "statement"
                },
                "thread": 4,
                "frame": 4
              },
              {
                "origin": {
                  "module": 0,
                  "function": 3,
                  "sid": 1,
                  "phase": "statement"
                },
                "thread": 3,
                "frame": 3
              },
              {
                "origin": {
                  "module": 0,
                  "function": 4,
                  "sid": 1,
                  "phase": "statement"
                },
                "thread": 4,
                "frame": 4
              },
              {
                "origin": {
                  "module": 0,
                  "function": 5,
                  "sid": 0,
                  "phase": "statement"
                },
                "thread": 5,
                "frame": 5
              },
              {
                "origin": {
                  "module": 0,
                  "function": 5,
                  "sid": 1,
                  "phase": "statement"
                },
                "thread": 5,
                "frame": 5
              },
              {
                "origin": {
                  "module": 0,
                  "function": 5,
                  "sid": 2,
                  "phase": "statement"
                },
                "thread": 5,
                "frame": 5
              },
              {
                "origin": {
                  "module": 0,
                  "function": 5,
                  "sid": 3,
                  "phase": "statement"
                },
                "thread": 5,
                "frame": 5
              },
              {
                "origin": {
                  "module": 0,
                  "function": 5,
                  "sid": 4,
                  "phase": "statement"
                },
                "thread": 5,
                "frame": 5
              },
              {
                "origin": {
                  "module": 0,
                  "function": 6,
                  "sid": 0,
                  "phase": "statement"
                },
                "thread": 6,
                "frame": 6
              },
              {
                "origin": {
                  "module": 0,
                  "function": 6,
                  "sid": 1,
                  "phase": "statement"
                },
                "thread": 6,
                "frame": 6
              },
              {
                "origin": {
                  "module": 0,
                  "function": 6,
                  "sid": 2,
                  "phase": "statement"
                },
                "thread": 6,
                "frame": 6
              },
              {
                "origin": {
                  "module": 0,
                  "function": 6,
                  "sid": 3,
                  "phase": "statement"
                },
                "thread": 6,
                "frame": 6
              },
              {
                "origin": {
                  "module": 0,
                  "function": 6,
                  "sid": 4,
                  "phase": "statement"
                },
                "thread": 6,
                "frame": 6
              }
            ],
            "final_instances": [
              {
                "thread": 0,
                "frame": 0,
                "function": 0,
                "sid": 0,
                "status": "running"
              },
              {
                "thread": 1,
                "frame": null,
                "function": 1,
                "sid": null,
                "status": "finished"
              },
              {
                "thread": 2,
                "frame": null,
                "function": 2,
                "sid": null,
                "status": "finished"
              },
              {
                "thread": 3,
                "frame": 3,
                "function": 3,
                "sid": 1,
                "status": "running"
              },
              {
                "thread": 4,
                "frame": 4,
                "function": 4,
                "sid": 1,
                "status": "running"
              },
              {
                "thread": 5,
                "frame": null,
                "function": 5,
                "sid": null,
                "status": "finished"
              },
              {
                "thread": 6,
                "frame": null,
                "function": 6,
                "sid": null,
                "status": "finished"
              }
            ],
            "blocked": [
              {
                "thread": 0,
                "kind": "scope",
                "resource": null,
                "resource_name": null,
                "holder": null,
                "waiting": 0,
                "detail": "waiting for scope members"
              },
              {
                "thread": 3,
                "kind": "lock",
                "resource": 3,
                "resource_name": "main::d",
                "holder": 4,
                "waiting": 1,
                "detail": "waiting for a lock"
              },
              {
                "thread": 4,
                "kind": "lock",
                "resource": 2,
                "resource_name": "main::c",
                "holder": 3,
                "waiting": 1,
                "detail": "waiting for a lock"
              }
            ],
            "cir_statements": [
              {
                "module": "main",
                "function": "main",
                "sid": "s1"
              },
              {
                "module": "main",
                "function": "u1ab",
                "sid": null
              },
              {
                "module": "main",
                "function": "u1ba",
                "sid": null
              },
              {
                "module": "main",
                "function": "u2ab",
                "sid": "s2"
              },
              {
                "module": "main",
                "function": "u2ba",
                "sid": "s2"
              },
              {
                "module": "main",
                "function": "u3ab",
                "sid": null
              },
              {
                "module": "main",
                "function": "u3ba",
                "sid": null
              }
            ],
            "proven_facts": [
              "reached a counterexample state after 25 step(s)",
              "explored 79009 reachable states"
            ],
            "repair_hints": [
              "check lock acquisition order, channel capacity, and missing notify/join"
            ]
          }
        ],
        "boundary_events": [],
        "unsupported": [],
        "invalid": [],
        "model_fingerprint": "ccb0acf2f6038088",
        "contract_fingerprint": "d77beaef151c4a46",
        "assumptions": {
          "sequential_consistency": true,
          "no_spurious_wakeups": true
        },
        "bounds": {
          "max_threads": 16,
          "max_frames_per_thread": 16,
          "max_states": 200000,
          "max_depth": 128,
          "max_boundary_events": 512
        },
        "analysis_started": true
      },
      "note": null
    },
    {
      "id": 16,
      "parent": 3,
      "depth": 2,
      "total_edits": 2,
      "program_fingerprint": "e43af4aa13055b6c",
      "incoming": {
        "module": "main",
        "function": "u2ba",
        "changes": [
          {
            "kind": "swap_statements",
            "a": "s1",
            "b": "s2"
          }
        ],
        "provenance": [
          {
            "description": "heuristic: swap an adjacent pair of mutex acquisitions"
          }
        ],
        "original_function_hash": "f6c08a6df755d470",
        "parent_fingerprint": "f464acb2d35abb38",
        "program_fingerprint": "e43af4aa13055b6c"
      },
      "report": {
        "outcome": "FAIL",
        "complete": true,
        "states_explored": 86153,
        "transitions_explored": 380326,
        "properties": [
          {
            "id": "no-deadlock",
            "outcome": "FAIL",
            "detail": "a reachable state has no enabled step and unfinished threads"
          },
          {
            "id": "preserved: main::u1ab completes",
            "outcome": "PASS",
            "detail": "preserved reachability: completed(f1)"
          },
          {
            "id": "preserved: main::u1ba completes",
            "outcome": "PASS",
            "detail": "preserved reachability: completed(f2)"
          },
          {
            "id": "preserved: main::u2ab completes",
            "outcome": "PASS",
            "detail": "preserved reachability: completed(f3)"
          },
          {
            "id": "preserved: main::u2ba completes",
            "outcome": "PASS",
            "detail": "preserved reachability: completed(f4)"
          },
          {
            "id": "preserved: main::u3ab completes",
            "outcome": "PASS",
            "detail": "preserved reachability: completed(f5)"
          },
          {
            "id": "preserved: main::u3ba completes",
            "outcome": "PASS",
            "detail": "preserved reachability: completed(f6)"
          }
        ],
        "diagnostics": [
          {
            "property": "no-deadlock",
            "outcome": "FAIL",
            "message": "reachable global deadlock",
            "complete": true,
            "counterexample": [
              {
                "origin": {
                  "module": 0,
                  "function": 0,
                  "sid": 0,
                  "phase": "statement"
                },
                "thread": 0,
                "frame": 0
              },
              {
                "origin": {
                  "module": 0,
                  "function": 1,
                  "sid": 0,
                  "phase": "statement"
                },
                "thread": 1,
                "frame": 1
              },
              {
                "origin": {
                  "module": 0,
                  "function": 2,
                  "sid": 0,
                  "phase": "statement"
                },
                "thread": 2,
                "frame": 2
              },
              {
                "origin": {
                  "module": 0,
                  "function": 1,
                  "sid": 1,
                  "phase": "statement"
                },
                "thread": 1,
                "frame": 1
              },
              {
                "origin": {
                  "module": 0,
                  "function": 2,
                  "sid": 1,
                  "phase": "statement"
                },
                "thread": 2,
                "frame": 2
              },
              {
                "origin": {
                  "module": 0,
                  "function": 3,
                  "sid": 0,
                  "phase": "statement"
                },
                "thread": 3,
                "frame": 3
              },
              {
                "origin": {
                  "module": 0,
                  "function": 4,
                  "sid": 0,
                  "phase": "statement"
                },
                "thread": 4,
                "frame": 4
              },
              {
                "origin": {
                  "module": 0,
                  "function": 3,
                  "sid": 1,
                  "phase": "statement"
                },
                "thread": 3,
                "frame": 3
              },
              {
                "origin": {
                  "module": 0,
                  "function": 4,
                  "sid": 1,
                  "phase": "statement"
                },
                "thread": 4,
                "frame": 4
              },
              {
                "origin": {
                  "module": 0,
                  "function": 5,
                  "sid": 0,
                  "phase": "statement"
                },
                "thread": 5,
                "frame": 5
              },
              {
                "origin": {
                  "module": 0,
                  "function": 6,
                  "sid": 0,
                  "phase": "statement"
                },
                "thread": 6,
                "frame": 6
              },
              {
                "origin": {
                  "module": 0,
                  "function": 5,
                  "sid": 1,
                  "phase": "statement"
                },
                "thread": 5,
                "frame": 5
              },
              {
                "origin": {
                  "module": 0,
                  "function": 6,
                  "sid": 1,
                  "phase": "statement"
                },
                "thread": 6,
                "frame": 6
              }
            ],
            "final_instances": [
              {
                "thread": 0,
                "frame": 0,
                "function": 0,
                "sid": 0,
                "status": "running"
              },
              {
                "thread": 1,
                "frame": 1,
                "function": 1,
                "sid": 1,
                "status": "running"
              },
              {
                "thread": 2,
                "frame": 2,
                "function": 2,
                "sid": 1,
                "status": "running"
              },
              {
                "thread": 3,
                "frame": 3,
                "function": 3,
                "sid": 1,
                "status": "running"
              },
              {
                "thread": 4,
                "frame": 4,
                "function": 4,
                "sid": 1,
                "status": "running"
              },
              {
                "thread": 5,
                "frame": 5,
                "function": 5,
                "sid": 1,
                "status": "running"
              },
              {
                "thread": 6,
                "frame": 6,
                "function": 6,
                "sid": 1,
                "status": "running"
              }
            ],
            "blocked": [
              {
                "thread": 0,
                "kind": "scope",
                "resource": null,
                "resource_name": null,
                "holder": null,
                "waiting": 0,
                "detail": "waiting for scope members"
              },
              {
                "thread": 1,
                "kind": "lock",
                "resource": 1,
                "resource_name": "main::b",
                "holder": 2,
                "waiting": 1,
                "detail": "waiting for a lock"
              },
              {
                "thread": 2,
                "kind": "lock",
                "resource": 0,
                "resource_name": "main::a",
                "holder": 1,
                "waiting": 1,
                "detail": "waiting for a lock"
              },
              {
                "thread": 3,
                "kind": "lock",
                "resource": 2,
                "resource_name": "main::c",
                "holder": 4,
                "waiting": 1,
                "detail": "waiting for a lock"
              },
              {
                "thread": 4,
                "kind": "lock",
                "resource": 3,
                "resource_name": "main::d",
                "holder": 3,
                "waiting": 1,
                "detail": "waiting for a lock"
              },
              {
                "thread": 5,
                "kind": "lock",
                "resource": 5,
                "resource_name": "main::f",
                "holder": 6,
                "waiting": 1,
                "detail": "waiting for a lock"
              },
              {
                "thread": 6,
                "kind": "lock",
                "resource": 4,
                "resource_name": "main::e",
                "holder": 5,
                "waiting": 1,
                "detail": "waiting for a lock"
              }
            ],
            "cir_statements": [
              {
                "module": "main",
                "function": "main",
                "sid": "s1"
              },
              {
                "module": "main",
                "function": "u1ab",
                "sid": "s2"
              },
              {
                "module": "main",
                "function": "u1ba",
                "sid": "s2"
              },
              {
                "module": "main",
                "function": "u2ab",
                "sid": "s1"
              },
              {
                "module": "main",
                "function": "u2ba",
                "sid": "s1"
              },
              {
                "module": "main",
                "function": "u3ab",
                "sid": "s2"
              },
              {
                "module": "main",
                "function": "u3ba",
                "sid": "s2"
              }
            ],
            "proven_facts": [
              "reached a counterexample state after 13 step(s)",
              "explored 86153 reachable states"
            ],
            "repair_hints": [
              "check lock acquisition order, channel capacity, and missing notify/join"
            ]
          }
        ],
        "boundary_events": [],
        "unsupported": [],
        "invalid": [],
        "model_fingerprint": "e43af4aa13055b6c",
        "contract_fingerprint": "d77beaef151c4a46",
        "assumptions": {
          "sequential_consistency": true,
          "no_spurious_wakeups": true
        },
        "bounds": {
          "max_threads": 16,
          "max_frames_per_thread": 16,
          "max_states": 200000,
          "max_depth": 128,
          "max_boundary_events": 512
        },
        "analysis_started": true
      },
      "note": null
    },
    {
      "id": 17,
      "parent": 3,
      "depth": 2,
      "total_edits": 2,
      "program_fingerprint": "7fd4b75232490a04",
      "incoming": {
        "module": "main",
        "function": "u3ab",
        "changes": [
          {
            "kind": "swap_statements",
            "a": "s1",
            "b": "s2"
          }
        ],
        "provenance": [
          {
            "description": "heuristic: swap an adjacent pair of mutex acquisitions"
          }
        ],
        "original_function_hash": "47fa1c7df0ba80b3",
        "parent_fingerprint": "f464acb2d35abb38",
        "program_fingerprint": "7fd4b75232490a04"
      },
      "report": {
        "outcome": "FAIL",
        "complete": true,
        "states_explored": 79009,
        "transitions_explored": 352766,
        "properties": [
          {
            "id": "no-deadlock",
            "outcome": "FAIL",
            "detail": "a reachable state has no enabled step and unfinished threads"
          },
          {
            "id": "preserved: main::u1ab completes",
            "outcome": "PASS",
            "detail": "preserved reachability: completed(f1)"
          },
          {
            "id": "preserved: main::u1ba completes",
            "outcome": "PASS",
            "detail": "preserved reachability: completed(f2)"
          },
          {
            "id": "preserved: main::u2ab completes",
            "outcome": "PASS",
            "detail": "preserved reachability: completed(f3)"
          },
          {
            "id": "preserved: main::u2ba completes",
            "outcome": "PASS",
            "detail": "preserved reachability: completed(f4)"
          },
          {
            "id": "preserved: main::u3ab completes",
            "outcome": "PASS",
            "detail": "preserved reachability: completed(f5)"
          },
          {
            "id": "preserved: main::u3ba completes",
            "outcome": "PASS",
            "detail": "preserved reachability: completed(f6)"
          }
        ],
        "diagnostics": [
          {
            "property": "no-deadlock",
            "outcome": "FAIL",
            "message": "reachable global deadlock",
            "complete": true,
            "counterexample": [
              {
                "origin": {
                  "module": 0,
                  "function": 0,
                  "sid": 0,
                  "phase": "statement"
                },
                "thread": 0,
                "frame": 0
              },
              {
                "origin": {
                  "module": 0,
                  "function": 1,
                  "sid": 0,
                  "phase": "statement"
                },
                "thread": 1,
                "frame": 1
              },
              {
                "origin": {
                  "module": 0,
                  "function": 2,
                  "sid": 0,
                  "phase": "statement"
                },
                "thread": 2,
                "frame": 2
              },
              {
                "origin": {
                  "module": 0,
                  "function": 1,
                  "sid": 1,
                  "phase": "statement"
                },
                "thread": 1,
                "frame": 1
              },
              {
                "origin": {
                  "module": 0,
                  "function": 2,
                  "sid": 1,
                  "phase": "statement"
                },
                "thread": 2,
                "frame": 2
              },
              {
                "origin": {
                  "module": 0,
                  "function": 3,
                  "sid": 0,
                  "phase": "statement"
                },
                "thread": 3,
                "frame": 3
              },
              {
                "origin": {
                  "module": 0,
                  "function": 3,
                  "sid": 1,
                  "phase": "statement"
                },
                "thread": 3,
                "frame": 3
              },
              {
                "origin": {
                  "module": 0,
                  "function": 3,
                  "sid": 2,
                  "phase": "statement"
                },
                "thread": 3,
                "frame": 3
              },
              {
                "origin": {
                  "module": 0,
                  "function": 3,
                  "sid": 3,
                  "phase": "statement"
                },
                "thread": 3,
                "frame": 3
              },
              {
                "origin": {
                  "module": 0,
                  "function": 3,
                  "sid": 4,
                  "phase": "statement"
                },
                "thread": 3,
                "frame": 3
              },
              {
                "origin": {
                  "module": 0,
                  "function": 4,
                  "sid": 0,
                  "phase": "statement"
                },
                "thread": 4,
                "frame": 4
              },
              {
                "origin": {
                  "module": 0,
                  "function": 4,
                  "sid": 1,
                  "phase": "statement"
                },
                "thread": 4,
                "frame": 4
              },
              {
                "origin": {
                  "module": 0,
                  "function": 4,
                  "sid": 2,
                  "phase": "statement"
                },
                "thread": 4,
                "frame": 4
              },
              {
                "origin": {
                  "module": 0,
                  "function": 4,
                  "sid": 3,
                  "phase": "statement"
                },
                "thread": 4,
                "frame": 4
              },
              {
                "origin": {
                  "module": 0,
                  "function": 4,
                  "sid": 4,
                  "phase": "statement"
                },
                "thread": 4,
                "frame": 4
              },
              {
                "origin": {
                  "module": 0,
                  "function": 5,
                  "sid": 0,
                  "phase": "statement"
                },
                "thread": 5,
                "frame": 5
              },
              {
                "origin": {
                  "module": 0,
                  "function": 5,
                  "sid": 1,
                  "phase": "statement"
                },
                "thread": 5,
                "frame": 5
              },
              {
                "origin": {
                  "module": 0,
                  "function": 5,
                  "sid": 2,
                  "phase": "statement"
                },
                "thread": 5,
                "frame": 5
              },
              {
                "origin": {
                  "module": 0,
                  "function": 5,
                  "sid": 3,
                  "phase": "statement"
                },
                "thread": 5,
                "frame": 5
              },
              {
                "origin": {
                  "module": 0,
                  "function": 5,
                  "sid": 4,
                  "phase": "statement"
                },
                "thread": 5,
                "frame": 5
              },
              {
                "origin": {
                  "module": 0,
                  "function": 6,
                  "sid": 0,
                  "phase": "statement"
                },
                "thread": 6,
                "frame": 6
              },
              {
                "origin": {
                  "module": 0,
                  "function": 6,
                  "sid": 1,
                  "phase": "statement"
                },
                "thread": 6,
                "frame": 6
              },
              {
                "origin": {
                  "module": 0,
                  "function": 6,
                  "sid": 2,
                  "phase": "statement"
                },
                "thread": 6,
                "frame": 6
              },
              {
                "origin": {
                  "module": 0,
                  "function": 6,
                  "sid": 3,
                  "phase": "statement"
                },
                "thread": 6,
                "frame": 6
              },
              {
                "origin": {
                  "module": 0,
                  "function": 6,
                  "sid": 4,
                  "phase": "statement"
                },
                "thread": 6,
                "frame": 6
              }
            ],
            "final_instances": [
              {
                "thread": 0,
                "frame": 0,
                "function": 0,
                "sid": 0,
                "status": "running"
              },
              {
                "thread": 1,
                "frame": 1,
                "function": 1,
                "sid": 1,
                "status": "running"
              },
              {
                "thread": 2,
                "frame": 2,
                "function": 2,
                "sid": 1,
                "status": "running"
              },
              {
                "thread": 3,
                "frame": null,
                "function": 3,
                "sid": null,
                "status": "finished"
              },
              {
                "thread": 4,
                "frame": null,
                "function": 4,
                "sid": null,
                "status": "finished"
              },
              {
                "thread": 5,
                "frame": null,
                "function": 5,
                "sid": null,
                "status": "finished"
              },
              {
                "thread": 6,
                "frame": null,
                "function": 6,
                "sid": null,
                "status": "finished"
              }
            ],
            "blocked": [
              {
                "thread": 0,
                "kind": "scope",
                "resource": null,
                "resource_name": null,
                "holder": null,
                "waiting": 0,
                "detail": "waiting for scope members"
              },
              {
                "thread": 1,
                "kind": "lock",
                "resource": 1,
                "resource_name": "main::b",
                "holder": 2,
                "waiting": 1,
                "detail": "waiting for a lock"
              },
              {
                "thread": 2,
                "kind": "lock",
                "resource": 0,
                "resource_name": "main::a",
                "holder": 1,
                "waiting": 1,
                "detail": "waiting for a lock"
              }
            ],
            "cir_statements": [
              {
                "module": "main",
                "function": "main",
                "sid": "s1"
              },
              {
                "module": "main",
                "function": "u1ab",
                "sid": "s2"
              },
              {
                "module": "main",
                "function": "u1ba",
                "sid": "s2"
              },
              {
                "module": "main",
                "function": "u2ab",
                "sid": null
              },
              {
                "module": "main",
                "function": "u2ba",
                "sid": null
              },
              {
                "module": "main",
                "function": "u3ab",
                "sid": null
              },
              {
                "module": "main",
                "function": "u3ba",
                "sid": null
              }
            ],
            "proven_facts": [
              "reached a counterexample state after 25 step(s)",
              "explored 79009 reachable states"
            ],
            "repair_hints": [
              "check lock acquisition order, channel capacity, and missing notify/join"
            ]
          }
        ],
        "boundary_events": [],
        "unsupported": [],
        "invalid": [],
        "model_fingerprint": "7fd4b75232490a04",
        "contract_fingerprint": "d77beaef151c4a46",
        "assumptions": {
          "sequential_consistency": true,
          "no_spurious_wakeups": true
        },
        "bounds": {
          "max_threads": 16,
          "max_frames_per_thread": 16,
          "max_states": 200000,
          "max_depth": 128,
          "max_boundary_events": 512
        },
        "analysis_started": true
      },
      "note": null
    },
    {
      "id": 18,
      "parent": 3,
      "depth": 2,
      "total_edits": 2,
      "program_fingerprint": "f1cd23ec3357a6e0",
      "incoming": {
        "module": "main",
        "function": "u3ba",
        "changes": [
          {
            "kind": "swap_statements",
            "a": "s1",
            "b": "s2"
          }
        ],
        "provenance": [
          {
            "description": "heuristic: swap an adjacent pair of mutex acquisitions"
          }
        ],
        "original_function_hash": "9850bcd12215372d",
        "parent_fingerprint": "f464acb2d35abb38",
        "program_fingerprint": "f1cd23ec3357a6e0"
      },
      "report": {
        "outcome": "FAIL",
        "complete": true,
        "states_explored": 79009,
        "transitions_explored": 352766,
        "properties": [
          {
            "id": "no-deadlock",
            "outcome": "FAIL",
            "detail": "a reachable state has no enabled step and unfinished threads"
          },
          {
            "id": "preserved: main::u1ab completes",
            "outcome": "PASS",
            "detail": "preserved reachability: completed(f1)"
          },
          {
            "id": "preserved: main::u1ba completes",
            "outcome": "PASS",
            "detail": "preserved reachability: completed(f2)"
          },
          {
            "id": "preserved: main::u2ab completes",
            "outcome": "PASS",
            "detail": "preserved reachability: completed(f3)"
          },
          {
            "id": "preserved: main::u2ba completes",
            "outcome": "PASS",
            "detail": "preserved reachability: completed(f4)"
          },
          {
            "id": "preserved: main::u3ab completes",
            "outcome": "PASS",
            "detail": "preserved reachability: completed(f5)"
          },
          {
            "id": "preserved: main::u3ba completes",
            "outcome": "PASS",
            "detail": "preserved reachability: completed(f6)"
          }
        ],
        "diagnostics": [
          {
            "property": "no-deadlock",
            "outcome": "FAIL",
            "message": "reachable global deadlock",
            "complete": true,
            "counterexample": [
              {
                "origin": {
                  "module": 0,
                  "function": 0,
                  "sid": 0,
                  "phase": "statement"
                },
                "thread": 0,
                "frame": 0
              },
              {
                "origin": {
                  "module": 0,
                  "function": 1,
                  "sid": 0,
                  "phase": "statement"
                },
                "thread": 1,
                "frame": 1
              },
              {
                "origin": {
                  "module": 0,
                  "function": 2,
                  "sid": 0,
                  "phase": "statement"
                },
                "thread": 2,
                "frame": 2
              },
              {
                "origin": {
                  "module": 0,
                  "function": 1,
                  "sid": 1,
                  "phase": "statement"
                },
                "thread": 1,
                "frame": 1
              },
              {
                "origin": {
                  "module": 0,
                  "function": 2,
                  "sid": 1,
                  "phase": "statement"
                },
                "thread": 2,
                "frame": 2
              },
              {
                "origin": {
                  "module": 0,
                  "function": 3,
                  "sid": 0,
                  "phase": "statement"
                },
                "thread": 3,
                "frame": 3
              },
              {
                "origin": {
                  "module": 0,
                  "function": 3,
                  "sid": 1,
                  "phase": "statement"
                },
                "thread": 3,
                "frame": 3
              },
              {
                "origin": {
                  "module": 0,
                  "function": 3,
                  "sid": 2,
                  "phase": "statement"
                },
                "thread": 3,
                "frame": 3
              },
              {
                "origin": {
                  "module": 0,
                  "function": 3,
                  "sid": 3,
                  "phase": "statement"
                },
                "thread": 3,
                "frame": 3
              },
              {
                "origin": {
                  "module": 0,
                  "function": 3,
                  "sid": 4,
                  "phase": "statement"
                },
                "thread": 3,
                "frame": 3
              },
              {
                "origin": {
                  "module": 0,
                  "function": 4,
                  "sid": 0,
                  "phase": "statement"
                },
                "thread": 4,
                "frame": 4
              },
              {
                "origin": {
                  "module": 0,
                  "function": 4,
                  "sid": 1,
                  "phase": "statement"
                },
                "thread": 4,
                "frame": 4
              },
              {
                "origin": {
                  "module": 0,
                  "function": 4,
                  "sid": 2,
                  "phase": "statement"
                },
                "thread": 4,
                "frame": 4
              },
              {
                "origin": {
                  "module": 0,
                  "function": 4,
                  "sid": 3,
                  "phase": "statement"
                },
                "thread": 4,
                "frame": 4
              },
              {
                "origin": {
                  "module": 0,
                  "function": 4,
                  "sid": 4,
                  "phase": "statement"
                },
                "thread": 4,
                "frame": 4
              },
              {
                "origin": {
                  "module": 0,
                  "function": 5,
                  "sid": 0,
                  "phase": "statement"
                },
                "thread": 5,
                "frame": 5
              },
              {
                "origin": {
                  "module": 0,
                  "function": 5,
                  "sid": 1,
                  "phase": "statement"
                },
                "thread": 5,
                "frame": 5
              },
              {
                "origin": {
                  "module": 0,
                  "function": 5,
                  "sid": 2,
                  "phase": "statement"
                },
                "thread": 5,
                "frame": 5
              },
              {
                "origin": {
                  "module": 0,
                  "function": 5,
                  "sid": 3,
                  "phase": "statement"
                },
                "thread": 5,
                "frame": 5
              },
              {
                "origin": {
                  "module": 0,
                  "function": 5,
                  "sid": 4,
                  "phase": "statement"
                },
                "thread": 5,
                "frame": 5
              },
              {
                "origin": {
                  "module": 0,
                  "function": 6,
                  "sid": 0,
                  "phase": "statement"
                },
                "thread": 6,
                "frame": 6
              },
              {
                "origin": {
                  "module": 0,
                  "function": 6,
                  "sid": 1,
                  "phase": "statement"
                },
                "thread": 6,
                "frame": 6
              },
              {
                "origin": {
                  "module": 0,
                  "function": 6,
                  "sid": 2,
                  "phase": "statement"
                },
                "thread": 6,
                "frame": 6
              },
              {
                "origin": {
                  "module": 0,
                  "function": 6,
                  "sid": 3,
                  "phase": "statement"
                },
                "thread": 6,
                "frame": 6
              },
              {
                "origin": {
                  "module": 0,
                  "function": 6,
                  "sid": 4,
                  "phase": "statement"
                },
                "thread": 6,
                "frame": 6
              }
            ],
            "final_instances": [
              {
                "thread": 0,
                "frame": 0,
                "function": 0,
                "sid": 0,
                "status": "running"
              },
              {
                "thread": 1,
                "frame": 1,
                "function": 1,
                "sid": 1,
                "status": "running"
              },
              {
                "thread": 2,
                "frame": 2,
                "function": 2,
                "sid": 1,
                "status": "running"
              },
              {
                "thread": 3,
                "frame": null,
                "function": 3,
                "sid": null,
                "status": "finished"
              },
              {
                "thread": 4,
                "frame": null,
                "function": 4,
                "sid": null,
                "status": "finished"
              },
              {
                "thread": 5,
                "frame": null,
                "function": 5,
                "sid": null,
                "status": "finished"
              },
              {
                "thread": 6,
                "frame": null,
                "function": 6,
                "sid": null,
                "status": "finished"
              }
            ],
            "blocked": [
              {
                "thread": 0,
                "kind": "scope",
                "resource": null,
                "resource_name": null,
                "holder": null,
                "waiting": 0,
                "detail": "waiting for scope members"
              },
              {
                "thread": 1,
                "kind": "lock",
                "resource": 1,
                "resource_name": "main::b",
                "holder": 2,
                "waiting": 1,
                "detail": "waiting for a lock"
              },
              {
                "thread": 2,
                "kind": "lock",
                "resource": 0,
                "resource_name": "main::a",
                "holder": 1,
                "waiting": 1,
                "detail": "waiting for a lock"
              }
            ],
            "cir_statements": [
              {
                "module": "main",
                "function": "main",
                "sid": "s1"
              },
              {
                "module": "main",
                "function": "u1ab",
                "sid": "s2"
              },
              {
                "module": "main",
                "function": "u1ba",
                "sid": "s2"
              },
              {
                "module": "main",
                "function": "u2ab",
                "sid": null
              },
              {
                "module": "main",
                "function": "u2ba",
                "sid": null
              },
              {
                "module": "main",
                "function": "u3ab",
                "sid": null
              },
              {
                "module": "main",
                "function": "u3ba",
                "sid": null
              }
            ],
            "proven_facts": [
              "reached a counterexample state after 25 step(s)",
              "explored 79009 reachable states"
            ],
            "repair_hints": [
              "check lock acquisition order, channel capacity, and missing notify/join"
            ]
          }
        ],
        "boundary_events": [],
        "unsupported": [],
        "invalid": [],
        "model_fingerprint": "f1cd23ec3357a6e0",
        "contract_fingerprint": "d77beaef151c4a46",
        "assumptions": {
          "sequential_consistency": true,
          "no_spurious_wakeups": true
        },
        "bounds": {
          "max_threads": 16,
          "max_frames_per_thread": 16,
          "max_states": 200000,
          "max_depth": 128,
          "max_boundary_events": 512
        },
        "analysis_started": true
      },
      "note": null
    },
    {
      "id": 19,
      "parent": 4,
      "depth": 2,
      "total_edits": 2,
      "program_fingerprint": "9db12eae91ff0ea8",
      "incoming": {
        "module": "main",
        "function": "u3ab",
        "changes": [
          {
            "kind": "swap_statements",
            "a": "s1",
            "b": "s2"
          }
        ],
        "provenance": [
          {
            "description": "heuristic: swap an adjacent pair of mutex acquisitions"
          }
        ],
        "original_function_hash": "47fa1c7df0ba80b3",
        "parent_fingerprint": "5e84e803d1c56c1c",
        "program_fingerprint": "9db12eae91ff0ea8"
      },
      "report": {
        "outcome": "FAIL",
        "complete": true,
        "states_explored": 79009,
        "transitions_explored": 352766,
        "properties": [
          {
            "id": "no-deadlock",
            "outcome": "FAIL",
            "detail": "a reachable state has no enabled step and unfinished threads"
          },
          {
            "id": "preserved: main::u1ab completes",
            "outcome": "PASS",
            "detail": "preserved reachability: completed(f1)"
          },
          {
            "id": "preserved: main::u1ba completes",
            "outcome": "PASS",
            "detail": "preserved reachability: completed(f2)"
          },
          {
            "id": "preserved: main::u2ab completes",
            "outcome": "PASS",
            "detail": "preserved reachability: completed(f3)"
          },
          {
            "id": "preserved: main::u2ba completes",
            "outcome": "PASS",
            "detail": "preserved reachability: completed(f4)"
          },
          {
            "id": "preserved: main::u3ab completes",
            "outcome": "PASS",
            "detail": "preserved reachability: completed(f5)"
          },
          {
            "id": "preserved: main::u3ba completes",
            "outcome": "PASS",
            "detail": "preserved reachability: completed(f6)"
          }
        ],
        "diagnostics": [
          {
            "property": "no-deadlock",
            "outcome": "FAIL",
            "message": "reachable global deadlock",
            "complete": true,
            "counterexample": [
              {
                "origin": {
                  "module": 0,
                  "function": 0,
                  "sid": 0,
                  "phase": "statement"
                },
                "thread": 0,
                "frame": 0
              },
              {
                "origin": {
                  "module": 0,
                  "function": 1,
                  "sid": 0,
                  "phase": "statement"
                },
                "thread": 1,
                "frame": 1
              },
              {
                "origin": {
                  "module": 0,
                  "function": 2,
                  "sid": 0,
                  "phase": "statement"
                },
                "thread": 2,
                "frame": 2
              },
              {
                "origin": {
                  "module": 0,
                  "function": 1,
                  "sid": 1,
                  "phase": "statement"
                },
                "thread": 1,
                "frame": 1
              },
              {
                "origin": {
                  "module": 0,
                  "function": 2,
                  "sid": 1,
                  "phase": "statement"
                },
                "thread": 2,
                "frame": 2
              },
              {
                "origin": {
                  "module": 0,
                  "function": 3,
                  "sid": 0,
                  "phase": "statement"
                },
                "thread": 3,
                "frame": 3
              },
              {
                "origin": {
                  "module": 0,
                  "function": 3,
                  "sid": 1,
                  "phase": "statement"
                },
                "thread": 3,
                "frame": 3
              },
              {
                "origin": {
                  "module": 0,
                  "function": 3,
                  "sid": 2,
                  "phase": "statement"
                },
                "thread": 3,
                "frame": 3
              },
              {
                "origin": {
                  "module": 0,
                  "function": 3,
                  "sid": 3,
                  "phase": "statement"
                },
                "thread": 3,
                "frame": 3
              },
              {
                "origin": {
                  "module": 0,
                  "function": 3,
                  "sid": 4,
                  "phase": "statement"
                },
                "thread": 3,
                "frame": 3
              },
              {
                "origin": {
                  "module": 0,
                  "function": 4,
                  "sid": 0,
                  "phase": "statement"
                },
                "thread": 4,
                "frame": 4
              },
              {
                "origin": {
                  "module": 0,
                  "function": 4,
                  "sid": 1,
                  "phase": "statement"
                },
                "thread": 4,
                "frame": 4
              },
              {
                "origin": {
                  "module": 0,
                  "function": 4,
                  "sid": 2,
                  "phase": "statement"
                },
                "thread": 4,
                "frame": 4
              },
              {
                "origin": {
                  "module": 0,
                  "function": 4,
                  "sid": 3,
                  "phase": "statement"
                },
                "thread": 4,
                "frame": 4
              },
              {
                "origin": {
                  "module": 0,
                  "function": 4,
                  "sid": 4,
                  "phase": "statement"
                },
                "thread": 4,
                "frame": 4
              },
              {
                "origin": {
                  "module": 0,
                  "function": 5,
                  "sid": 0,
                  "phase": "statement"
                },
                "thread": 5,
                "frame": 5
              },
              {
                "origin": {
                  "module": 0,
                  "function": 5,
                  "sid": 1,
                  "phase": "statement"
                },
                "thread": 5,
                "frame": 5
              },
              {
                "origin": {
                  "module": 0,
                  "function": 5,
                  "sid": 2,
                  "phase": "statement"
                },
                "thread": 5,
                "frame": 5
              },
              {
                "origin": {
                  "module": 0,
                  "function": 5,
                  "sid": 3,
                  "phase": "statement"
                },
                "thread": 5,
                "frame": 5
              },
              {
                "origin": {
                  "module": 0,
                  "function": 5,
                  "sid": 4,
                  "phase": "statement"
                },
                "thread": 5,
                "frame": 5
              },
              {
                "origin": {
                  "module": 0,
                  "function": 6,
                  "sid": 0,
                  "phase": "statement"
                },
                "thread": 6,
                "frame": 6
              },
              {
                "origin": {
                  "module": 0,
                  "function": 6,
                  "sid": 1,
                  "phase": "statement"
                },
                "thread": 6,
                "frame": 6
              },
              {
                "origin": {
                  "module": 0,
                  "function": 6,
                  "sid": 2,
                  "phase": "statement"
                },
                "thread": 6,
                "frame": 6
              },
              {
                "origin": {
                  "module": 0,
                  "function": 6,
                  "sid": 3,
                  "phase": "statement"
                },
                "thread": 6,
                "frame": 6
              },
              {
                "origin": {
                  "module": 0,
                  "function": 6,
                  "sid": 4,
                  "phase": "statement"
                },
                "thread": 6,
                "frame": 6
              }
            ],
            "final_instances": [
              {
                "thread": 0,
                "frame": 0,
                "function": 0,
                "sid": 0,
                "status": "running"
              },
              {
                "thread": 1,
                "frame": 1,
                "function": 1,
                "sid": 1,
                "status": "running"
              },
              {
                "thread": 2,
                "frame": 2,
                "function": 2,
                "sid": 1,
                "status": "running"
              },
              {
                "thread": 3,
                "frame": null,
                "function": 3,
                "sid": null,
                "status": "finished"
              },
              {
                "thread": 4,
                "frame": null,
                "function": 4,
                "sid": null,
                "status": "finished"
              },
              {
                "thread": 5,
                "frame": null,
                "function": 5,
                "sid": null,
                "status": "finished"
              },
              {
                "thread": 6,
                "frame": null,
                "function": 6,
                "sid": null,
                "status": "finished"
              }
            ],
            "blocked": [
              {
                "thread": 0,
                "kind": "scope",
                "resource": null,
                "resource_name": null,
                "holder": null,
                "waiting": 0,
                "detail": "waiting for scope members"
              },
              {
                "thread": 1,
                "kind": "lock",
                "resource": 1,
                "resource_name": "main::b",
                "holder": 2,
                "waiting": 1,
                "detail": "waiting for a lock"
              },
              {
                "thread": 2,
                "kind": "lock",
                "resource": 0,
                "resource_name": "main::a",
                "holder": 1,
                "waiting": 1,
                "detail": "waiting for a lock"
              }
            ],
            "cir_statements": [
              {
                "module": "main",
                "function": "main",
                "sid": "s1"
              },
              {
                "module": "main",
                "function": "u1ab",
                "sid": "s2"
              },
              {
                "module": "main",
                "function": "u1ba",
                "sid": "s2"
              },
              {
                "module": "main",
                "function": "u2ab",
                "sid": null
              },
              {
                "module": "main",
                "function": "u2ba",
                "sid": null
              },
              {
                "module": "main",
                "function": "u3ab",
                "sid": null
              },
              {
                "module": "main",
                "function": "u3ba",
                "sid": null
              }
            ],
            "proven_facts": [
              "reached a counterexample state after 25 step(s)",
              "explored 79009 reachable states"
            ],
            "repair_hints": [
              "check lock acquisition order, channel capacity, and missing notify/join"
            ]
          }
        ],
        "boundary_events": [],
        "unsupported": [],
        "invalid": [],
        "model_fingerprint": "9db12eae91ff0ea8",
        "contract_fingerprint": "d77beaef151c4a46",
        "assumptions": {
          "sequential_consistency": true,
          "no_spurious_wakeups": true
        },
        "bounds": {
          "max_threads": 16,
          "max_frames_per_thread": 16,
          "max_states": 200000,
          "max_depth": 128,
          "max_boundary_events": 512
        },
        "analysis_started": true
      },
      "note": null
    },
    {
      "id": 20,
      "parent": 4,
      "depth": 2,
      "total_edits": 2,
      "program_fingerprint": "92a8b54cd0d2ddf4",
      "incoming": {
        "module": "main",
        "function": "u3ba",
        "changes": [
          {
            "kind": "swap_statements",
            "a": "s1",
            "b": "s2"
          }
        ],
        "provenance": [
          {
            "description": "heuristic: swap an adjacent pair of mutex acquisitions"
          }
        ],
        "original_function_hash": "9850bcd12215372d",
        "parent_fingerprint": "5e84e803d1c56c1c",
        "program_fingerprint": "92a8b54cd0d2ddf4"
      },
      "report": {
        "outcome": "FAIL",
        "complete": true,
        "states_explored": 79009,
        "transitions_explored": 352766,
        "properties": [
          {
            "id": "no-deadlock",
            "outcome": "FAIL",
            "detail": "a reachable state has no enabled step and unfinished threads"
          },
          {
            "id": "preserved: main::u1ab completes",
            "outcome": "PASS",
            "detail": "preserved reachability: completed(f1)"
          },
          {
            "id": "preserved: main::u1ba completes",
            "outcome": "PASS",
            "detail": "preserved reachability: completed(f2)"
          },
          {
            "id": "preserved: main::u2ab completes",
            "outcome": "PASS",
            "detail": "preserved reachability: completed(f3)"
          },
          {
            "id": "preserved: main::u2ba completes",
            "outcome": "PASS",
            "detail": "preserved reachability: completed(f4)"
          },
          {
            "id": "preserved: main::u3ab completes",
            "outcome": "PASS",
            "detail": "preserved reachability: completed(f5)"
          },
          {
            "id": "preserved: main::u3ba completes",
            "outcome": "PASS",
            "detail": "preserved reachability: completed(f6)"
          }
        ],
        "diagnostics": [
          {
            "property": "no-deadlock",
            "outcome": "FAIL",
            "message": "reachable global deadlock",
            "complete": true,
            "counterexample": [
              {
                "origin": {
                  "module": 0,
                  "function": 0,
                  "sid": 0,
                  "phase": "statement"
                },
                "thread": 0,
                "frame": 0
              },
              {
                "origin": {
                  "module": 0,
                  "function": 1,
                  "sid": 0,
                  "phase": "statement"
                },
                "thread": 1,
                "frame": 1
              },
              {
                "origin": {
                  "module": 0,
                  "function": 2,
                  "sid": 0,
                  "phase": "statement"
                },
                "thread": 2,
                "frame": 2
              },
              {
                "origin": {
                  "module": 0,
                  "function": 1,
                  "sid": 1,
                  "phase": "statement"
                },
                "thread": 1,
                "frame": 1
              },
              {
                "origin": {
                  "module": 0,
                  "function": 2,
                  "sid": 1,
                  "phase": "statement"
                },
                "thread": 2,
                "frame": 2
              },
              {
                "origin": {
                  "module": 0,
                  "function": 3,
                  "sid": 0,
                  "phase": "statement"
                },
                "thread": 3,
                "frame": 3
              },
              {
                "origin": {
                  "module": 0,
                  "function": 3,
                  "sid": 1,
                  "phase": "statement"
                },
                "thread": 3,
                "frame": 3
              },
              {
                "origin": {
                  "module": 0,
                  "function": 3,
                  "sid": 2,
                  "phase": "statement"
                },
                "thread": 3,
                "frame": 3
              },
              {
                "origin": {
                  "module": 0,
                  "function": 3,
                  "sid": 3,
                  "phase": "statement"
                },
                "thread": 3,
                "frame": 3
              },
              {
                "origin": {
                  "module": 0,
                  "function": 3,
                  "sid": 4,
                  "phase": "statement"
                },
                "thread": 3,
                "frame": 3
              },
              {
                "origin": {
                  "module": 0,
                  "function": 4,
                  "sid": 0,
                  "phase": "statement"
                },
                "thread": 4,
                "frame": 4
              },
              {
                "origin": {
                  "module": 0,
                  "function": 4,
                  "sid": 1,
                  "phase": "statement"
                },
                "thread": 4,
                "frame": 4
              },
              {
                "origin": {
                  "module": 0,
                  "function": 4,
                  "sid": 2,
                  "phase": "statement"
                },
                "thread": 4,
                "frame": 4
              },
              {
                "origin": {
                  "module": 0,
                  "function": 4,
                  "sid": 3,
                  "phase": "statement"
                },
                "thread": 4,
                "frame": 4
              },
              {
                "origin": {
                  "module": 0,
                  "function": 4,
                  "sid": 4,
                  "phase": "statement"
                },
                "thread": 4,
                "frame": 4
              },
              {
                "origin": {
                  "module": 0,
                  "function": 5,
                  "sid": 0,
                  "phase": "statement"
                },
                "thread": 5,
                "frame": 5
              },
              {
                "origin": {
                  "module": 0,
                  "function": 5,
                  "sid": 1,
                  "phase": "statement"
                },
                "thread": 5,
                "frame": 5
              },
              {
                "origin": {
                  "module": 0,
                  "function": 5,
                  "sid": 2,
                  "phase": "statement"
                },
                "thread": 5,
                "frame": 5
              },
              {
                "origin": {
                  "module": 0,
                  "function": 5,
                  "sid": 3,
                  "phase": "statement"
                },
                "thread": 5,
                "frame": 5
              },
              {
                "origin": {
                  "module": 0,
                  "function": 5,
                  "sid": 4,
                  "phase": "statement"
                },
                "thread": 5,
                "frame": 5
              },
              {
                "origin": {
                  "module": 0,
                  "function": 6,
                  "sid": 0,
                  "phase": "statement"
                },
                "thread": 6,
                "frame": 6
              },
              {
                "origin": {
                  "module": 0,
                  "function": 6,
                  "sid": 1,
                  "phase": "statement"
                },
                "thread": 6,
                "frame": 6
              },
              {
                "origin": {
                  "module": 0,
                  "function": 6,
                  "sid": 2,
                  "phase": "statement"
                },
                "thread": 6,
                "frame": 6
              },
              {
                "origin": {
                  "module": 0,
                  "function": 6,
                  "sid": 3,
                  "phase": "statement"
                },
                "thread": 6,
                "frame": 6
              },
              {
                "origin": {
                  "module": 0,
                  "function": 6,
                  "sid": 4,
                  "phase": "statement"
                },
                "thread": 6,
                "frame": 6
              }
            ],
            "final_instances": [
              {
                "thread": 0,
                "frame": 0,
                "function": 0,
                "sid": 0,
                "status": "running"
              },
              {
                "thread": 1,
                "frame": 1,
                "function": 1,
                "sid": 1,
                "status": "running"
              },
              {
                "thread": 2,
                "frame": 2,
                "function": 2,
                "sid": 1,
                "status": "running"
              },
              {
                "thread": 3,
                "frame": null,
                "function": 3,
                "sid": null,
                "status": "finished"
              },
              {
                "thread": 4,
                "frame": null,
                "function": 4,
                "sid": null,
                "status": "finished"
              },
              {
                "thread": 5,
                "frame": null,
                "function": 5,
                "sid": null,
                "status": "finished"
              },
              {
                "thread": 6,
                "frame": null,
                "function": 6,
                "sid": null,
                "status": "finished"
              }
            ],
            "blocked": [
              {
                "thread": 0,
                "kind": "scope",
                "resource": null,
                "resource_name": null,
                "holder": null,
                "waiting": 0,
                "detail": "waiting for scope members"
              },
              {
                "thread": 1,
                "kind": "lock",
                "resource": 1,
                "resource_name": "main::b",
                "holder": 2,
                "waiting": 1,
                "detail": "waiting for a lock"
              },
              {
                "thread": 2,
                "kind": "lock",
                "resource": 0,
                "resource_name": "main::a",
                "holder": 1,
                "waiting": 1,
                "detail": "waiting for a lock"
              }
            ],
            "cir_statements": [
              {
                "module": "main",
                "function": "main",
                "sid": "s1"
              },
              {
                "module": "main",
                "function": "u1ab",
                "sid": "s2"
              },
              {
                "module": "main",
                "function": "u1ba",
                "sid": "s2"
              },
              {
                "module": "main",
                "function": "u2ab",
                "sid": null
              },
              {
                "module": "main",
                "function": "u2ba",
                "sid": null
              },
              {
                "module": "main",
                "function": "u3ab",
                "sid": null
              },
              {
                "module": "main",
                "function": "u3ba",
                "sid": null
              }
            ],
            "proven_facts": [
              "reached a counterexample state after 25 step(s)",
              "explored 79009 reachable states"
            ],
            "repair_hints": [
              "check lock acquisition order, channel capacity, and missing notify/join"
            ]
          }
        ],
        "boundary_events": [],
        "unsupported": [],
        "invalid": [],
        "model_fingerprint": "92a8b54cd0d2ddf4",
        "contract_fingerprint": "d77beaef151c4a46",
        "assumptions": {
          "sequential_consistency": true,
          "no_spurious_wakeups": true
        },
        "bounds": {
          "max_threads": 16,
          "max_frames_per_thread": 16,
          "max_states": 200000,
          "max_depth": 128,
          "max_boundary_events": 512
        },
        "analysis_started": true
      },
      "note": null
    },
    {
      "id": 21,
      "parent": 5,
      "depth": 2,
      "total_edits": 2,
      "program_fingerprint": "be468f95c7f261cc",
      "incoming": {
        "module": "main",
        "function": "u3ba",
        "changes": [
          {
            "kind": "swap_statements",
            "a": "s1",
            "b": "s2"
          }
        ],
        "provenance": [
          {
            "description": "heuristic: swap an adjacent pair of mutex acquisitions"
          }
        ],
        "original_function_hash": "9850bcd12215372d",
        "parent_fingerprint": "260f5941f3879bb4",
        "program_fingerprint": "be468f95c7f261cc"
      },
      "report": {
        "outcome": "FAIL",
        "complete": true,
        "states_explored": 86153,
        "transitions_explored": 380326,
        "properties": [
          {
            "id": "no-deadlock",
            "outcome": "FAIL",
            "detail": "a reachable state has no enabled step and unfinished threads"
          },
          {
            "id": "preserved: main::u1ab completes",
            "outcome": "PASS",
            "detail": "preserved reachability: completed(f1)"
          },
          {
            "id": "preserved: main::u1ba completes",
            "outcome": "PASS",
            "detail": "preserved reachability: completed(f2)"
          },
          {
            "id": "preserved: main::u2ab completes",
            "outcome": "PASS",
            "detail": "preserved reachability: completed(f3)"
          },
          {
            "id": "preserved: main::u2ba completes",
            "outcome": "PASS",
            "detail": "preserved reachability: completed(f4)"
          },
          {
            "id": "preserved: main::u3ab completes",
            "outcome": "PASS",
            "detail": "preserved reachability: completed(f5)"
          },
          {
            "id": "preserved: main::u3ba completes",
            "outcome": "PASS",
            "detail": "preserved reachability: completed(f6)"
          }
        ],
        "diagnostics": [
          {
            "property": "no-deadlock",
            "outcome": "FAIL",
            "message": "reachable global deadlock",
            "complete": true,
            "counterexample": [
              {
                "origin": {
                  "module": 0,
                  "function": 0,
                  "sid": 0,
                  "phase": "statement"
                },
                "thread": 0,
                "frame": 0
              },
              {
                "origin": {
                  "module": 0,
                  "function": 1,
                  "sid": 0,
                  "phase": "statement"
                },
                "thread": 1,
                "frame": 1
              },
              {
                "origin": {
                  "module": 0,
                  "function": 2,
                  "sid": 0,
                  "phase": "statement"
                },
                "thread": 2,
                "frame": 2
              },
              {
                "origin": {
                  "module": 0,
                  "function": 1,
                  "sid": 1,
                  "phase": "statement"
                },
                "thread": 1,
                "frame": 1
              },
              {
                "origin": {
                  "module": 0,
                  "function": 2,
                  "sid": 1,
                  "phase": "statement"
                },
                "thread": 2,
                "frame": 2
              },
              {
                "origin": {
                  "module": 0,
                  "function": 3,
                  "sid": 0,
                  "phase": "statement"
                },
                "thread": 3,
                "frame": 3
              },
              {
                "origin": {
                  "module": 0,
                  "function": 4,
                  "sid": 0,
                  "phase": "statement"
                },
                "thread": 4,
                "frame": 4
              },
              {
                "origin": {
                  "module": 0,
                  "function": 3,
                  "sid": 1,
                  "phase": "statement"
                },
                "thread": 3,
                "frame": 3
              },
              {
                "origin": {
                  "module": 0,
                  "function": 4,
                  "sid": 1,
                  "phase": "statement"
                },
                "thread": 4,
                "frame": 4
              },
              {
                "origin": {
                  "module": 0,
                  "function": 5,
                  "sid": 0,
                  "phase": "statement"
                },
                "thread": 5,
                "frame": 5
              },
              {
                "origin": {
                  "module": 0,
                  "function": 6,
                  "sid": 0,
                  "phase": "statement"
                },
                "thread": 6,
                "frame": 6
              },
              {
                "origin": {
                  "module": 0,
                  "function": 5,
                  "sid": 1,
                  "phase": "statement"
                },
                "thread": 5,
                "frame": 5
              },
              {
                "origin": {
                  "module": 0,
                  "function": 6,
                  "sid": 1,
                  "phase": "statement"
                },
                "thread": 6,
                "frame": 6
              }
            ],
            "final_instances": [
              {
                "thread": 0,
                "frame": 0,
                "function": 0,
                "sid": 0,
                "status": "running"
              },
              {
                "thread": 1,
                "frame": 1,
                "function": 1,
                "sid": 1,
                "status": "running"
              },
              {
                "thread": 2,
                "frame": 2,
                "function": 2,
                "sid": 1,
                "status": "running"
              },
              {
                "thread": 3,
                "frame": 3,
                "function": 3,
                "sid": 1,
                "status": "running"
              },
              {
                "thread": 4,
                "frame": 4,
                "function": 4,
                "sid": 1,
                "status": "running"
              },
              {
                "thread": 5,
                "frame": 5,
                "function": 5,
                "sid": 1,
                "status": "running"
              },
              {
                "thread": 6,
                "frame": 6,
                "function": 6,
                "sid": 1,
                "status": "running"
              }
            ],
            "blocked": [
              {
                "thread": 0,
                "kind": "scope",
                "resource": null,
                "resource_name": null,
                "holder": null,
                "waiting": 0,
                "detail": "waiting for scope members"
              },
              {
                "thread": 1,
                "kind": "lock",
                "resource": 1,
                "resource_name": "main::b",
                "holder": 2,
                "waiting": 1,
                "detail": "waiting for a lock"
              },
              {
                "thread": 2,
                "kind": "lock",
                "resource": 0,
                "resource_name": "main::a",
                "holder": 1,
                "waiting": 1,
                "detail": "waiting for a lock"
              },
              {
                "thread": 3,
                "kind": "lock",
                "resource": 3,
                "resource_name": "main::d",
                "holder": 4,
                "waiting": 1,
                "detail": "waiting for a lock"
              },
              {
                "thread": 4,
                "kind": "lock",
                "resource": 2,
                "resource_name": "main::c",
                "holder": 3,
                "waiting": 1,
                "detail": "waiting for a lock"
              },
              {
                "thread": 5,
                "kind": "lock",
                "resource": 4,
                "resource_name": "main::e",
                "holder": 6,
                "waiting": 1,
                "detail": "waiting for a lock"
              },
              {
                "thread": 6,
                "kind": "lock",
                "resource": 5,
                "resource_name": "main::f",
                "holder": 5,
                "waiting": 1,
                "detail": "waiting for a lock"
              }
            ],
            "cir_statements": [
              {
                "module": "main",
                "function": "main",
                "sid": "s1"
              },
              {
                "module": "main",
                "function": "u1ab",
                "sid": "s2"
              },
              {
                "module": "main",
                "function": "u1ba",
                "sid": "s2"
              },
              {
                "module": "main",
                "function": "u2ab",
                "sid": "s2"
              },
              {
                "module": "main",
                "function": "u2ba",
                "sid": "s2"
              },
              {
                "module": "main",
                "function": "u3ab",
                "sid": "s1"
              },
              {
                "module": "main",
                "function": "u3ba",
                "sid": "s1"
              }
            ],
            "proven_facts": [
              "reached a counterexample state after 13 step(s)",
              "explored 86153 reachable states"
            ],
            "repair_hints": [
              "check lock acquisition order, channel capacity, and missing notify/join"
            ]
          }
        ],
        "boundary_events": [],
        "unsupported": [],
        "invalid": [],
        "model_fingerprint": "be468f95c7f261cc",
        "contract_fingerprint": "d77beaef151c4a46",
        "assumptions": {
          "sequential_consistency": true,
          "no_spurious_wakeups": true
        },
        "bounds": {
          "max_threads": 16,
          "max_frames_per_thread": 16,
          "max_states": 200000,
          "max_depth": 128,
          "max_boundary_events": 512
        },
        "analysis_started": true
      },
      "note": null
    },
    {
      "id": 22,
      "parent": 7,
      "depth": 3,
      "total_edits": 3,
      "program_fingerprint": "78defde0f76d233c",
      "incoming": {
        "module": "main",
        "function": "u2ab",
        "changes": [
          {
            "kind": "swap_statements",
            "a": "s1",
            "b": "s2"
          }
        ],
        "provenance": [
          {
            "description": "heuristic: swap an adjacent pair of mutex acquisitions"
          }
        ],
        "original_function_hash": "63befec22f97498e",
        "parent_fingerprint": "7e78b5aa4e7d961c",
        "program_fingerprint": "78defde0f76d233c"
      },
      "report": {
        "outcome": "FAIL",
        "complete": true,
        "states_explored": 75155,
        "transitions_explored": 331657,
        "properties": [
          {
            "id": "no-deadlock",
            "outcome": "FAIL",
            "detail": "a reachable state has no enabled step and unfinished threads"
          },
          {
            "id": "preserved: main::u1ab completes",
            "outcome": "PASS",
            "detail": "preserved reachability: completed(f1)"
          },
          {
            "id": "preserved: main::u1ba completes",
            "outcome": "PASS",
            "detail": "preserved reachability: completed(f2)"
          },
          {
            "id": "preserved: main::u2ab completes",
            "outcome": "PASS",
            "detail": "preserved reachability: completed(f3)"
          },
          {
            "id": "preserved: main::u2ba completes",
            "outcome": "PASS",
            "detail": "preserved reachability: completed(f4)"
          },
          {
            "id": "preserved: main::u3ab completes",
            "outcome": "PASS",
            "detail": "preserved reachability: completed(f5)"
          },
          {
            "id": "preserved: main::u3ba completes",
            "outcome": "PASS",
            "detail": "preserved reachability: completed(f6)"
          }
        ],
        "diagnostics": [
          {
            "property": "no-deadlock",
            "outcome": "FAIL",
            "message": "reachable global deadlock",
            "complete": true,
            "counterexample": [
              {
                "origin": {
                  "module": 0,
                  "function": 0,
                  "sid": 0,
                  "phase": "statement"
                },
                "thread": 0,
                "frame": 0
              },
              {
                "origin": {
                  "module": 0,
                  "function": 1,
                  "sid": 0,
                  "phase": "statement"
                },
                "thread": 1,
                "frame": 1
              },
              {
                "origin": {
                  "module": 0,
                  "function": 2,
                  "sid": 0,
                  "phase": "statement"
                },
                "thread": 2,
                "frame": 2
              },
              {
                "origin": {
                  "module": 0,
                  "function": 1,
                  "sid": 1,
                  "phase": "statement"
                },
                "thread": 1,
                "frame": 1
              },
              {
                "origin": {
                  "module": 0,
                  "function": 2,
                  "sid": 1,
                  "phase": "statement"
                },
                "thread": 2,
                "frame": 2
              },
              {
                "origin": {
                  "module": 0,
                  "function": 3,
                  "sid": 0,
                  "phase": "statement"
                },
                "thread": 3,
                "frame": 3
              },
              {
                "origin": {
                  "module": 0,
                  "function": 3,
                  "sid": 1,
                  "phase": "statement"
                },
                "thread": 3,
                "frame": 3
              },
              {
                "origin": {
                  "module": 0,
                  "function": 3,
                  "sid": 2,
                  "phase": "statement"
                },
                "thread": 3,
                "frame": 3
              },
              {
                "origin": {
                  "module": 0,
                  "function": 3,
                  "sid": 3,
                  "phase": "statement"
                },
                "thread": 3,
                "frame": 3
              },
              {
                "origin": {
                  "module": 0,
                  "function": 3,
                  "sid": 4,
                  "phase": "statement"
                },
                "thread": 3,
                "frame": 3
              },
              {
                "origin": {
                  "module": 0,
                  "function": 4,
                  "sid": 0,
                  "phase": "statement"
                },
                "thread": 4,
                "frame": 4
              },
              {
                "origin": {
                  "module": 0,
                  "function": 4,
                  "sid": 1,
                  "phase": "statement"
                },
                "thread": 4,
                "frame": 4
              },
              {
                "origin": {
                  "module": 0,
                  "function": 4,
                  "sid": 2,
                  "phase": "statement"
                },
                "thread": 4,
                "frame": 4
              },
              {
                "origin": {
                  "module": 0,
                  "function": 4,
                  "sid": 3,
                  "phase": "statement"
                },
                "thread": 4,
                "frame": 4
              },
              {
                "origin": {
                  "module": 0,
                  "function": 4,
                  "sid": 4,
                  "phase": "statement"
                },
                "thread": 4,
                "frame": 4
              },
              {
                "origin": {
                  "module": 0,
                  "function": 5,
                  "sid": 0,
                  "phase": "statement"
                },
                "thread": 5,
                "frame": 5
              },
              {
                "origin": {
                  "module": 0,
                  "function": 6,
                  "sid": 0,
                  "phase": "statement"
                },
                "thread": 6,
                "frame": 6
              },
              {
                "origin": {
                  "module": 0,
                  "function": 5,
                  "sid": 1,
                  "phase": "statement"
                },
                "thread": 5,
                "frame": 5
              },
              {
                "origin": {
                  "module": 0,
                  "function": 6,
                  "sid": 1,
                  "phase": "statement"
                },
                "thread": 6,
                "frame": 6
              }
            ],
            "final_instances": [
              {
                "thread": 0,
                "frame": 0,
                "function": 0,
                "sid": 0,
                "status": "running"
              },
              {
                "thread": 1,
                "frame": 1,
                "function": 1,
                "sid": 1,
                "status": "running"
              },
              {
                "thread": 2,
                "frame": 2,
                "function": 2,
                "sid": 1,
                "status": "running"
              },
              {
                "thread": 3,
                "frame": null,
                "function": 3,
                "sid": null,
                "status": "finished"
              },
              {
                "thread": 4,
                "frame": null,
                "function": 4,
                "sid": null,
                "status": "finished"
              },
              {
                "thread": 5,
                "frame": 5,
                "function": 5,
                "sid": 1,
                "status": "running"
              },
              {
                "thread": 6,
                "frame": 6,
                "function": 6,
                "sid": 1,
                "status": "running"
              }
            ],
            "blocked": [
              {
                "thread": 0,
                "kind": "scope",
                "resource": null,
                "resource_name": null,
                "holder": null,
                "waiting": 0,
                "detail": "waiting for scope members"
              },
              {
                "thread": 1,
                "kind": "lock",
                "resource": 0,
                "resource_name": "main::a",
                "holder": 2,
                "waiting": 1,
                "detail": "waiting for a lock"
              },
              {
                "thread": 2,
                "kind": "lock",
                "resource": 1,
                "resource_name": "main::b",
                "holder": 1,
                "waiting": 1,
                "detail": "waiting for a lock"
              },
              {
                "thread": 5,
                "kind": "lock",
                "resource": 5,
                "resource_name": "main::f",
                "holder": 6,
                "waiting": 1,
                "detail": "waiting for a lock"
              },
              {
                "thread": 6,
                "kind": "lock",
                "resource": 4,
                "resource_name": "main::e",
                "holder": 5,
                "waiting": 1,
                "detail": "waiting for a lock"
              }
            ],
            "cir_statements": [
              {
                "module": "main",
                "function": "main",
                "sid": "s1"
              },
              {
                "module": "main",
                "function": "u1ab",
                "sid": "s1"
              },
              {
                "module": "main",
                "function": "u1ba",
                "sid": "s1"
              },
              {
                "module": "main",
                "function": "u2ab",
                "sid": null
              },
              {
                "module": "main",
                "function": "u2ba",
                "sid": null
              },
              {
                "module": "main",
                "function": "u3ab",
                "sid": "s2"
              },
              {
                "module": "main",
                "function": "u3ba",
                "sid": "s2"
              }
            ],
            "proven_facts": [
              "reached a counterexample state after 19 step(s)",
              "explored 75155 reachable states"
            ],
            "repair_hints": [
              "check lock acquisition order, channel capacity, and missing notify/join"
            ]
          }
        ],
        "boundary_events": [],
        "unsupported": [],
        "invalid": [],
        "model_fingerprint": "78defde0f76d233c",
        "contract_fingerprint": "d77beaef151c4a46",
        "assumptions": {
          "sequential_consistency": true,
          "no_spurious_wakeups": true
        },
        "bounds": {
          "max_threads": 16,
          "max_frames_per_thread": 16,
          "max_states": 200000,
          "max_depth": 128,
          "max_boundary_events": 512
        },
        "analysis_started": true
      },
      "note": null
    },
    {
      "id": 23,
      "parent": 7,
      "depth": 3,
      "total_edits": 3,
      "program_fingerprint": "716f6fe8d4de6af0",
      "incoming": {
        "module": "main",
        "function": "u2ba",
        "changes": [
          {
            "kind": "swap_statements",
            "a": "s1",
            "b": "s2"
          }
        ],
        "provenance": [
          {
            "description": "heuristic: swap an adjacent pair of mutex acquisitions"
          }
        ],
        "original_function_hash": "f6c08a6df755d470",
        "parent_fingerprint": "7e78b5aa4e7d961c",
        "program_fingerprint": "716f6fe8d4de6af0"
      },
      "report": {
        "outcome": "FAIL",
        "complete": true,
        "states_explored": 75155,
        "transitions_explored": 331657,
        "properties": [
          {
            "id": "no-deadlock",
            "outcome": "FAIL",
            "detail": "a reachable state has no enabled step and unfinished threads"
          },
          {
            "id": "preserved: main::u1ab completes",
            "outcome": "PASS",
            "detail": "preserved reachability: completed(f1)"
          },
          {
            "id": "preserved: main::u1ba completes",
            "outcome": "PASS",
            "detail": "preserved reachability: completed(f2)"
          },
          {
            "id": "preserved: main::u2ab completes",
            "outcome": "PASS",
            "detail": "preserved reachability: completed(f3)"
          },
          {
            "id": "preserved: main::u2ba completes",
            "outcome": "PASS",
            "detail": "preserved reachability: completed(f4)"
          },
          {
            "id": "preserved: main::u3ab completes",
            "outcome": "PASS",
            "detail": "preserved reachability: completed(f5)"
          },
          {
            "id": "preserved: main::u3ba completes",
            "outcome": "PASS",
            "detail": "preserved reachability: completed(f6)"
          }
        ],
        "diagnostics": [
          {
            "property": "no-deadlock",
            "outcome": "FAIL",
            "message": "reachable global deadlock",
            "complete": true,
            "counterexample": [
              {
                "origin": {
                  "module": 0,
                  "function": 0,
                  "sid": 0,
                  "phase": "statement"
                },
                "thread": 0,
                "frame": 0
              },
              {
                "origin": {
                  "module": 0,
                  "function": 1,
                  "sid": 0,
                  "phase": "statement"
                },
                "thread": 1,
                "frame": 1
              },
              {
                "origin": {
                  "module": 0,
                  "function": 2,
                  "sid": 0,
                  "phase": "statement"
                },
                "thread": 2,
                "frame": 2
              },
              {
                "origin": {
                  "module": 0,
                  "function": 1,
                  "sid": 1,
                  "phase": "statement"
                },
                "thread": 1,
                "frame": 1
              },
              {
                "origin": {
                  "module": 0,
                  "function": 2,
                  "sid": 1,
                  "phase": "statement"
                },
                "thread": 2,
                "frame": 2
              },
              {
                "origin": {
                  "module": 0,
                  "function": 3,
                  "sid": 0,
                  "phase": "statement"
                },
                "thread": 3,
                "frame": 3
              },
              {
                "origin": {
                  "module": 0,
                  "function": 3,
                  "sid": 1,
                  "phase": "statement"
                },
                "thread": 3,
                "frame": 3
              },
              {
                "origin": {
                  "module": 0,
                  "function": 3,
                  "sid": 2,
                  "phase": "statement"
                },
                "thread": 3,
                "frame": 3
              },
              {
                "origin": {
                  "module": 0,
                  "function": 3,
                  "sid": 3,
                  "phase": "statement"
                },
                "thread": 3,
                "frame": 3
              },
              {
                "origin": {
                  "module": 0,
                  "function": 3,
                  "sid": 4,
                  "phase": "statement"
                },
                "thread": 3,
                "frame": 3
              },
              {
                "origin": {
                  "module": 0,
                  "function": 4,
                  "sid": 0,
                  "phase": "statement"
                },
                "thread": 4,
                "frame": 4
              },
              {
                "origin": {
                  "module": 0,
                  "function": 4,
                  "sid": 1,
                  "phase": "statement"
                },
                "thread": 4,
                "frame": 4
              },
              {
                "origin": {
                  "module": 0,
                  "function": 4,
                  "sid": 2,
                  "phase": "statement"
                },
                "thread": 4,
                "frame": 4
              },
              {
                "origin": {
                  "module": 0,
                  "function": 4,
                  "sid": 3,
                  "phase": "statement"
                },
                "thread": 4,
                "frame": 4
              },
              {
                "origin": {
                  "module": 0,
                  "function": 4,
                  "sid": 4,
                  "phase": "statement"
                },
                "thread": 4,
                "frame": 4
              },
              {
                "origin": {
                  "module": 0,
                  "function": 5,
                  "sid": 0,
                  "phase": "statement"
                },
                "thread": 5,
                "frame": 5
              },
              {
                "origin": {
                  "module": 0,
                  "function": 6,
                  "sid": 0,
                  "phase": "statement"
                },
                "thread": 6,
                "frame": 6
              },
              {
                "origin": {
                  "module": 0,
                  "function": 5,
                  "sid": 1,
                  "phase": "statement"
                },
                "thread": 5,
                "frame": 5
              },
              {
                "origin": {
                  "module": 0,
                  "function": 6,
                  "sid": 1,
                  "phase": "statement"
                },
                "thread": 6,
                "frame": 6
              }
            ],
            "final_instances": [
              {
                "thread": 0,
                "frame": 0,
                "function": 0,
                "sid": 0,
                "status": "running"
              },
              {
                "thread": 1,
                "frame": 1,
                "function": 1,
                "sid": 1,
                "status": "running"
              },
              {
                "thread": 2,
                "frame": 2,
                "function": 2,
                "sid": 1,
                "status": "running"
              },
              {
                "thread": 3,
                "frame": null,
                "function": 3,
                "sid": null,
                "status": "finished"
              },
              {
                "thread": 4,
                "frame": null,
                "function": 4,
                "sid": null,
                "status": "finished"
              },
              {
                "thread": 5,
                "frame": 5,
                "function": 5,
                "sid": 1,
                "status": "running"
              },
              {
                "thread": 6,
                "frame": 6,
                "function": 6,
                "sid": 1,
                "status": "running"
              }
            ],
            "blocked": [
              {
                "thread": 0,
                "kind": "scope",
                "resource": null,
                "resource_name": null,
                "holder": null,
                "waiting": 0,
                "detail": "waiting for scope members"
              },
              {
                "thread": 1,
                "kind": "lock",
                "resource": 0,
                "resource_name": "main::a",
                "holder": 2,
                "waiting": 1,
                "detail": "waiting for a lock"
              },
              {
                "thread": 2,
                "kind": "lock",
                "resource": 1,
                "resource_name": "main::b",
                "holder": 1,
                "waiting": 1,
                "detail": "waiting for a lock"
              },
              {
                "thread": 5,
                "kind": "lock",
                "resource": 5,
                "resource_name": "main::f",
                "holder": 6,
                "waiting": 1,
                "detail": "waiting for a lock"
              },
              {
                "thread": 6,
                "kind": "lock",
                "resource": 4,
                "resource_name": "main::e",
                "holder": 5,
                "waiting": 1,
                "detail": "waiting for a lock"
              }
            ],
            "cir_statements": [
              {
                "module": "main",
                "function": "main",
                "sid": "s1"
              },
              {
                "module": "main",
                "function": "u1ab",
                "sid": "s1"
              },
              {
                "module": "main",
                "function": "u1ba",
                "sid": "s1"
              },
              {
                "module": "main",
                "function": "u2ab",
                "sid": null
              },
              {
                "module": "main",
                "function": "u2ba",
                "sid": null
              },
              {
                "module": "main",
                "function": "u3ab",
                "sid": "s2"
              },
              {
                "module": "main",
                "function": "u3ba",
                "sid": "s2"
              }
            ],
            "proven_facts": [
              "reached a counterexample state after 19 step(s)",
              "explored 75155 reachable states"
            ],
            "repair_hints": [
              "check lock acquisition order, channel capacity, and missing notify/join"
            ]
          }
        ],
        "boundary_events": [],
        "unsupported": [],
        "invalid": [],
        "model_fingerprint": "716f6fe8d4de6af0",
        "contract_fingerprint": "d77beaef151c4a46",
        "assumptions": {
          "sequential_consistency": true,
          "no_spurious_wakeups": true
        },
        "bounds": {
          "max_threads": 16,
          "max_frames_per_thread": 16,
          "max_states": 200000,
          "max_depth": 128,
          "max_boundary_events": 512
        },
        "analysis_started": true
      },
      "note": null
    },
    {
      "id": 24,
      "parent": 7,
      "depth": 3,
      "total_edits": 3,
      "program_fingerprint": "bda4fc550eb738a8",
      "incoming": {
        "module": "main",
        "function": "u3ab",
        "changes": [
          {
            "kind": "swap_statements",
            "a": "s1",
            "b": "s2"
          }
        ],
        "provenance": [
          {
            "description": "heuristic: swap an adjacent pair of mutex acquisitions"
          }
        ],
        "original_function_hash": "47fa1c7df0ba80b3",
        "parent_fingerprint": "7e78b5aa4e7d961c",
        "program_fingerprint": "bda4fc550eb738a8"
      },
      "report": {
        "outcome": "FAIL",
        "complete": true,
        "states_explored": 75155,
        "transitions_explored": 331657,
        "properties": [
          {
            "id": "no-deadlock",
            "outcome": "FAIL",
            "detail": "a reachable state has no enabled step and unfinished threads"
          },
          {
            "id": "preserved: main::u1ab completes",
            "outcome": "PASS",
            "detail": "preserved reachability: completed(f1)"
          },
          {
            "id": "preserved: main::u1ba completes",
            "outcome": "PASS",
            "detail": "preserved reachability: completed(f2)"
          },
          {
            "id": "preserved: main::u2ab completes",
            "outcome": "PASS",
            "detail": "preserved reachability: completed(f3)"
          },
          {
            "id": "preserved: main::u2ba completes",
            "outcome": "PASS",
            "detail": "preserved reachability: completed(f4)"
          },
          {
            "id": "preserved: main::u3ab completes",
            "outcome": "PASS",
            "detail": "preserved reachability: completed(f5)"
          },
          {
            "id": "preserved: main::u3ba completes",
            "outcome": "PASS",
            "detail": "preserved reachability: completed(f6)"
          }
        ],
        "diagnostics": [
          {
            "property": "no-deadlock",
            "outcome": "FAIL",
            "message": "reachable global deadlock",
            "complete": true,
            "counterexample": [
              {
                "origin": {
                  "module": 0,
                  "function": 0,
                  "sid": 0,
                  "phase": "statement"
                },
                "thread": 0,
                "frame": 0
              },
              {
                "origin": {
                  "module": 0,
                  "function": 1,
                  "sid": 0,
                  "phase": "statement"
                },
                "thread": 1,
                "frame": 1
              },
              {
                "origin": {
                  "module": 0,
                  "function": 2,
                  "sid": 0,
                  "phase": "statement"
                },
                "thread": 2,
                "frame": 2
              },
              {
                "origin": {
                  "module": 0,
                  "function": 1,
                  "sid": 1,
                  "phase": "statement"
                },
                "thread": 1,
                "frame": 1
              },
              {
                "origin": {
                  "module": 0,
                  "function": 2,
                  "sid": 1,
                  "phase": "statement"
                },
                "thread": 2,
                "frame": 2
              },
              {
                "origin": {
                  "module": 0,
                  "function": 3,
                  "sid": 0,
                  "phase": "statement"
                },
                "thread": 3,
                "frame": 3
              },
              {
                "origin": {
                  "module": 0,
                  "function": 4,
                  "sid": 0,
                  "phase": "statement"
                },
                "thread": 4,
                "frame": 4
              },
              {
                "origin": {
                  "module": 0,
                  "function": 3,
                  "sid": 1,
                  "phase": "statement"
                },
                "thread": 3,
                "frame": 3
              },
              {
                "origin": {
                  "module": 0,
                  "function": 4,
                  "sid": 1,
                  "phase": "statement"
                },
                "thread": 4,
                "frame": 4
              },
              {
                "origin": {
                  "module": 0,
                  "function": 5,
                  "sid": 0,
                  "phase": "statement"
                },
                "thread": 5,
                "frame": 5
              },
              {
                "origin": {
                  "module": 0,
                  "function": 5,
                  "sid": 1,
                  "phase": "statement"
                },
                "thread": 5,
                "frame": 5
              },
              {
                "origin": {
                  "module": 0,
                  "function": 5,
                  "sid": 2,
                  "phase": "statement"
                },
                "thread": 5,
                "frame": 5
              },
              {
                "origin": {
                  "module": 0,
                  "function": 5,
                  "sid": 3,
                  "phase": "statement"
                },
                "thread": 5,
                "frame": 5
              },
              {
                "origin": {
                  "module": 0,
                  "function": 5,
                  "sid": 4,
                  "phase": "statement"
                },
                "thread": 5,
                "frame": 5
              },
              {
                "origin": {
                  "module": 0,
                  "function": 6,
                  "sid": 0,
                  "phase": "statement"
                },
                "thread": 6,
                "frame": 6
              },
              {
                "origin": {
                  "module": 0,
                  "function": 6,
                  "sid": 1,
                  "phase": "statement"
                },
                "thread": 6,
                "frame": 6
              },
              {
                "origin": {
                  "module": 0,
                  "function": 6,
                  "sid": 2,
                  "phase": "statement"
                },
                "thread": 6,
                "frame": 6
              },
              {
                "origin": {
                  "module": 0,
                  "function": 6,
                  "sid": 3,
                  "phase": "statement"
                },
                "thread": 6,
                "frame": 6
              },
              {
                "origin": {
                  "module": 0,
                  "function": 6,
                  "sid": 4,
                  "phase": "statement"
                },
                "thread": 6,
                "frame": 6
              }
            ],
            "final_instances": [
              {
                "thread": 0,
                "frame": 0,
                "function": 0,
                "sid": 0,
                "status": "running"
              },
              {
                "thread": 1,
                "frame": 1,
                "function": 1,
                "sid": 1,
                "status": "running"
              },
              {
                "thread": 2,
                "frame": 2,
                "function": 2,
                "sid": 1,
                "status": "running"
              },
              {
                "thread": 3,
                "frame": 3,
                "function": 3,
                "sid": 1,
                "status": "running"
              },
              {
                "thread": 4,
                "frame": 4,
                "function": 4,
                "sid": 1,
                "status": "running"
              },
              {
                "thread": 5,
                "frame": null,
                "function": 5,
                "sid": null,
                "status": "finished"
              },
              {
                "thread": 6,
                "frame": null,
                "function": 6,
                "sid": null,
                "status": "finished"
              }
            ],
            "blocked": [
              {
                "thread": 0,
                "kind": "scope",
                "resource": null,
                "resource_name": null,
                "holder": null,
                "waiting": 0,
                "detail": "waiting for scope members"
              },
              {
                "thread": 1,
                "kind": "lock",
                "resource": 0,
                "resource_name": "main::a",
                "holder": 2,
                "waiting": 1,
                "detail": "waiting for a lock"
              },
              {
                "thread": 2,
                "kind": "lock",
                "resource": 1,
                "resource_name": "main::b",
                "holder": 1,
                "waiting": 1,
                "detail": "waiting for a lock"
              },
              {
                "thread": 3,
                "kind": "lock",
                "resource": 3,
                "resource_name": "main::d",
                "holder": 4,
                "waiting": 1,
                "detail": "waiting for a lock"
              },
              {
                "thread": 4,
                "kind": "lock",
                "resource": 2,
                "resource_name": "main::c",
                "holder": 3,
                "waiting": 1,
                "detail": "waiting for a lock"
              }
            ],
            "cir_statements": [
              {
                "module": "main",
                "function": "main",
                "sid": "s1"
              },
              {
                "module": "main",
                "function": "u1ab",
                "sid": "s1"
              },
              {
                "module": "main",
                "function": "u1ba",
                "sid": "s1"
              },
              {
                "module": "main",
                "function": "u2ab",
                "sid": "s2"
              },
              {
                "module": "main",
                "function": "u2ba",
                "sid": "s2"
              },
              {
                "module": "main",
                "function": "u3ab",
                "sid": null
              },
              {
                "module": "main",
                "function": "u3ba",
                "sid": null
              }
            ],
            "proven_facts": [
              "reached a counterexample state after 19 step(s)",
              "explored 75155 reachable states"
            ],
            "repair_hints": [
              "check lock acquisition order, channel capacity, and missing notify/join"
            ]
          }
        ],
        "boundary_events": [],
        "unsupported": [],
        "invalid": [],
        "model_fingerprint": "bda4fc550eb738a8",
        "contract_fingerprint": "d77beaef151c4a46",
        "assumptions": {
          "sequential_consistency": true,
          "no_spurious_wakeups": true
        },
        "bounds": {
          "max_threads": 16,
          "max_frames_per_thread": 16,
          "max_states": 200000,
          "max_depth": 128,
          "max_boundary_events": 512
        },
        "analysis_started": true
      },
      "note": null
    },
    {
      "id": 25,
      "parent": 7,
      "depth": 3,
      "total_edits": 3,
      "program_fingerprint": "b29c82f34d8b07f4",
      "incoming": {
        "module": "main",
        "function": "u3ba",
        "changes": [
          {
            "kind": "swap_statements",
            "a": "s1",
            "b": "s2"
          }
        ],
        "provenance": [
          {
            "description": "heuristic: swap an adjacent pair of mutex acquisitions"
          }
        ],
        "original_function_hash": "9850bcd12215372d",
        "parent_fingerprint": "7e78b5aa4e7d961c",
        "program_fingerprint": "b29c82f34d8b07f4"
      },
      "report": {
        "outcome": "FAIL",
        "complete": true,
        "states_explored": 75155,
        "transitions_explored": 331657,
        "properties": [
          {
            "id": "no-deadlock",
            "outcome": "FAIL",
            "detail": "a reachable state has no enabled step and unfinished threads"
          },
          {
            "id": "preserved: main::u1ab completes",
            "outcome": "PASS",
            "detail": "preserved reachability: completed(f1)"
          },
          {
            "id": "preserved: main::u1ba completes",
            "outcome": "PASS",
            "detail": "preserved reachability: completed(f2)"
          },
          {
            "id": "preserved: main::u2ab completes",
            "outcome": "PASS",
            "detail": "preserved reachability: completed(f3)"
          },
          {
            "id": "preserved: main::u2ba completes",
            "outcome": "PASS",
            "detail": "preserved reachability: completed(f4)"
          },
          {
            "id": "preserved: main::u3ab completes",
            "outcome": "PASS",
            "detail": "preserved reachability: completed(f5)"
          },
          {
            "id": "preserved: main::u3ba completes",
            "outcome": "PASS",
            "detail": "preserved reachability: completed(f6)"
          }
        ],
        "diagnostics": [
          {
            "property": "no-deadlock",
            "outcome": "FAIL",
            "message": "reachable global deadlock",
            "complete": true,
            "counterexample": [
              {
                "origin": {
                  "module": 0,
                  "function": 0,
                  "sid": 0,
                  "phase": "statement"
                },
                "thread": 0,
                "frame": 0
              },
              {
                "origin": {
                  "module": 0,
                  "function": 1,
                  "sid": 0,
                  "phase": "statement"
                },
                "thread": 1,
                "frame": 1
              },
              {
                "origin": {
                  "module": 0,
                  "function": 2,
                  "sid": 0,
                  "phase": "statement"
                },
                "thread": 2,
                "frame": 2
              },
              {
                "origin": {
                  "module": 0,
                  "function": 1,
                  "sid": 1,
                  "phase": "statement"
                },
                "thread": 1,
                "frame": 1
              },
              {
                "origin": {
                  "module": 0,
                  "function": 2,
                  "sid": 1,
                  "phase": "statement"
                },
                "thread": 2,
                "frame": 2
              },
              {
                "origin": {
                  "module": 0,
                  "function": 3,
                  "sid": 0,
                  "phase": "statement"
                },
                "thread": 3,
                "frame": 3
              },
              {
                "origin": {
                  "module": 0,
                  "function": 4,
                  "sid": 0,
                  "phase": "statement"
                },
                "thread": 4,
                "frame": 4
              },
              {
                "origin": {
                  "module": 0,
                  "function": 3,
                  "sid": 1,
                  "phase": "statement"
                },
                "thread": 3,
                "frame": 3
              },
              {
                "origin": {
                  "module": 0,
                  "function": 4,
                  "sid": 1,
                  "phase": "statement"
                },
                "thread": 4,
                "frame": 4
              },
              {
                "origin": {
                  "module": 0,
                  "function": 5,
                  "sid": 0,
                  "phase": "statement"
                },
                "thread": 5,
                "frame": 5
              },
              {
                "origin": {
                  "module": 0,
                  "function": 5,
                  "sid": 1,
                  "phase": "statement"
                },
                "thread": 5,
                "frame": 5
              },
              {
                "origin": {
                  "module": 0,
                  "function": 5,
                  "sid": 2,
                  "phase": "statement"
                },
                "thread": 5,
                "frame": 5
              },
              {
                "origin": {
                  "module": 0,
                  "function": 5,
                  "sid": 3,
                  "phase": "statement"
                },
                "thread": 5,
                "frame": 5
              },
              {
                "origin": {
                  "module": 0,
                  "function": 5,
                  "sid": 4,
                  "phase": "statement"
                },
                "thread": 5,
                "frame": 5
              },
              {
                "origin": {
                  "module": 0,
                  "function": 6,
                  "sid": 0,
                  "phase": "statement"
                },
                "thread": 6,
                "frame": 6
              },
              {
                "origin": {
                  "module": 0,
                  "function": 6,
                  "sid": 1,
                  "phase": "statement"
                },
                "thread": 6,
                "frame": 6
              },
              {
                "origin": {
                  "module": 0,
                  "function": 6,
                  "sid": 2,
                  "phase": "statement"
                },
                "thread": 6,
                "frame": 6
              },
              {
                "origin": {
                  "module": 0,
                  "function": 6,
                  "sid": 3,
                  "phase": "statement"
                },
                "thread": 6,
                "frame": 6
              },
              {
                "origin": {
                  "module": 0,
                  "function": 6,
                  "sid": 4,
                  "phase": "statement"
                },
                "thread": 6,
                "frame": 6
              }
            ],
            "final_instances": [
              {
                "thread": 0,
                "frame": 0,
                "function": 0,
                "sid": 0,
                "status": "running"
              },
              {
                "thread": 1,
                "frame": 1,
                "function": 1,
                "sid": 1,
                "status": "running"
              },
              {
                "thread": 2,
                "frame": 2,
                "function": 2,
                "sid": 1,
                "status": "running"
              },
              {
                "thread": 3,
                "frame": 3,
                "function": 3,
                "sid": 1,
                "status": "running"
              },
              {
                "thread": 4,
                "frame": 4,
                "function": 4,
                "sid": 1,
                "status": "running"
              },
              {
                "thread": 5,
                "frame": null,
                "function": 5,
                "sid": null,
                "status": "finished"
              },
              {
                "thread": 6,
                "frame": null,
                "function": 6,
                "sid": null,
                "status": "finished"
              }
            ],
            "blocked": [
              {
                "thread": 0,
                "kind": "scope",
                "resource": null,
                "resource_name": null,
                "holder": null,
                "waiting": 0,
                "detail": "waiting for scope members"
              },
              {
                "thread": 1,
                "kind": "lock",
                "resource": 0,
                "resource_name": "main::a",
                "holder": 2,
                "waiting": 1,
                "detail": "waiting for a lock"
              },
              {
                "thread": 2,
                "kind": "lock",
                "resource": 1,
                "resource_name": "main::b",
                "holder": 1,
                "waiting": 1,
                "detail": "waiting for a lock"
              },
              {
                "thread": 3,
                "kind": "lock",
                "resource": 3,
                "resource_name": "main::d",
                "holder": 4,
                "waiting": 1,
                "detail": "waiting for a lock"
              },
              {
                "thread": 4,
                "kind": "lock",
                "resource": 2,
                "resource_name": "main::c",
                "holder": 3,
                "waiting": 1,
                "detail": "waiting for a lock"
              }
            ],
            "cir_statements": [
              {
                "module": "main",
                "function": "main",
                "sid": "s1"
              },
              {
                "module": "main",
                "function": "u1ab",
                "sid": "s1"
              },
              {
                "module": "main",
                "function": "u1ba",
                "sid": "s1"
              },
              {
                "module": "main",
                "function": "u2ab",
                "sid": "s2"
              },
              {
                "module": "main",
                "function": "u2ba",
                "sid": "s2"
              },
              {
                "module": "main",
                "function": "u3ab",
                "sid": null
              },
              {
                "module": "main",
                "function": "u3ba",
                "sid": null
              }
            ],
            "proven_facts": [
              "reached a counterexample state after 19 step(s)",
              "explored 75155 reachable states"
            ],
            "repair_hints": [
              "check lock acquisition order, channel capacity, and missing notify/join"
            ]
          }
        ],
        "boundary_events": [],
        "unsupported": [],
        "invalid": [],
        "model_fingerprint": "b29c82f34d8b07f4",
        "contract_fingerprint": "d77beaef151c4a46",
        "assumptions": {
          "sequential_consistency": true,
          "no_spurious_wakeups": true
        },
        "bounds": {
          "max_threads": 16,
          "max_frames_per_thread": 16,
          "max_states": 200000,
          "max_depth": 128,
          "max_boundary_events": 512
        },
        "analysis_started": true
      },
      "note": null
    },
    {
      "id": 26,
      "parent": 8,
      "depth": 3,
      "total_edits": 3,
      "program_fingerprint": "a141081cf2a8b228",
      "incoming": {
        "module": "main",
        "function": "u2ba",
        "changes": [
          {
            "kind": "swap_statements",
            "a": "s1",
            "b": "s2"
          }
        ],
        "provenance": [
          {
            "description": "heuristic: swap an adjacent pair of mutex acquisitions"
          }
        ],
        "original_function_hash": "f6c08a6df755d470",
        "parent_fingerprint": "820823ef5d5baa34",
        "program_fingerprint": "a141081cf2a8b228"
      },
      "report": {
        "outcome": "FAIL",
        "complete": true,
        "states_explored": 75155,
        "transitions_explored": 331657,
        "properties": [
          {
            "id": "no-deadlock",
            "outcome": "FAIL",
            "detail": "a reachable state has no enabled step and unfinished threads"
          },
          {
            "id": "preserved: main::u1ab completes",
            "outcome": "PASS",
            "detail": "preserved reachability: completed(f1)"
          },
          {
            "id": "preserved: main::u1ba completes",
            "outcome": "PASS",
            "detail": "preserved reachability: completed(f2)"
          },
          {
            "id": "preserved: main::u2ab completes",
            "outcome": "PASS",
            "detail": "preserved reachability: completed(f3)"
          },
          {
            "id": "preserved: main::u2ba completes",
            "outcome": "PASS",
            "detail": "preserved reachability: completed(f4)"
          },
          {
            "id": "preserved: main::u3ab completes",
            "outcome": "PASS",
            "detail": "preserved reachability: completed(f5)"
          },
          {
            "id": "preserved: main::u3ba completes",
            "outcome": "PASS",
            "detail": "preserved reachability: completed(f6)"
          }
        ],
        "diagnostics": [
          {
            "property": "no-deadlock",
            "outcome": "FAIL",
            "message": "reachable global deadlock",
            "complete": true,
            "counterexample": [
              {
                "origin": {
                  "module": 0,
                  "function": 0,
                  "sid": 0,
                  "phase": "statement"
                },
                "thread": 0,
                "frame": 0
              },
              {
                "origin": {
                  "module": 0,
                  "function": 1,
                  "sid": 0,
                  "phase": "statement"
                },
                "thread": 1,
                "frame": 1
              },
              {
                "origin": {
                  "module": 0,
                  "function": 1,
                  "sid": 1,
                  "phase": "statement"
                },
                "thread": 1,
                "frame": 1
              },
              {
                "origin": {
                  "module": 0,
                  "function": 1,
                  "sid": 2,
                  "phase": "statement"
                },
                "thread": 1,
                "frame": 1
              },
              {
                "origin": {
                  "module": 0,
                  "function": 1,
                  "sid": 3,
                  "phase": "statement"
                },
                "thread": 1,
                "frame": 1
              },
              {
                "origin": {
                  "module": 0,
                  "function": 1,
                  "sid": 4,
                  "phase": "statement"
                },
                "thread": 1,
                "frame": 1
              },
              {
                "origin": {
                  "module": 0,
                  "function": 2,
                  "sid": 0,
                  "phase": "statement"
                },
                "thread": 2,
                "frame": 2
              },
              {
                "origin": {
                  "module": 0,
                  "function": 2,
                  "sid": 1,
                  "phase": "statement"
                },
                "thread": 2,
                "frame": 2
              },
              {
                "origin": {
                  "module": 0,
                  "function": 2,
                  "sid": 2,
                  "phase": "statement"
                },
                "thread": 2,
                "frame": 2
              },
              {
                "origin": {
                  "module": 0,
                  "function": 2,
                  "sid": 3,
                  "phase": "statement"
                },
                "thread": 2,
                "frame": 2
              },
              {
                "origin": {
                  "module": 0,
                  "function": 2,
                  "sid": 4,
                  "phase": "statement"
                },
                "thread": 2,
                "frame": 2
              },
              {
                "origin": {
                  "module": 0,
                  "function": 3,
                  "sid": 0,
                  "phase": "statement"
                },
                "thread": 3,
                "frame": 3
              },
              {
                "origin": {
                  "module": 0,
                  "function": 4,
                  "sid": 0,
                  "phase": "statement"
                },
                "thread": 4,
                "frame": 4
              },
              {
                "origin": {
                  "module": 0,
                  "function": 3,
                  "sid": 1,
                  "phase": "statement"
                },
                "thread": 3,
                "frame": 3
              },
              {
                "origin": {
                  "module": 0,
                  "function": 4,
                  "sid": 1,
                  "phase": "statement"
                },
                "thread": 4,
                "frame": 4
              },
              {
                "origin": {
                  "module": 0,
                  "function": 5,
                  "sid": 0,
                  "phase": "statement"
                },
                "thread": 5,
                "frame": 5
              },
              {
                "origin": {
                  "module": 0,
                  "function": 6,
                  "sid": 0,
                  "phase": "statement"
                },
                "thread": 6,
                "frame": 6
              },
              {
                "origin": {
                  "module": 0,
                  "function": 5,
                  "sid": 1,
                  "phase": "statement"
                },
                "thread": 5,
                "frame": 5
              },
              {
                "origin": {
                  "module": 0,
                  "function": 6,
                  "sid": 1,
                  "phase": "statement"
                },
                "thread": 6,
                "frame": 6
              }
            ],
            "final_instances": [
              {
                "thread": 0,
                "frame": 0,
                "function": 0,
                "sid": 0,
                "status": "running"
              },
              {
                "thread": 1,
                "frame": null,
                "function": 1,
                "sid": null,
                "status": "finished"
              },
              {
                "thread": 2,
                "frame": null,
                "function": 2,
                "sid": null,
                "status": "finished"
              },
              {
                "thread": 3,
                "frame": 3,
                "function": 3,
                "sid": 1,
                "status": "running"
              },
              {
                "thread": 4,
                "frame": 4,
                "function": 4,
                "sid": 1,
                "status": "running"
              },
              {
                "thread": 5,
                "frame": 5,
                "function": 5,
                "sid": 1,
                "status": "running"
              },
              {
                "thread": 6,
                "frame": 6,
                "function": 6,
                "sid": 1,
                "status": "running"
              }
            ],
            "blocked": [
              {
                "thread": 0,
                "kind": "scope",
                "resource": null,
                "resource_name": null,
                "holder": null,
                "waiting": 0,
                "detail": "waiting for scope members"
              },
              {
                "thread": 3,
                "kind": "lock",
                "resource": 2,
                "resource_name": "main::c",
                "holder": 4,
                "waiting": 1,
                "detail": "waiting for a lock"
              },
              {
                "thread": 4,
                "kind": "lock",
                "resource": 3,
                "resource_name": "main::d",
                "holder": 3,
                "waiting": 1,
                "detail": "waiting for a lock"
              },
              {
                "thread": 5,
                "kind": "lock",
                "resource": 5,
                "resource_name": "main::f",
                "holder": 6,
                "waiting": 1,
                "detail": "waiting for a lock"
              },
              {
                "thread": 6,
                "kind": "lock",
                "resource": 4,
                "resource_name": "main::e",
                "holder": 5,
                "waiting": 1,
                "detail": "waiting for a lock"
              }
            ],
            "cir_statements": [
              {
                "module": "main",
                "function": "main",
                "sid": "s1"
              },
              {
                "module": "main",
                "function": "u1ab",
                "sid": null
              },
              {
                "module": "main",
                "function": "u1ba",
                "sid": null
              },
              {
                "module": "main",
                "function": "u2ab",
                "sid": "s1"
              },
              {
                "module": "main",
                "function": "u2ba",
                "sid": "s1"
              },
              {
                "module": "main",
                "function": "u3ab",
                "sid": "s2"
              },
              {
                "module": "main",
                "function": "u3ba",
                "sid": "s2"
              }
            ],
            "proven_facts": [
              "reached a counterexample state after 19 step(s)",
              "explored 75155 reachable states"
            ],
            "repair_hints": [
              "check lock acquisition order, channel capacity, and missing notify/join"
            ]
          }
        ],
        "boundary_events": [],
        "unsupported": [],
        "invalid": [],
        "model_fingerprint": "a141081cf2a8b228",
        "contract_fingerprint": "d77beaef151c4a46",
        "assumptions": {
          "sequential_consistency": true,
          "no_spurious_wakeups": true
        },
        "bounds": {
          "max_threads": 16,
          "max_frames_per_thread": 16,
          "max_states": 200000,
          "max_depth": 128,
          "max_boundary_events": 512
        },
        "analysis_started": true
      },
      "note": null
    },
    {
      "id": 27,
      "parent": 8,
      "depth": 3,
      "total_edits": 3,
      "program_fingerprint": "5d008700eeaf9960",
      "incoming": {
        "module": "main",
        "function": "u3ab",
        "changes": [
          {
            "kind": "swap_statements",
            "a": "s1",
            "b": "s2"
          }
        ],
        "provenance": [
          {
            "description": "heuristic: swap an adjacent pair of mutex acquisitions"
          }
        ],
        "original_function_hash": "47fa1c7df0ba80b3",
        "parent_fingerprint": "820823ef5d5baa34",
        "program_fingerprint": "5d008700eeaf9960"
      },
      "report": {
        "outcome": "PASS",
        "complete": true,
        "states_explored": 68923,
        "transitions_explored": 307625,
        "properties": [
          {
            "id": "no-deadlock",
            "outcome": "PASS",
            "detail": "no deadlock state reachable"
          },
          {
            "id": "preserved: main::u1ab completes",
            "outcome": "PASS",
            "detail": "preserved reachability: completed(f1)"
          },
          {
            "id": "preserved: main::u1ba completes",
            "outcome": "PASS",
            "detail": "preserved reachability: completed(f2)"
          },
          {
            "id": "preserved: main::u2ab completes",
            "outcome": "PASS",
            "detail": "preserved reachability: completed(f3)"
          },
          {
            "id": "preserved: main::u2ba completes",
            "outcome": "PASS",
            "detail": "preserved reachability: completed(f4)"
          },
          {
            "id": "preserved: main::u3ab completes",
            "outcome": "PASS",
            "detail": "preserved reachability: completed(f5)"
          },
          {
            "id": "preserved: main::u3ba completes",
            "outcome": "PASS",
            "detail": "preserved reachability: completed(f6)"
          }
        ],
        "diagnostics": [],
        "boundary_events": [],
        "unsupported": [],
        "invalid": [],
        "model_fingerprint": "5d008700eeaf9960",
        "contract_fingerprint": "d77beaef151c4a46",
        "assumptions": {
          "sequential_consistency": true,
          "no_spurious_wakeups": true
        },
        "bounds": {
          "max_threads": 16,
          "max_frames_per_thread": 16,
          "max_states": 200000,
          "max_depth": 128,
          "max_boundary_events": 512
        },
        "analysis_started": true
      },
      "note": "accepted"
    }
  ],
  "attempts": [
    {
      "id": 0,
      "parent": 0,
      "patch": {
        "id": "lockorder:main:u1ab:s1-s2",
        "module": "main",
        "function": "u1ab",
        "original_hash": "317c6037f3ac90cd",
        "changes": [
          {
            "kind": "swap_statements",
            "a": "s1",
            "b": "s2"
          }
        ],
        "provenance": [
          {
            "description": "heuristic: swap an adjacent pair of mutex acquisitions"
          }
        ]
      },
      "result": "verified",
      "reused_node": null,
      "program_fingerprint": "7ada0ab20f788694",
      "outcome": "FAIL",
      "reason": null
    },
    {
      "id": 1,
      "parent": 0,
      "patch": {
        "id": "lockorder:main:u1ba:s1-s2",
        "module": "main",
        "function": "u1ba",
        "original_hash": "5a951e489212d31f",
        "changes": [
          {
            "kind": "swap_statements",
            "a": "s1",
            "b": "s2"
          }
        ],
        "provenance": [
          {
            "description": "heuristic: swap an adjacent pair of mutex acquisitions"
          }
        ]
      },
      "result": "verified",
      "reused_node": null,
      "program_fingerprint": "dba48c97cb3d0f80",
      "outcome": "FAIL",
      "reason": null
    },
    {
      "id": 2,
      "parent": 0,
      "patch": {
        "id": "lockorder:main:u2ab:s1-s2",
        "module": "main",
        "function": "u2ab",
        "original_hash": "63befec22f97498e",
        "changes": [
          {
            "kind": "swap_statements",
            "a": "s1",
            "b": "s2"
          }
        ],
        "provenance": [
          {
            "description": "heuristic: swap an adjacent pair of mutex acquisitions"
          }
        ]
      },
      "result": "verified",
      "reused_node": null,
      "program_fingerprint": "f464acb2d35abb38",
      "outcome": "FAIL",
      "reason": null
    },
    {
      "id": 3,
      "parent": 0,
      "patch": {
        "id": "lockorder:main:u2ba:s1-s2",
        "module": "main",
        "function": "u2ba",
        "original_hash": "f6c08a6df755d470",
        "changes": [
          {
            "kind": "swap_statements",
            "a": "s1",
            "b": "s2"
          }
        ],
        "provenance": [
          {
            "description": "heuristic: swap an adjacent pair of mutex acquisitions"
          }
        ]
      },
      "result": "verified",
      "reused_node": null,
      "program_fingerprint": "5e84e803d1c56c1c",
      "outcome": "FAIL",
      "reason": null
    },
    {
      "id": 4,
      "parent": 0,
      "patch": {
        "id": "lockorder:main:u3ab:s1-s2",
        "module": "main",
        "function": "u3ab",
        "original_hash": "47fa1c7df0ba80b3",
        "changes": [
          {
            "kind": "swap_statements",
            "a": "s1",
            "b": "s2"
          }
        ],
        "provenance": [
          {
            "description": "heuristic: swap an adjacent pair of mutex acquisitions"
          }
        ]
      },
      "result": "verified",
      "reused_node": null,
      "program_fingerprint": "260f5941f3879bb4",
      "outcome": "FAIL",
      "reason": null
    },
    {
      "id": 5,
      "parent": 0,
      "patch": {
        "id": "lockorder:main:u3ba:s1-s2",
        "module": "main",
        "function": "u3ba",
        "original_hash": "9850bcd12215372d",
        "changes": [
          {
            "kind": "swap_statements",
            "a": "s1",
            "b": "s2"
          }
        ],
        "provenance": [
          {
            "description": "heuristic: swap an adjacent pair of mutex acquisitions"
          }
        ]
      },
      "result": "verified",
      "reused_node": null,
      "program_fingerprint": "a05c1b4990d56550",
      "outcome": "FAIL",
      "reason": null
    },
    {
      "id": 6,
      "parent": 1,
      "patch": {
        "id": "lockorder:main:u1ab:s2-s1",
        "module": "main",
        "function": "u1ab",
        "original_hash": "aa57615f3fa435e1",
        "changes": [
          {
            "kind": "swap_statements",
            "a": "s2",
            "b": "s1"
          }
        ],
        "provenance": [
          {
            "description": "heuristic: swap an adjacent pair of mutex acquisitions"
          }
        ]
      },
      "result": "reused",
      "reused_node": 0,
      "program_fingerprint": "0758e5f1fb57eda8",
      "outcome": "FAIL",
      "reason": "equivalent candidate already verified"
    },
    {
      "id": 7,
      "parent": 1,
      "patch": {
        "id": "lockorder:main:u1ba:s1-s2",
        "module": "main",
        "function": "u1ba",
        "original_hash": "5a951e489212d31f",
        "changes": [
          {
            "kind": "swap_statements",
            "a": "s1",
            "b": "s2"
          }
        ],
        "provenance": [
          {
            "description": "heuristic: swap an adjacent pair of mutex acquisitions"
          }
        ]
      },
      "result": "verified",
      "reused_node": null,
      "program_fingerprint": "7e78b5aa4e7d961c",
      "outcome": "FAIL",
      "reason": null
    },
    {
      "id": 8,
      "parent": 1,
      "patch": {
        "id": "lockorder:main:u2ab:s1-s2",
        "module": "main",
        "function": "u2ab",
        "original_hash": "63befec22f97498e",
        "changes": [
          {
            "kind": "swap_statements",
            "a": "s1",
            "b": "s2"
          }
        ],
        "provenance": [
          {
            "description": "heuristic: swap an adjacent pair of mutex acquisitions"
          }
        ]
      },
      "result": "verified",
      "reused_node": null,
      "program_fingerprint": "820823ef5d5baa34",
      "outcome": "FAIL",
      "reason": null
    },
    {
      "id": 9,
      "parent": 1,
      "patch": {
        "id": "lockorder:main:u2ba:s1-s2",
        "module": "main",
        "function": "u2ba",
        "original_hash": "f6c08a6df755d470",
        "changes": [
          {
            "kind": "swap_statements",
            "a": "s1",
            "b": "s2"
          }
        ],
        "provenance": [
          {
            "description": "heuristic: swap an adjacent pair of mutex acquisitions"
          }
        ]
      },
      "result": "verified",
      "reused_node": null,
      "program_fingerprint": "7740aeb72403af08",
      "outcome": "FAIL",
      "reason": null
    },
    {
      "id": 10,
      "parent": 1,
      "patch": {
        "id": "lockorder:main:u3ab:s1-s2",
        "module": "main",
        "function": "u3ab",
        "original_hash": "47fa1c7df0ba80b3",
        "changes": [
          {
            "kind": "swap_statements",
            "a": "s1",
            "b": "s2"
          }
        ],
        "provenance": [
          {
            "description": "heuristic: swap an adjacent pair of mutex acquisitions"
          }
        ]
      },
      "result": "verified",
      "reused_node": null,
      "program_fingerprint": "baefa44051975140",
      "outcome": "FAIL",
      "reason": null
    },
    {
      "id": 11,
      "parent": 1,
      "patch": {
        "id": "lockorder:main:u3ba:s1-s2",
        "module": "main",
        "function": "u3ba",
        "original_hash": "9850bcd12215372d",
        "changes": [
          {
            "kind": "swap_statements",
            "a": "s1",
            "b": "s2"
          }
        ],
        "provenance": [
          {
            "description": "heuristic: swap an adjacent pair of mutex acquisitions"
          }
        ]
      },
      "result": "verified",
      "reused_node": null,
      "program_fingerprint": "4d18ad7b9a1f64ac",
      "outcome": "FAIL",
      "reason": null
    },
    {
      "id": 12,
      "parent": 2,
      "patch": {
        "id": "lockorder:main:u1ab:s1-s2",
        "module": "main",
        "function": "u1ab",
        "original_hash": "317c6037f3ac90cd",
        "changes": [
          {
            "kind": "swap_statements",
            "a": "s1",
            "b": "s2"
          }
        ],
        "provenance": [
          {
            "description": "heuristic: swap an adjacent pair of mutex acquisitions"
          }
        ]
      },
      "result": "reused",
      "reused_node": 7,
      "program_fingerprint": "7e78b5aa4e7d961c",
      "outcome": "FAIL",
      "reason": "equivalent candidate already verified"
    },
    {
      "id": 13,
      "parent": 2,
      "patch": {
        "id": "lockorder:main:u1ba:s2-s1",
        "module": "main",
        "function": "u1ba",
        "original_hash": "db02c236b1be5a17",
        "changes": [
          {
            "kind": "swap_statements",
            "a": "s2",
            "b": "s1"
          }
        ],
        "provenance": [
          {
            "description": "heuristic: swap an adjacent pair of mutex acquisitions"
          }
        ]
      },
      "result": "reused",
      "reused_node": 0,
      "program_fingerprint": "0758e5f1fb57eda8",
      "outcome": "FAIL",
      "reason": "equivalent candidate already verified"
    },
    {
      "id": 14,
      "parent": 2,
      "patch": {
        "id": "lockorder:main:u2ab:s1-s2",
        "module": "main",
        "function": "u2ab",
        "original_hash": "63befec22f97498e",
        "changes": [
          {
            "kind": "swap_statements",
            "a": "s1",
            "b": "s2"
          }
        ],
        "provenance": [
          {
            "description": "heuristic: swap an adjacent pair of mutex acquisitions"
          }
        ]
      },
      "result": "verified",
      "reused_node": null,
      "program_fingerprint": "864387fb17493f70",
      "outcome": "FAIL",
      "reason": null
    },
    {
      "id": 15,
      "parent": 2,
      "patch": {
        "id": "lockorder:main:u2ba:s1-s2",
        "module": "main",
        "function": "u2ba",
        "original_hash": "f6c08a6df755d470",
        "changes": [
          {
            "kind": "swap_statements",
            "a": "s1",
            "b": "s2"
          }
        ],
        "provenance": [
          {
            "description": "heuristic: swap an adjacent pair of mutex acquisitions"
          }
        ]
      },
      "result": "verified",
      "reused_node": null,
      "program_fingerprint": "bf2b2fa0dfdaa994",
      "outcome": "FAIL",
      "reason": null
    },
    {
      "id": 16,
      "parent": 2,
      "patch": {
        "id": "lockorder:main:u3ab:s1-s2",
        "module": "main",
        "function": "u3ab",
        "original_hash": "47fa1c7df0ba80b3",
        "changes": [
          {
            "kind": "swap_statements",
            "a": "s1",
            "b": "s2"
          }
        ],
        "provenance": [
          {
            "description": "heuristic: swap an adjacent pair of mutex acquisitions"
          }
        ]
      },
      "result": "verified",
      "reused_node": null,
      "program_fingerprint": "a6435e9ca2158c6c",
      "outcome": "FAIL",
      "reason": null
    },
    {
      "id": 17,
      "parent": 2,
      "patch": {
        "id": "lockorder:main:u3ba:s1-s2",
        "module": "main",
        "function": "u3ba",
        "original_hash": "9850bcd12215372d",
        "changes": [
          {
            "kind": "swap_statements",
            "a": "s1",
            "b": "s2"
          }
        ],
        "provenance": [
          {
            "description": "heuristic: swap an adjacent pair of mutex acquisitions"
          }
        ]
      },
      "result": "verified",
      "reused_node": null,
      "program_fingerprint": "ccb0acf2f6038088",
      "outcome": "FAIL",
      "reason": null
    },
    {
      "id": 18,
      "parent": 3,
      "patch": {
        "id": "lockorder:main:u1ab:s1-s2",
        "module": "main",
        "function": "u1ab",
        "original_hash": "317c6037f3ac90cd",
        "changes": [
          {
            "kind": "swap_statements",
            "a": "s1",
            "b": "s2"
          }
        ],
        "provenance": [
          {
            "description": "heuristic: swap an adjacent pair of mutex acquisitions"
          }
        ]
      },
      "result": "reused",
      "reused_node": 8,
      "program_fingerprint": "820823ef5d5baa34",
      "outcome": "FAIL",
      "reason": "equivalent candidate already verified"
    },
    {
      "id": 19,
      "parent": 3,
      "patch": {
        "id": "lockorder:main:u1ba:s1-s2",
        "module": "main",
        "function": "u1ba",
        "original_hash": "5a951e489212d31f",
        "changes": [
          {
            "kind": "swap_statements",
            "a": "s1",
            "b": "s2"
          }
        ],
        "provenance": [
          {
            "description": "heuristic: swap an adjacent pair of mutex acquisitions"
          }
        ]
      },
      "result": "reused",
      "reused_node": 12,
      "program_fingerprint": "864387fb17493f70",
      "outcome": "FAIL",
      "reason": "equivalent candidate already verified"
    },
    {
      "id": 20,
      "parent": 3,
      "patch": {
        "id": "lockorder:main:u2ab:s2-s1",
        "module": "main",
        "function": "u2ab",
        "original_hash": "5e04ebaaab0ad46e",
        "changes": [
          {
            "kind": "swap_statements",
            "a": "s2",
            "b": "s1"
          }
        ],
        "provenance": [
          {
            "description": "heuristic: swap an adjacent pair of mutex acquisitions"
          }
        ]
      },
      "result": "reused",
      "reused_node": 0,
      "program_fingerprint": "0758e5f1fb57eda8",
      "outcome": "FAIL",
      "reason": "equivalent candidate already verified"
    },
    {
      "id": 21,
      "parent": 3,
      "patch": {
        "id": "lockorder:main:u2ba:s1-s2",
        "module": "main",
        "function": "u2ba",
        "original_hash": "f6c08a6df755d470",
        "changes": [
          {
            "kind": "swap_statements",
            "a": "s1",
            "b": "s2"
          }
        ],
        "provenance": [
          {
            "description": "heuristic: swap an adjacent pair of mutex acquisitions"
          }
        ]
      },
      "result": "verified",
      "reused_node": null,
      "program_fingerprint": "e43af4aa13055b6c",
      "outcome": "FAIL",
      "reason": null
    },
    {
      "id": 22,
      "parent": 3,
      "patch": {
        "id": "lockorder:main:u3ab:s1-s2",
        "module": "main",
        "function": "u3ab",
        "original_hash": "47fa1c7df0ba80b3",
        "changes": [
          {
            "kind": "swap_statements",
            "a": "s1",
            "b": "s2"
          }
        ],
        "provenance": [
          {
            "description": "heuristic: swap an adjacent pair of mutex acquisitions"
          }
        ]
      },
      "result": "verified",
      "reused_node": null,
      "program_fingerprint": "7fd4b75232490a04",
      "outcome": "FAIL",
      "reason": null
    },
    {
      "id": 23,
      "parent": 3,
      "patch": {
        "id": "lockorder:main:u3ba:s1-s2",
        "module": "main",
        "function": "u3ba",
        "original_hash": "9850bcd12215372d",
        "changes": [
          {
            "kind": "swap_statements",
            "a": "s1",
            "b": "s2"
          }
        ],
        "provenance": [
          {
            "description": "heuristic: swap an adjacent pair of mutex acquisitions"
          }
        ]
      },
      "result": "verified",
      "reused_node": null,
      "program_fingerprint": "f1cd23ec3357a6e0",
      "outcome": "FAIL",
      "reason": null
    },
    {
      "id": 24,
      "parent": 4,
      "patch": {
        "id": "lockorder:main:u1ab:s1-s2",
        "module": "main",
        "function": "u1ab",
        "original_hash": "317c6037f3ac90cd",
        "changes": [
          {
            "kind": "swap_statements",
            "a": "s1",
            "b": "s2"
          }
        ],
        "provenance": [
          {
            "description": "heuristic: swap an adjacent pair of mutex acquisitions"
          }
        ]
      },
      "result": "reused",
      "reused_node": 9,
      "program_fingerprint": "7740aeb72403af08",
      "outcome": "FAIL",
      "reason": "equivalent candidate already verified"
    },
    {
      "id": 25,
      "parent": 4,
      "patch": {
        "id": "lockorder:main:u1ba:s1-s2",
        "module": "main",
        "function": "u1ba",
        "original_hash": "5a951e489212d31f",
        "changes": [
          {
            "kind": "swap_statements",
            "a": "s1",
            "b": "s2"
          }
        ],
        "provenance": [
          {
            "description": "heuristic: swap an adjacent pair of mutex acquisitions"
          }
        ]
      },
      "result": "reused",
      "reused_node": 13,
      "program_fingerprint": "bf2b2fa0dfdaa994",
      "outcome": "FAIL",
      "reason": "equivalent candidate already verified"
    },
    {
      "id": 26,
      "parent": 4,
      "patch": {
        "id": "lockorder:main:u2ab:s1-s2",
        "module": "main",
        "function": "u2ab",
        "original_hash": "63befec22f97498e",
        "changes": [
          {
            "kind": "swap_statements",
            "a": "s1",
            "b": "s2"
          }
        ],
        "provenance": [
          {
            "description": "heuristic: swap an adjacent pair of mutex acquisitions"
          }
        ]
      },
      "result": "reused",
      "reused_node": 16,
      "program_fingerprint": "e43af4aa13055b6c",
      "outcome": "FAIL",
      "reason": "equivalent candidate already verified"
    },
    {
      "id": 27,
      "parent": 4,
      "patch": {
        "id": "lockorder:main:u2ba:s2-s1",
        "module": "main",
        "function": "u2ba",
        "original_hash": "4d709a778a2ea19c",
        "changes": [
          {
            "kind": "swap_statements",
            "a": "s2",
            "b": "s1"
          }
        ],
        "provenance": [
          {
            "description": "heuristic: swap an adjacent pair of mutex acquisitions"
          }
        ]
      },
      "result": "reused",
      "reused_node": 0,
      "program_fingerprint": "0758e5f1fb57eda8",
      "outcome": "FAIL",
      "reason": "equivalent candidate already verified"
    },
    {
      "id": 28,
      "parent": 4,
      "patch": {
        "id": "lockorder:main:u3ab:s1-s2",
        "module": "main",
        "function": "u3ab",
        "original_hash": "47fa1c7df0ba80b3",
        "changes": [
          {
            "kind": "swap_statements",
            "a": "s1",
            "b": "s2"
          }
        ],
        "provenance": [
          {
            "description": "heuristic: swap an adjacent pair of mutex acquisitions"
          }
        ]
      },
      "result": "verified",
      "reused_node": null,
      "program_fingerprint": "9db12eae91ff0ea8",
      "outcome": "FAIL",
      "reason": null
    },
    {
      "id": 29,
      "parent": 4,
      "patch": {
        "id": "lockorder:main:u3ba:s1-s2",
        "module": "main",
        "function": "u3ba",
        "original_hash": "9850bcd12215372d",
        "changes": [
          {
            "kind": "swap_statements",
            "a": "s1",
            "b": "s2"
          }
        ],
        "provenance": [
          {
            "description": "heuristic: swap an adjacent pair of mutex acquisitions"
          }
        ]
      },
      "result": "verified",
      "reused_node": null,
      "program_fingerprint": "92a8b54cd0d2ddf4",
      "outcome": "FAIL",
      "reason": null
    },
    {
      "id": 30,
      "parent": 5,
      "patch": {
        "id": "lockorder:main:u1ab:s1-s2",
        "module": "main",
        "function": "u1ab",
        "original_hash": "317c6037f3ac90cd",
        "changes": [
          {
            "kind": "swap_statements",
            "a": "s1",
            "b": "s2"
          }
        ],
        "provenance": [
          {
            "description": "heuristic: swap an adjacent pair of mutex acquisitions"
          }
        ]
      },
      "result": "reused",
      "reused_node": 10,
      "program_fingerprint": "baefa44051975140",
      "outcome": "FAIL",
      "reason": "equivalent candidate already verified"
    },
    {
      "id": 31,
      "parent": 5,
      "patch": {
        "id": "lockorder:main:u1ba:s1-s2",
        "module": "main",
        "function": "u1ba",
        "original_hash": "5a951e489212d31f",
        "changes": [
          {
            "kind": "swap_statements",
            "a": "s1",
            "b": "s2"
          }
        ],
        "provenance": [
          {
            "description": "heuristic: swap an adjacent pair of mutex acquisitions"
          }
        ]
      },
      "result": "reused",
      "reused_node": 14,
      "program_fingerprint": "a6435e9ca2158c6c",
      "outcome": "FAIL",
      "reason": "equivalent candidate already verified"
    },
    {
      "id": 32,
      "parent": 5,
      "patch": {
        "id": "lockorder:main:u2ab:s1-s2",
        "module": "main",
        "function": "u2ab",
        "original_hash": "63befec22f97498e",
        "changes": [
          {
            "kind": "swap_statements",
            "a": "s1",
            "b": "s2"
          }
        ],
        "provenance": [
          {
            "description": "heuristic: swap an adjacent pair of mutex acquisitions"
          }
        ]
      },
      "result": "reused",
      "reused_node": 17,
      "program_fingerprint": "7fd4b75232490a04",
      "outcome": "FAIL",
      "reason": "equivalent candidate already verified"
    },
    {
      "id": 33,
      "parent": 5,
      "patch": {
        "id": "lockorder:main:u2ba:s1-s2",
        "module": "main",
        "function": "u2ba",
        "original_hash": "f6c08a6df755d470",
        "changes": [
          {
            "kind": "swap_statements",
            "a": "s1",
            "b": "s2"
          }
        ],
        "provenance": [
          {
            "description": "heuristic: swap an adjacent pair of mutex acquisitions"
          }
        ]
      },
      "result": "reused",
      "reused_node": 19,
      "program_fingerprint": "9db12eae91ff0ea8",
      "outcome": "FAIL",
      "reason": "equivalent candidate already verified"
    },
    {
      "id": 34,
      "parent": 5,
      "patch": {
        "id": "lockorder:main:u3ab:s2-s1",
        "module": "main",
        "function": "u3ab",
        "original_hash": "bc9741a9f9969ef7",
        "changes": [
          {
            "kind": "swap_statements",
            "a": "s2",
            "b": "s1"
          }
        ],
        "provenance": [
          {
            "description": "heuristic: swap an adjacent pair of mutex acquisitions"
          }
        ]
      },
      "result": "reused",
      "reused_node": 0,
      "program_fingerprint": "0758e5f1fb57eda8",
      "outcome": "FAIL",
      "reason": "equivalent candidate already verified"
    },
    {
      "id": 35,
      "parent": 5,
      "patch": {
        "id": "lockorder:main:u3ba:s1-s2",
        "module": "main",
        "function": "u3ba",
        "original_hash": "9850bcd12215372d",
        "changes": [
          {
            "kind": "swap_statements",
            "a": "s1",
            "b": "s2"
          }
        ],
        "provenance": [
          {
            "description": "heuristic: swap an adjacent pair of mutex acquisitions"
          }
        ]
      },
      "result": "verified",
      "reused_node": null,
      "program_fingerprint": "be468f95c7f261cc",
      "outcome": "FAIL",
      "reason": null
    },
    {
      "id": 36,
      "parent": 6,
      "patch": {
        "id": "lockorder:main:u1ab:s1-s2",
        "module": "main",
        "function": "u1ab",
        "original_hash": "317c6037f3ac90cd",
        "changes": [
          {
            "kind": "swap_statements",
            "a": "s1",
            "b": "s2"
          }
        ],
        "provenance": [
          {
            "description": "heuristic: swap an adjacent pair of mutex acquisitions"
          }
        ]
      },
      "result": "reused",
      "reused_node": 11,
      "program_fingerprint": "4d18ad7b9a1f64ac",
      "outcome": "FAIL",
      "reason": "equivalent candidate already verified"
    },
    {
      "id": 37,
      "parent": 6,
      "patch": {
        "id": "lockorder:main:u1ba:s1-s2",
        "module": "main",
        "function": "u1ba",
        "original_hash": "5a951e489212d31f",
        "changes": [
          {
            "kind": "swap_statements",
            "a": "s1",
            "b": "s2"
          }
        ],
        "provenance": [
          {
            "description": "heuristic: swap an adjacent pair of mutex acquisitions"
          }
        ]
      },
      "result": "reused",
      "reused_node": 15,
      "program_fingerprint": "ccb0acf2f6038088",
      "outcome": "FAIL",
      "reason": "equivalent candidate already verified"
    },
    {
      "id": 38,
      "parent": 6,
      "patch": {
        "id": "lockorder:main:u2ab:s1-s2",
        "module": "main",
        "function": "u2ab",
        "original_hash": "63befec22f97498e",
        "changes": [
          {
            "kind": "swap_statements",
            "a": "s1",
            "b": "s2"
          }
        ],
        "provenance": [
          {
            "description": "heuristic: swap an adjacent pair of mutex acquisitions"
          }
        ]
      },
      "result": "reused",
      "reused_node": 18,
      "program_fingerprint": "f1cd23ec3357a6e0",
      "outcome": "FAIL",
      "reason": "equivalent candidate already verified"
    },
    {
      "id": 39,
      "parent": 6,
      "patch": {
        "id": "lockorder:main:u2ba:s1-s2",
        "module": "main",
        "function": "u2ba",
        "original_hash": "f6c08a6df755d470",
        "changes": [
          {
            "kind": "swap_statements",
            "a": "s1",
            "b": "s2"
          }
        ],
        "provenance": [
          {
            "description": "heuristic: swap an adjacent pair of mutex acquisitions"
          }
        ]
      },
      "result": "reused",
      "reused_node": 20,
      "program_fingerprint": "92a8b54cd0d2ddf4",
      "outcome": "FAIL",
      "reason": "equivalent candidate already verified"
    },
    {
      "id": 40,
      "parent": 6,
      "patch": {
        "id": "lockorder:main:u3ab:s1-s2",
        "module": "main",
        "function": "u3ab",
        "original_hash": "47fa1c7df0ba80b3",
        "changes": [
          {
            "kind": "swap_statements",
            "a": "s1",
            "b": "s2"
          }
        ],
        "provenance": [
          {
            "description": "heuristic: swap an adjacent pair of mutex acquisitions"
          }
        ]
      },
      "result": "reused",
      "reused_node": 21,
      "program_fingerprint": "be468f95c7f261cc",
      "outcome": "FAIL",
      "reason": "equivalent candidate already verified"
    },
    {
      "id": 41,
      "parent": 6,
      "patch": {
        "id": "lockorder:main:u3ba:s2-s1",
        "module": "main",
        "function": "u3ba",
        "original_hash": "8626157382863a85",
        "changes": [
          {
            "kind": "swap_statements",
            "a": "s2",
            "b": "s1"
          }
        ],
        "provenance": [
          {
            "description": "heuristic: swap an adjacent pair of mutex acquisitions"
          }
        ]
      },
      "result": "reused",
      "reused_node": 0,
      "program_fingerprint": "0758e5f1fb57eda8",
      "outcome": "FAIL",
      "reason": "equivalent candidate already verified"
    },
    {
      "id": 42,
      "parent": 7,
      "patch": {
        "id": "lockorder:main:u1ab:s2-s1",
        "module": "main",
        "function": "u1ab",
        "original_hash": "aa57615f3fa435e1",
        "changes": [
          {
            "kind": "swap_statements",
            "a": "s2",
            "b": "s1"
          }
        ],
        "provenance": [
          {
            "description": "heuristic: swap an adjacent pair of mutex acquisitions"
          }
        ]
      },
      "result": "reused",
      "reused_node": 2,
      "program_fingerprint": "dba48c97cb3d0f80",
      "outcome": "FAIL",
      "reason": "equivalent candidate already verified"
    },
    {
      "id": 43,
      "parent": 7,
      "patch": {
        "id": "lockorder:main:u1ba:s2-s1",
        "module": "main",
        "function": "u1ba",
        "original_hash": "db02c236b1be5a17",
        "changes": [
          {
            "kind": "swap_statements",
            "a": "s2",
            "b": "s1"
          }
        ],
        "provenance": [
          {
            "description": "heuristic: swap an adjacent pair of mutex acquisitions"
          }
        ]
      },
      "result": "reused",
      "reused_node": 1,
      "program_fingerprint": "7ada0ab20f788694",
      "outcome": "FAIL",
      "reason": "equivalent candidate already verified"
    },
    {
      "id": 44,
      "parent": 7,
      "patch": {
        "id": "lockorder:main:u2ab:s1-s2",
        "module": "main",
        "function": "u2ab",
        "original_hash": "63befec22f97498e",
        "changes": [
          {
            "kind": "swap_statements",
            "a": "s1",
            "b": "s2"
          }
        ],
        "provenance": [
          {
            "description": "heuristic: swap an adjacent pair of mutex acquisitions"
          }
        ]
      },
      "result": "verified",
      "reused_node": null,
      "program_fingerprint": "78defde0f76d233c",
      "outcome": "FAIL",
      "reason": null
    },
    {
      "id": 45,
      "parent": 7,
      "patch": {
        "id": "lockorder:main:u2ba:s1-s2",
        "module": "main",
        "function": "u2ba",
        "original_hash": "f6c08a6df755d470",
        "changes": [
          {
            "kind": "swap_statements",
            "a": "s1",
            "b": "s2"
          }
        ],
        "provenance": [
          {
            "description": "heuristic: swap an adjacent pair of mutex acquisitions"
          }
        ]
      },
      "result": "verified",
      "reused_node": null,
      "program_fingerprint": "716f6fe8d4de6af0",
      "outcome": "FAIL",
      "reason": null
    },
    {
      "id": 46,
      "parent": 7,
      "patch": {
        "id": "lockorder:main:u3ab:s1-s2",
        "module": "main",
        "function": "u3ab",
        "original_hash": "47fa1c7df0ba80b3",
        "changes": [
          {
            "kind": "swap_statements",
            "a": "s1",
            "b": "s2"
          }
        ],
        "provenance": [
          {
            "description": "heuristic: swap an adjacent pair of mutex acquisitions"
          }
        ]
      },
      "result": "verified",
      "reused_node": null,
      "program_fingerprint": "bda4fc550eb738a8",
      "outcome": "FAIL",
      "reason": null
    },
    {
      "id": 47,
      "parent": 7,
      "patch": {
        "id": "lockorder:main:u3ba:s1-s2",
        "module": "main",
        "function": "u3ba",
        "original_hash": "9850bcd12215372d",
        "changes": [
          {
            "kind": "swap_statements",
            "a": "s1",
            "b": "s2"
          }
        ],
        "provenance": [
          {
            "description": "heuristic: swap an adjacent pair of mutex acquisitions"
          }
        ]
      },
      "result": "verified",
      "reused_node": null,
      "program_fingerprint": "b29c82f34d8b07f4",
      "outcome": "FAIL",
      "reason": null
    },
    {
      "id": 48,
      "parent": 8,
      "patch": {
        "id": "lockorder:main:u1ab:s2-s1",
        "module": "main",
        "function": "u1ab",
        "original_hash": "aa57615f3fa435e1",
        "changes": [
          {
            "kind": "swap_statements",
            "a": "s2",
            "b": "s1"
          }
        ],
        "provenance": [
          {
            "description": "heuristic: swap an adjacent pair of mutex acquisitions"
          }
        ]
      },
      "result": "reused",
      "reused_node": 3,
      "program_fingerprint": "f464acb2d35abb38",
      "outcome": "FAIL",
      "reason": "equivalent candidate already verified"
    },
    {
      "id": 49,
      "parent": 8,
      "patch": {
        "id": "lockorder:main:u1ba:s1-s2",
        "module": "main",
        "function": "u1ba",
        "original_hash": "5a951e489212d31f",
        "changes": [
          {
            "kind": "swap_statements",
            "a": "s1",
            "b": "s2"
          }
        ],
        "provenance": [
          {
            "description": "heuristic: swap an adjacent pair of mutex acquisitions"
          }
        ]
      },
      "result": "reused",
      "reused_node": 22,
      "program_fingerprint": "78defde0f76d233c",
      "outcome": "FAIL",
      "reason": "equivalent candidate already verified"
    },
    {
      "id": 50,
      "parent": 8,
      "patch": {
        "id": "lockorder:main:u2ab:s2-s1",
        "module": "main",
        "function": "u2ab",
        "original_hash": "5e04ebaaab0ad46e",
        "changes": [
          {
            "kind": "swap_statements",
            "a": "s2",
            "b": "s1"
          }
        ],
        "provenance": [
          {
            "description": "heuristic: swap an adjacent pair of mutex acquisitions"
          }
        ]
      },
      "result": "reused",
      "reused_node": 1,
      "program_fingerprint": "7ada0ab20f788694",
      "outcome": "FAIL",
      "reason": "equivalent candidate already verified"
    },
    {
      "id": 51,
      "parent": 8,
      "patch": {
        "id": "lockorder:main:u2ba:s1-s2",
        "module": "main",
        "function": "u2ba",
        "original_hash": "f6c08a6df755d470",
        "changes": [
          {
            "kind": "swap_statements",
            "a": "s1",
            "b": "s2"
          }
        ],
        "provenance": [
          {
            "description": "heuristic: swap an adjacent pair of mutex acquisitions"
          }
        ]
      },
      "result": "verified",
      "reused_node": null,
      "program_fingerprint": "a141081cf2a8b228",
      "outcome": "FAIL",
      "reason": null
    },
    {
      "id": 52,
      "parent": 8,
      "patch": {
        "id": "lockorder:main:u3ab:s1-s2",
        "module": "main",
        "function": "u3ab",
        "original_hash": "47fa1c7df0ba80b3",
        "changes": [
          {
            "kind": "swap_statements",
            "a": "s1",
            "b": "s2"
          }
        ],
        "provenance": [
          {
            "description": "heuristic: swap an adjacent pair of mutex acquisitions"
          }
        ]
      },
      "result": "verified",
      "reused_node": null,
      "program_fingerprint": "5d008700eeaf9960",
      "outcome": "PASS",
      "reason": null
    }
  ],
  "patch_chain": [
    {
      "module": "main",
      "function": "u1ab",
      "changes": [
        {
          "kind": "swap_statements",
          "a": "s1",
          "b": "s2"
        }
      ],
      "provenance": [
        {
          "description": "heuristic: swap an adjacent pair of mutex acquisitions"
        }
      ],
      "original_function_hash": "317c6037f3ac90cd",
      "parent_fingerprint": "0758e5f1fb57eda8",
      "program_fingerprint": "7ada0ab20f788694"
    },
    {
      "module": "main",
      "function": "u2ab",
      "changes": [
        {
          "kind": "swap_statements",
          "a": "s1",
          "b": "s2"
        }
      ],
      "provenance": [
        {
          "description": "heuristic: swap an adjacent pair of mutex acquisitions"
        }
      ],
      "original_function_hash": "63befec22f97498e",
      "parent_fingerprint": "7ada0ab20f788694",
      "program_fingerprint": "820823ef5d5baa34"
    },
    {
      "module": "main",
      "function": "u3ab",
      "changes": [
        {
          "kind": "swap_statements",
          "a": "s1",
          "b": "s2"
        }
      ],
      "provenance": [
        {
          "description": "heuristic: swap an adjacent pair of mutex acquisitions"
        }
      ],
      "original_function_hash": "47fa1c7df0ba80b3",
      "parent_fingerprint": "820823ef5d5baa34",
      "program_fingerprint": "5d008700eeaf9960"
    }
  ],
  "accepted_node": 27,
  "accepted_program": {
    "program": "pilot",
    "version": "3.5.0",
    "modules": [
      {
        "name": "main",
        "provides": {
          "resources": [
            "a",
            "b",
            "c",
            "d",
            "e",
            "f"
          ],
          "functions": [
            "main",
            "u1ab",
            "u1ba",
            "u2ab",
            "u2ba",
            "u3ab",
            "u3ba"
          ],
          "types": []
        },
        "requires": {
          "resources": [],
          "functions": [],
          "types": []
        },
        "resources": [
          {
            "name": "a",
            "kind": "sync",
            "type": "Mutex",
            "mode": "Sync"
          },
          {
            "name": "b",
            "kind": "sync",
            "type": "Mutex",
            "mode": "Sync"
          },
          {
            "name": "c",
            "kind": "sync",
            "type": "Mutex",
            "mode": "Sync"
          },
          {
            "name": "d",
            "kind": "sync",
            "type": "Mutex",
            "mode": "Sync"
          },
          {
            "name": "e",
            "kind": "sync",
            "type": "Mutex",
            "mode": "Sync"
          },
          {
            "name": "f",
            "kind": "sync",
            "type": "Mutex",
            "mode": "Sync"
          }
        ],
        "protection": [],
        "functions": [
          {
            "name": "main",
            "kind": "normal",
            "form": "closure",
            "body": [
              {
                "sid": "s1",
                "kind": "scope",
                "funcs": [
                  "u1ab",
                  "u1ba",
                  "u2ab",
                  "u2ba",
                  "u3ab",
                  "u3ba"
                ]
              },
              {
                "sid": "s2",
                "kind": "return"
              }
            ]
          },
          {
            "name": "u1ab",
            "kind": "normal",
            "form": "closure",
            "body": [
              {
                "sid": "s2",
                "kind": "mutex_lock",
                "resource": "b"
              },
              {
                "sid": "s1",
                "kind": "mutex_lock",
                "resource": "a"
              },
              {
                "sid": "s3",
                "kind": "mutex_unlock",
                "resource": "b"
              },
              {
                "sid": "s4",
                "kind": "mutex_unlock",
                "resource": "a"
              },
              {
                "sid": "s5",
                "kind": "return"
              }
            ]
          },
          {
            "name": "u1ba",
            "kind": "normal",
            "form": "closure",
            "body": [
              {
                "sid": "s1",
                "kind": "mutex_lock",
                "resource": "b"
              },
              {
                "sid": "s2",
                "kind": "mutex_lock",
                "resource": "a"
              },
              {
                "sid": "s3",
                "kind": "mutex_unlock",
                "resource": "a"
              },
              {
                "sid": "s4",
                "kind": "mutex_unlock",
                "resource": "b"
              },
              {
                "sid": "s5",
                "kind": "return"
              }
            ]
          },
          {
            "name": "u2ab",
            "kind": "normal",
            "form": "closure",
            "body": [
              {
                "sid": "s2",
                "kind": "mutex_lock",
                "resource": "d"
              },
              {
                "sid": "s1",
                "kind": "mutex_lock",
                "resource": "c"
              },
              {
                "sid": "s3",
                "kind": "mutex_unlock",
                "resource": "d"
              },
              {
                "sid": "s4",
                "kind": "mutex_unlock",
                "resource": "c"
              },
              {
                "sid": "s5",
                "kind": "return"
              }
            ]
          },
          {
            "name": "u2ba",
            "kind": "normal",
            "form": "closure",
            "body": [
              {
                "sid": "s1",
                "kind": "mutex_lock",
                "resource": "d"
              },
              {
                "sid": "s2",
                "kind": "mutex_lock",
                "resource": "c"
              },
              {
                "sid": "s3",
                "kind": "mutex_unlock",
                "resource": "c"
              },
              {
                "sid": "s4",
                "kind": "mutex_unlock",
                "resource": "d"
              },
              {
                "sid": "s5",
                "kind": "return"
              }
            ]
          },
          {
            "name": "u3ab",
            "kind": "normal",
            "form": "closure",
            "body": [
              {
                "sid": "s2",
                "kind": "mutex_lock",
                "resource": "f"
              },
              {
                "sid": "s1",
                "kind": "mutex_lock",
                "resource": "e"
              },
              {
                "sid": "s3",
                "kind": "mutex_unlock",
                "resource": "f"
              },
              {
                "sid": "s4",
                "kind": "mutex_unlock",
                "resource": "e"
              },
              {
                "sid": "s5",
                "kind": "return"
              }
            ]
          },
          {
            "name": "u3ba",
            "kind": "normal",
            "form": "closure",
            "body": [
              {
                "sid": "s1",
                "kind": "mutex_lock",
                "resource": "f"
              },
              {
                "sid": "s2",
                "kind": "mutex_lock",
                "resource": "e"
              },
              {
                "sid": "s3",
                "kind": "mutex_unlock",
                "resource": "e"
              },
              {
                "sid": "s4",
                "kind": "mutex_unlock",
                "resource": "f"
              },
              {
                "sid": "s5",
                "kind": "return"
              }
            ]
          }
        ]
      }
    ],
    "entry": "main::main"
  },
  "accepted_report": {
    "outcome": "PASS",
    "complete": true,
    "states_explored": 68923,
    "transitions_explored": 307625,
    "properties": [
      {
        "id": "no-deadlock",
        "outcome": "PASS",
        "detail": "no deadlock state reachable"
      },
      {
        "id": "preserved: main::u1ab completes",
        "outcome": "PASS",
        "detail": "preserved reachability: completed(f1)"
      },
      {
        "id": "preserved: main::u1ba completes",
        "outcome": "PASS",
        "detail": "preserved reachability: completed(f2)"
      },
      {
        "id": "preserved: main::u2ab completes",
        "outcome": "PASS",
        "detail": "preserved reachability: completed(f3)"
      },
      {
        "id": "preserved: main::u2ba completes",
        "outcome": "PASS",
        "detail": "preserved reachability: completed(f4)"
      },
      {
        "id": "preserved: main::u3ab completes",
        "outcome": "PASS",
        "detail": "preserved reachability: completed(f5)"
      },
      {
        "id": "preserved: main::u3ba completes",
        "outcome": "PASS",
        "detail": "preserved reachability: completed(f6)"
      }
    ],
    "diagnostics": [],
    "boundary_events": [],
    "unsupported": [],
    "invalid": [],
    "model_fingerprint": "5d008700eeaf9960",
    "contract_fingerprint": "d77beaef151c4a46",
    "assumptions": {
      "sequential_consistency": true,
      "no_spurious_wakeups": true
    },
    "bounds": {
      "max_threads": 16,
      "max_frames_per_thread": 16,
      "max_states": 200000,
      "max_depth": 128,
      "max_boundary_events": 512
    },
    "analysis_started": true
  },
  "outcome": "repaired",
  "stop_reason": "solved",
  "saw_unknown": false,
  "truncation": null,
  "counts": {
    "proposals": 53,
    "unique_candidate_programs": 28,
    "verification_calls": 28,
    "cache_hits": 26,
    "states_explored": 2298516,
    "nodes": 28
  },
  "reproduce": "concir-backend repair <program.json> <contract.json> --strategy b   # candidate_budget=64 verification_budget=64 max_depth=4 max_total_edits=4 bounds=AnalysisBounds { max_threads: 16, max_frames_per_thread: 16, max_states: 200000, max_depth: 128, max_boundary_events: 512 }"
}
